plate,row,column ,genotype,BZT,microbe,Salt,BZT,0.FN,2.FN,4.FN,6.FN,8.FN,10.FN,unfixed.error,note
1.I,A,1,Cdv,0,-,S,,2,3,4,5,6,7,,
1.I,A,2,Tph,0,-,S,,2,3,4,7,8,9,,
1.I,A,3,RgP,0,-,S,,1,2,2,2,4,6,,
1.I,A,4,Trr,0,-,S,,2,1,1,2,2,2,,
1.I,A,5,Okb,0,+,S,,2,3,3,5,8,9,,was meant to be minus-but became plus due to error ‚Äì swapped with row 2.A
1.I,A,6,Nnq,0,-,S,,1,1,0,1,1,1,,
1.I,B,1,Cdv,0,+,0,,3,5,5,7,9,10,,
1.I,B,2,Tph,0,+,0,,1,1,1,0,0,0,,
1.I,B,3,RgP,0,+,0,,2,2,2,2,3,2,,
1.I,B,4,Trr,0,+,0,,2,3,2,3,3,3,,
1.I,B,5,Okb,0,+,0,,3,3,5,7,7,7,,
1.I,B,6,Nnq,0,+,0,,1,2,2,2,1,1,,
1.I,C,1,Cdv,B,-,S,,1,2,2,4,4,4,,
1.I,C,2,Tph,B,-,S,,2,4,4,6,6,7,,
1.I,C,3,RgP,B,-,S,,1,1,1,1,1,0,,
1.I,C,4,Trr,B,-,S,,2,2,4,5,5,5,,
1.I,C,5,Okb,B,-,S,,2,3,3,4,4,6,,
1.I,C,6,Nnq,B,-,S,,2,3,3,3,1,2,,
1.I,D,1,Cdv,0,-,0,,2,2,2,4,4,5,,
1.I,D,2,Tph,0,-,0,,2,2,4,5,5,6,,
1.I,D,3,RgP,0,-,0,,3,3,3,3,2,2,,
1.I,D,4,Trr,0,-,0,,2,2,3,5,5,5,,
1.I,D,5,Okb,0,-,0,,2,3,4,5,8,12,,
1.I,D,6,Nnq,0,-,0,,2,2,3,2,2,2,,
1.II,A,1,Cdv,0,+,S,,2,2,3,5,6,8,,
1.II,A,2,Tph,0,+,S,,2,4,5,8,9,13,,
1.II,A,3,RgP,0,+,S,,2,2,2,1,1,0,,
1.II,A,4,Trr,0,+,S,,2,2,3,3,4,5,,
1.II,A,5,Okb,0,-,S,,2,2,3,3,5,7,,was meant to be plus-but became minus due to error ‚Äì swapped with row 1.A
1.II,A,6,Nnq,0,+,S,,2,2,2,2,1,2,,
1.II,B,1,Cdv,B,-,0,,3,2,3,4,5,7,,
1.II,B,2,Tph,B,-,0,,2,2,4,5,7,11,,
1.II,B,3,RgP,B,-,0,,2,2,4,5,5,7,,
1.II,B,4,Trr,B,-,0,,2,3,3,5,6,8,,
1.II,B,5,Okb,B,-,0,,2,3,3,4,8,11,,
1.II,B,6,Nnq,B,-,0,,2,2,2,6,2,2,,
1.II,C,1,Cdv,B,+,S,,3,3,3,6,6,11,,
1.II,C,2,Tph,B,+,S,,3,3,5,6,5,10,,
1.II,C,3,RgP,B,+,S,,2,2,2,1,1,1,,
1.II,C,4,Trr,B,+,S,,2,2,3,4,5,6,,
1.II,C,5,Okb,B,+,S,,1,2,2,4,5,10,,
1.II,C,6,Nnq,B,+,S,,2,2,2,2,2,2,,
1.II,D,1,Cdv,B,+,0,,3,3,2,4,5,7,,
1.II,D,2,Tph,B,+,0,,2,3,3,5,5,5,,
1.II,D,3,RgP,B,+,0,,2,2,3,3,4,4,,
1.II,D,4,Trr,B,+,0,,2,2,2,4,5,5,,
1.II,D,5,Okb,B,+,0,,1,2,2,3,4,6,,
1.II,D,6,Nnq,B,+,0,,3,2,2,2,2,2,,
2.I,A,1,Ars,0,+,0,,2,2,4,4,4,6,,
2.I,A,2,RdM,0,+,0,,2,3,4,6,7,11,,
2.I,A,3,Kls,0,+,0,,1,2,4,5,6,8,,
2.I,A,4,Cst,0,+,0,,2,3,4,5,8,12,,
2.I,A,5,Arb,0,+,0,,2,1,1,1,1,1,,
2.I,A,6,RgP,0,+,0,,2,4,6,7,7,11,,
2.I,B,1,Ars,B,+,S,,2,2,4,4,4,7,,
2.I,B,2,RdM,B,+,S,,4,6,5,8,8,9,,
2.I,B,3,Kls,B,+,S,,2,2,4,5,4,6,,
2.I,B,4,Cst,B,+,S,,1,2,4,4,5,2,,
2.I,B,5,Arb,B,+,S,,2,2,2,3,3,2,,
2.I,B,6,RgP,B,+,S,,3,3,3,3,3,3,,
2.I,C,1,Ars,B,+,0,,2,2,4,5,4,5,,
2.I,C,2,RdM,B,+,0,,2,2,4,5,5,5,,
2.I,C,3,Kls,B,+,0,,2,2,2,4,2,2,,
2.I,C,4,Cst,B,+,0,,2,2,4,4,5,5,,
2.I,C,5,Arb,B,+,0,,2,2,2,3,2,3,,
2.I,C,6,RgP,B,+,0,,2,2,2,4,2,2,,
2.I,D,1,Ars,B,-,S,,2,2,2,2,2,4,,
2.I,D,2,RdM,B,-,S,,2,2,4,5,5,5,,
2.I,D,3,Kls,B,-,S,,2,3,4,6,6,6,,
2.I,D,4,Cst,B,-,S,,2,2,2,4,4,3,,
2.I,D,5,Arb,B,-,S,,2,2,1,1,2,2,,
2.I,D,6,RgP,B,-,S,,2,2,4,2,3,4,,
2.II,A,1,Ars,B,-,0,,2,2,3,4,5,6,,
2.II,A,2,RdM,B,-,0,,2,3,3,3,4,5,,
2.II,A,3,Kls,B,-,0,,2,2,3,5,7,8,,
2.II,A,4,Cst,B,-,0,,2,2,3,4,4,6,,
2.II,A,5,Arb,B,-,0,,4,2,2,2,2,3,,
2.II,A,6,RgP,B,-,0,,2,2,2,2,2,2,,
2.II,B,1,Ars,0,-,S,,2,2,3,5,4,4,,
2.II,B,2,RdM,0,-,S,,3,4,5,8,9,8,,
2.II,B,3,Kls,0,-,S,,2,2,1,2,2,2,,
2.II,B,4,Cst,0,-,S,,1,2,2,4,4,5,,
2.II,B,5,Arb,0,-,S,,2,2,2,2,2,2,,
2.II,B,6,RgP,0,-,S,,2,2,4,5,5,5,,
2.II,C,1,Ars,0,-,0,,2,3,4,4,4,4,,
2.II,C,2,RdM,0,-,0,,2,4,4,6,6,5,,
2.II,C,3,Kls,0,-,0,,2,2,4,5,5,4,,
2.II,C,4,Cst,0,-,0,,2,1,1,1,2,1,,
2.II,C,5,Arb,0,-,0,,3,2,1,1,1,2,,
2.II,C,6,RgP,0,-,0,,2,2,3,3,3,3,,
2.II,D,1,Ars,0,+,S,,2,2,4,4,4,3,,
2.II,D,2,RdM,0,+,S,,2,3,5,6,6,6,,
2.II,D,3,Kls,0,+,S,,2,2,2,2,2,3,,
2.II,D,4,Cst,0,+,S,,2,2,3,4,5,6,,
2.II,D,5,Arb,0,+,S,,3,2,2,2,2,1,,
2.II,D,6,RgP,0,+,S,,2,3,3,4,5,5,,
3.I,A,1,AjD,0,-,0,,5,5,5,3,3,3,,
3.I,A,2,Dhl,0,-,0,,3,2,2,2,2,2,,
3.I,A,3,Cst,0,-,0,,2,2,2,4,5,7,,
3.I,A,4,Cst,0,-,0,,3,2,2,2,4,4,,
3.I,A,5,RgP,0,-,0,,2,2,1,2,2,1,,
3.I,A,6,Chr,0,-,0,,2,2,4,4,6,6,,
3.I,B,1,AjD,B,-,0,,2,2,2,2,2,2,,
3.I,B,2,Dhl,B,-,0,,2,2,2,2,2,1,,
3.I,B,3,Cst,B,-,0,,2,4,4,4,5,5,,
3.I,B,4,Cst,B,-,0,,3,3,4,4,2,3,,
3.I,B,5,RgP,B,-,0,,4,4,3,4,4,5,,
3.I,B,6,Chr,B,-,0,,4,4,4,4,6,7,,
3.I,C,1,AjD,B,+,S,,2,2,2,2,2,4,,
3.I,C,2,Dhl(Cst),B,+,S,,3,2,2,2,3,2,ERROR,received both Dhl and Cst though only Dhl intended
3.I,C,3,Cst,B,+,S,,3,2,4,4,6,5,,
3.I,C,4,Cst,B,+,S,,2,2,3,5,5,5,,
3.I,C,5,RgP,B,+,S,,2,2,2,2,2,3,,
3.I,C,6,Chr,B,+,S,,3,3,4,7,7,6,,
3.I,D,1,AjD,0,+,0,,1,2,2,2,2,2,,
3.I,D,2,Dhl,0,+,0,,2,2,2,4,4,2,,
3.I,D,3,Cst,0,+,0,,2,2,3,4,6,6,,
3.I,D,4,Cst,0,+,0,,2,2,3,3,3,3,,
3.I,D,5,RgP,0,+,0,,3,2,2,2,2,2,,
3.I,D,6,Chr,0,+,0,,2,2,2,0,0,0,,
3.II,A,1,AjD,0,+,S,,3,3,4,3,3,3,,
3.II,A,2,Dhl,0,+,S,,3,2,2,3,3,2,,
3.II,A,3,Cst,0,+,S,,2,2,2,4,4,5,,
3.II,A,4,Cst,0,+,S,,2,2,2,4,4,4,,
3.II,A,5,RgP,0,+,S,,3,2,2,2,3,2,,
3.II,A,6,Chr,0,+,S,,1,2,2,4,2,3,,
3.II,B,1,AjD,0,-,S,,2,3,2,3,2,2,,
3.II,B,2,Dhl,0,-,S,,3,3,5,5,5,4,,
3.II,B,3,Cst,0,-,S,,2,2,2,3,4,4,,
3.II,B,4,Cst,0,-,S,,2,2,3,3,4,4,,
3.II,B,5,RgP,0,-,S,,2,2,2,2,2,3,,
3.II,B,6,Chr,0,-,S,,2,4,4,4,4,4,,
3.II,C,1,AjD,B,-,S,,4,2,2,2,1,2,,
3.II,C,2,Dhl,B,-,S,,2,2,1,2,1,1,,
3.II,C,3,Cst,B,-,S,,2,4,5,6,6,6,,
3.II,C,4,Cst,B,-,S,,2,2,4,4,4,6,,
3.II,C,5,RgP,B,-,S,,3,2,3,3,3,4,,
3.II,C,6,Chr,B,-,S,,3,3,5,6,7,7,,
3.II,D,1,AjD,B,+,0,,3,5,5,2,2,4,,
3.II,D,2,Dhl,B,+,0,,1,2,2,3,3,4,,
3.II,D,3,Cst,B,+,0,,2,2,2,3,3,6,,
3.II,D,4,Cst,B,+,0,,2,2,3,4,5,7,,
3.II,D,5,RgP,B,+,0,,3,3,3,4,4,5,,
3.II,D,6,Chr,B,+,0,,2,3,2,4,4,4,,
4.I,A,1,Tgd,B,+,0,,2,2,4,6,6,8,,
4.I,A,2,ClD,B,+,0,,1,2,4,4,5,5,,
4.I,A,3,Cst,B,+,0,,2,3,3,6,7,7,,
4.I,A,4,Cmb,B,+,0,,2,2,4,6,4,5,,
4.I,A,5,KSR,B,+,0,,2,1,1,1,1,2,,
4.I,A,6,Cny,B,+,0,,3,4,6,7,7,7,,
4.I,B,1,Tgd,0,+,S,,2,2,4,5,8,9,,
4.I,B,2,ClD,0,+,S,,2,2,3,5,5,5,,
4.I,B,3,Cst,0,+,S,,2,2,2,2,4,4,,
4.I,B,4,Cmb,0,+,S,,2,2,2,3,3,5,,
4.I,B,5,KSR,0,+,S,,3,4,4,3,2,3,,
4.I,B,6,Cny,0,+,S,,2,2,2,2,2,3,,
4.I,C,1,Tgd,0,+,0,,2,2,4,5,6,6,,
4.I,C,2,ClD,0,+,0,,2,4,4,4,4,6,,
4.I,C,3,Cst,0,+,0,,3,3,4,5,5,5,,
4.I,C,4,Cmb,0,+,0,,1,2,1,1,1,1,,
4.I,C,5,KSR,0,+,0,,2,3,3,5,4,2,,
4.I,C,6,Cny,0,+,0,,3,3,2,3,2,3,,
4.I,D,1,Tgd,0,-,0,,1,2,4,5,7,7,,
4.I,D,2,ClD,0,-,0,,4,4,4,8,6,8,,
4.I,D,3,Cst,0,-,0,,2,2,1,2,2,2,,
4.I,D,4,Cmb,0,-,0,,2,2,2,4,6,6,,
4.I,D,5,KSR,0,-,0,,1,2,2,2,2,3,,
4.I,D,6,Cny,0,-,0,,2,2,1,1,2,2,,
4.II,A,1,Tgd,B,-,0,,6,5,5,6,9,9,,
4.II,A,2,ClD,B,-,0,,3,4,2,7,5,7,,
4.II,A,3,Cst,B,-,0,,2,2,2,4,5,6,,
4.II,A,4,Cmb,B,-,0,,1,2,3,4,4,4,,
4.II,A,5,KSR,B,-,0,,3,4,6,7,6,6,,
4.II,A,6,Cny,B,-,0,,1,2,2,2,2,3,,
4.II,B,1,Tgd,B,-,S,,2,2,3,2,6,7,,
4.II,B,2,ClD,B,-,S,,3,3,6,6,7,8,,
4.II,B,3,Cst,B,-,S,,2,2,3,6,7,8,,
4.II,B,4,Cmb,B,-,S,,2,2,2,5,4,5,,
4.II,B,5,KSR,B,-,S,,2,3,3,3,4,2,,
4.II,B,6,Cny,B,-,S,,2,2,3,3,2,2,,
4.II,C,1,Tgd,0,-,S,,3,3,4,5,7,9,,
4.II,C,2,ClD,0,-,S,,2,2,3,4,5,7,,
4.II,C,3,Cst,0,-,S,,2,2,2,4,4,4,,
4.II,C,4,Cmb,0,-,S,,2,2,3,4,4,7,,
4.II,C,5,KSR,0,-,S,,2,2,3,4,3,3,,
4.II,C,6,Cny,0,-,S,,2,2,3,3,4,4,,
4.II,D,1,Tgd,B,+,S,,2,2,2,4,4,5,,
4.II,D,2,ClD,B,+,S,,2,3,4,4,2,5,,
4.II,D,3,Cst,B,+,S,,2,2,1,2,2,2,,
4.II,D,4,Cmb,B,+,S,,2,2,3,4,7,8,,
4.II,D,5,KSR,B,+,S,,2,3,3,3,3,5,,
4.II,D,6,Cny,B,+,S,,1,2,2,4,4,4,,
5.I,A,1,AjW,B,-,S,,5,5,5,5,2,3,,
5.I,A,2,Swn,B,-,S,,2,3,2,2,3,3,,
5.I,A,3,Ars,B,-,S,,2,3,6,5,4,4,,
5.I,A,4,Tph,B,-,S,,2,2,3,3,4,5,,
5.I,A,5,Mck,B,-,S,,2,2,5,5,6,10,,
5.I,A,6,Lyt,B,-,S,,2,2,2,4,4,6,,
5.I,B,1,AjW,B,+,0,,3,3,4,4,3,3,,
5.I,B,2,Swn,B,+,0,,1,1,1,1,1,1,,
5.I,B,3,Ars,B,+,0,,2,2,2,2,2,2,,
5.I,B,4,Tph,B,+,0,,2,2,4,5,5,6,,
5.I,B,5,Mck,B,+,0,,1,1,1,1,2,2,,
5.I,B,6,Lyt,B,+,0,,2,2,3,4,5,8,,
5.I,C,1,AjW,B,-,0,,4,3,2,2,2,2,,
5.I,C,2,Swn,B,-,0,,2,2,2,4,4,2,,
5.I,C,3,Ars,B,-,0,,2,3,5,5,5,6,,
5.I,C,4,Tph,B,-,0,,2,3,2,4,5,5,,
5.I,C,5,Mck,B,-,0,,3,3,5,7,6,8,,
5.I,C,6,Lyt,B,-,0,,1,2,2,3,3,4,,
5.I,D,1,AjW,B,+,S,,3,3,5,10,6,8,,
5.I,D,2,Swn,B,+,S,,3,3,2,3,1,2,,
5.I,D,3,Ars,B,+,S,,3,2,3,5,3,4,,
5.I,D,4,Tph,B,+,S,,3,2,3,4,3,3,,
5.I,D,5,Mck,B,+,S,,3,2,2,2,2,2,,
5.I,D,6,Lyt,B,+,S,,2,2,4,6,10,14,,
5.II,A,1,AjW,0,-,0,,4,3,2,2,2,2,,
5.II,A,2,Swn,0,-,0,,2,2,1,2,2,3,,
5.II,A,3,Ars,0,-,0,,3,2,2,3,3,3,,
5.II,A,4,Tph,0,-,0,,2,3,3,4,5,8,,
5.II,A,5,Mck,0,-,0,,2,2,4,6,4,10,,
5.II,A,6,Lyt,0,-,0,,2,2,2,2,3,5,,
5.II,B,1,AjW,0,+,S,,3,3,3,4,3,2,,
5.II,B,2,Swn,0,+,S,,2,2,1,1,2,1,,
5.II,B,3,Ars,0,+,S,,2,2,2,3,6,3,,
5.II,B,4,Tph,0,+,S,,1,2,2,3,5,5,,
5.II,B,5,Mck,0,+,S,,1,1,1,1,1,3,,
5.II,B,6,Lyt,0,+,S,,2,2,2,4,6,9,,
5.II,C,1,AjW,0,-,S,,4,4,3,8,8,5,,
5.II,C,2,Swn,0,-,S,,1,1,2,1,1,1,,
5.II,C,3,Ars,0,-,S,,2,2,3,4,3,4,,
5.II,C,4,Tph,0,-,S,,1,2,2,5,7,9,,
5.II,C,5,Mck,0,-,S,,2,3,3,4,5,8,,
5.II,C,6,Lyt,0,-,S,,2,2,2,4,6,8,,
5.II,D,1,AjW,0,+,0,,3,4,2,4,2,3,,
5.II,D,2,Swn,0,+,0,,1,1,1,1,1,1,,
5.II,D,3,Ars,0,+,0,,3,3,3,4,3,5,,
5.II,D,4,Tph,0,+,0,,2,4,4,6,10,10,,
5.II,D,5,Mck,0,+,0,,1,2,2,2,2,2,,
5.II,D,6,Lyt,0,+,0,,3,3,3,4,7,7,,
6.I,A,1,Cny,0,+,0,,2,4,4,7,8,9,,
6.I,A,2,McT,0,+,0,,2,2,2,4,4,5,,
6.I,A,3,Arb,0,+,0,,2,2,2,1,2,1,,
6.I,A,4,Sgb,0,+,0,,3,2,3,2,2,2,,
6.I,A,5,ClD,0,+,0,,2,3,3,5,5,5,,
6.I,A,6,Wll,0,+,0,,2,2,2,4,3,4,,
6.I,B,1,Cny,B,-,0,,2,5,5,6,5,5,,
6.I,B,2,McT,B,-,0,,1,2,2,4,5,5,,
6.I,B,3,Arb,B,-,0,,3,3,2,2,2,2,,
6.I,B,4,Sgb,B,-,0,,2,3,2,2,3,3,,
6.I,B,5,ClD,B,-,0,,2,5,6,6,5,5,,
6.I,B,6,Wll,B,-,0,,2,3,3,3,4,4,,
6.I,C,1,Cny,B,-,S,,3,3,3,5,4,4,,
6.I,C,2,McT,B,-,S,,2,2,3,4,4,4,,
6.I,C,3,Arb,B,-,S,,4,4,4,3,3,4,,
6.I,C,4,Sgb,B,-,S,,2,2,2,1,1,1,,
6.I,C,5,ClD,B,-,S,,2,3,4,4,3,3,,
6.I,C,6,Wll,B,-,S,,3,2,2,4,4,4,,
6.I,D,1,Cny,0,-,S,,4,3,3,3,3,3,,
6.I,D,2,McT,0,-,S,,2,4,3,3,3,4,,
6.I,D,3,Arb,0,-,S,,4,4,4,3,3,3,,
6.I,D,4,Sgb,0,-,S,,2,2,2,2,3,3,,
6.I,D,5,ClD,0,-,S,,2,4,4,5,5,6,,
6.I,D,6,Wll,0,-,S,,2,2,4,5,5,3,,
6.II,A,1,Cny,0,-,0,,2,2,2,3,4,4,,
6.II,A,2,McT,0,-,0,,2,3,4,7,11,14,,
6.II,A,3,Arb,0,-,0,,3,3,2,2,2,2,,
6.II,A,4,Sgb,0,-,0,,2,3,1,1,1,1,,
6.II,A,5,ClD,0,-,0,,2,3,3,4,4,5,,
6.II,A,6,Wll,0,-,0,,3,4,6,9,8,9,,
6.II,B,1,Cny,B,+,S,,3,3,2,2,2,3,,
6.II,B,2,McT,B,+,S,,2,2,4,5,7,7,,
6.II,B,3,Arb,B,+,S,,2,2,2,1,1,2,,
6.II,B,4,Sgb,B,+,S,,1,1,1,1,1,1,,
6.II,B,5,ClD,B,+,S,,3,3,4,3,4,4,,
6.II,B,6,Wll,B,+,S,,2,2,4,5,5,5,,
6.II,C,1,Cny,B,+,0,,3,4,4,6,5,4,,
6.II,C,2,McT,B,+,0,,2,4,4,6,10,11,,
6.II,C,3,Arb,B,+,0,,2,2,3,2,2,2,,
6.II,C,4,Sgb,B,+,0,,1,2,2,2,2,1,,
6.II,C,5,ClD,B,+,0,,1,2,2,3,3,3,,
6.II,C,6,Wll,B,+,0,,2,2,4,6,6,6,,
6.II,D,1,Cny,0,+,S,,1,2,1,2,3,3,,
6.II,D,2,McT,0,+,S,,2,4,4,6,6,6,,
6.II,D,3,Arb,0,+,S,,2,2,2,4,4,2,,
6.II,D,4,Sgb,0,+,S,,4,4,4,4,4,3,,
6.II,D,5,ClD,0,+,S,,2,2,2,4,4,5,,
6.II,D,6,Wll,0,+,S,,2,2,2,3,3,3,,
7.I,A,1,Stn,0,-,0,,2,4,4,6,7,7,,
7.I,A,2,Cst,0,-,0,,2,3,3,6,6,8,,
7.I,A,3,Brc,0,-,0,,2,3,3,4,6,6,,
7.I,A,4,Stf,0,-,0,,3,3,2,2,2,2,,
7.I,A,5,McC,0,-,0,,4,3,6,5,5,6,,
7.I,A,6,WDf,0,-,0,,4,4,8,5,5,5,,
7.I,B,1,Stn,B,+,0,,3,3,3,5,5,3,,
7.I,B,2,Cst,B,+,0,,3,3,6,8,12,11,,
7.I,B,3,Brc,B,+,0,,3,4,5,5,7,5,,
7.I,B,4,Stf,B,+,0,,2,3,3,3,3,3,,
7.I,B,5,McC,B,+,0,,1,2,4,4,4,4,,
7.I,B,6,WDf,B,+,0,,3,3,4,4,4,3,,
7.I,C,1,Stn,B,-,0,,2,2,4,7,7,7,,
7.I,C,2,Cst,B,-,0,,2,2,4,5,6,6,,
7.I,C,3,Brc,B,-,0,,2,3,4,4,4,4,,
7.I,C,4,Stf,B,-,0,,2,2,2,1,1,1,,
7.I,C,5,McC,B,-,0,,1,2,4,4,5,4,,
7.I,C,6,WDf,B,-,0,,3,2,4,4,3,4,,
7.I,D,1,Stn,B,+,S,,4,4,4,4,5,5,,
7.I,D,2,Cst,B,+,S,,4,2,3,4,4,5,,
7.I,D,3,Brc,B,+,S,,2,2,3,2,2,2,,
7.I,D,4,Stf,B,+,S,,2,2,2,2,4,2,,
7.I,D,5,McC,B,+,S,,1,2,2,4,4,4,,
7.I,D,6,WDf,B,+,S,,1,2,3,4,4,5,,
7.II,A,1,Stn,0,+,0,,2,3,3,3,4,5,,
7.II,A,2,Cst,0,+,0,,2,4,4,9,10,12,,
7.II,A,3,Brc,0,+,0,,3,4,4,6,8,7,,
7.II,A,4,Stf,0,+,0,,3,3,3,1,3,2,,
7.II,A,5,McC,0,+,0,,2,3,4,4,4,4,,
7.II,A,6,WDf,0,+,0,,1,2,2,2,2,2,,
7.II,B,1,Stn,B,-,S,,2,2,2,4,4,5,,
7.II,B,2,Cst,B,-,S,,2,2,3,4,5,4,,
7.II,B,3,Brc,B,-,S,,2,3,3,4,4,4,,
7.II,B,4,Stf,B,-,S,,3,3,2,2,1,2,,
7.II,B,5,McC,B,-,S,,2,2,2,2,2,3,,
7.II,B,6,WDf,B,-,S,,2,2,3,2,2,2,,
7.II,C,1,Stn,0,-,S,,2,3,4,3,2,2,,
7.II,C,2,Cst,0,-,S,,2,4,5,8,8,8,,
7.II,C,3,Brc,0,-,S,,3,4,4,5,6,7,,
7.II,C,4,Stf,0,-,S,,3,3,3,2,2,2,,
7.II,C,5,McC,0,-,S,,2,3,3,3,3,5,,
7.II,C,6,WDf,0,-,S,,3,3,4,3,4,4,,
7.II,D,1,Stn,0,+,S,,2,2,3,5,6,8,,
7.II,D,2,Cst,0,+,S,,2,4,3,6,7,7,,
7.II,D,3,Brc,0,+,S,,2,2,2,4,4,4,,
7.II,D,4,Stf,0,+,S,,2,2,2,2,2,2,,
7.II,D,5,McC,0,+,S,,2,3,2,2,3,4,,
7.II,D,6,WDf,0,+,S,,2,2,2,2,2,2,,
8.I,A,1,Wld,B,+,0,,2,3,3,5,3,4,,
8.I,A,2,HBE,B,+,0,,2,4,7,5,6,4,,
8.I,A,3,RdM,B,+,0,,2,2,4,4,5,5,,
8.I,A,4,Dhl,B,+,0,,2,2,4,2,4,2,,
8.I,A,5,Lyt,B,+,0,,3,3,3,4,7,8,,
8.I,A,6,Cmb,B,+,0,,2,2,4,4,3,3,,
8.I,B,1,Wld,B,-,S,,2,2,3,4,4,4,,
8.I,B,2,HBE,B,-,S,,2,3,5,7,6,6,,
8.I,B,3,RdM,B,-,S,,3,4,4,4,5,6,,
8.I,B,4,Dhl,B,-,S,,2,2,3,2,2,2,,
8.I,B,5,Lyt,B,-,S,,2,2,3,4,7,7,,
8.I,B,6,Cmb,B,-,S,,2,2,3,4,5,4,,
8.I,C,1,Wld,0,-,0,,3,2,2,3,4,4,,
8.I,C,2,HBE,0,-,0,,2,4,4,6,7,7,,
8.I,C,3,RdM,0,-,0,,3,3,3,2,2,2,,
8.I,C,4,Dhl,0,-,0,,2,2,2,2,3,2,,
8.I,C,5,Lyt,0,-,0,,2,2,3,4,4,9,,
8.I,C,6,Cmb,0,-,0,,2,2,3,3,4,5,,
8.I,D,1,Wld,0,-,S,,2,2,2,3,3,4,,
8.I,D,2,HBE,0,-,S,,3,2,2,2,3,4,,
8.I,D,3,RdM,0,-,S,,2,2,2,5,4,6,,
8.I,D,4,Dhl,0,-,S,,2,3,3,3,3,2,,
8.I,D,5,Lyt,0,-,S,,2,2,4,4,6,11,,
8.I,D,6,Cmb,0,-,S,,2,2,3,5,5,8,,
8.II,A,1,Wld,0,+,S,,1,2,1,1,1,1,,
8.II,A,2,HBE,0,+,S,,3,3,3,3,3,5,,
8.II,A,3,RdM,0,+,S,,1,2,2,4,4,4,,
8.II,A,4,Dhl,0,+,S,,2,2,2,3,2,2,,
8.II,A,5,Lyt,0,+,S,,2,2,2,5,7,7,,
8.II,A,6,Cmb,0,+,S,,1,2,2,4,3,4,,
8.II,B,1,Wld,B,+,S,,2,2,3,4,4,4,,
8.II,B,2,HBE,B,+,S,,2,2,1,2,2,2,,
8.II,B,3,RdM,B,+,S,,2,3,3,4,4,3,,
8.II,B,4,Dhl,B,+,S,,3,4,4,5,4,3,,
8.II,B,5,Lyt,B,+,S,,1,2,3,4,6,9,,
8.II,B,6,Cmb,B,+,S,,2,2,2,2,3,3,,
8.II,C,1,Wld,0,+,0,,1,2,2,2,3,2,,
8.II,C,2,HBE,0,+,0,,2,3,2,2,3,3,,
8.II,C,3,RdM,0,+,0,,3,4,5,4,4,6,,
8.II,C,4,Dhl,0,+,0,,2,2,4,4,4,4,,
8.II,C,5,Lyt,0,+,0,,3,4,5,6,6,10,,
8.II,C,6,Cmb,0,+,0,,3,2,4,4,4,4,,
8.II,D,1,Wld,B,-,0,,2,4,4,5,5,5,,
8.II,D,2,HBE,B,-,0,,3,2,4,4,6,5,,
8.II,D,3,RdM,B,-,0,,2,2,4,4,9,9,,
8.II,D,4,Dhl,B,-,0,,2,4,3,4,4,5,,
8.II,D,5,Lyt,B,-,0,,2,3,2,4,5,7,,
8.II,D,6,Cmb,B,-,0,,1,2,2,4,7,7,,
9.I,A,1,AjW,B,+,S,,2,2,2,2,2,3,,col order of entire plate changed from original design due to error and swap correction
9.I,A,2,Cdv,B,+,S,,1,2,2,4,4,4,,col order of entire plate changed from original design due to error and swap correction
9.I,A,3,Mck,B,+,S,,2,2,2,2,2,2,,col order of entire plate changed from original design due to error and swap correction
9.I,A,4,Mck,B,+,S,,3,3,2,2,2,3,,col order of entire plate changed from original design due to error and swap correction
9.I,A,5,Stn,B,+,S,,2,2,2,2,2,3,,col order of entire plate changed from original design due to error and swap correction
9.I,A,6,Lgy,B,+,S,,2,2,4,4,5,5,,col order of entire plate changed from original design due to error and swap correction
9.I,B,1,AjW,B,-,0,,4,4,4,6,7,7,,col order of entire plate changed from original design due to error and swap correction
9.I,B,2,Cdv,B,-,0,,2,2,1,1,1,1,,col order of entire plate changed from original design due to error and swap correction
9.I,B,3,Mck,B,-,0,,1,2,2,4,4,4,,col order of entire plate changed from original design due to error and swap correction
9.I,B,4,Mck,B,-,0,,2,2,3,3,2,3,,col order of entire plate changed from original design due to error and swap correction
9.I,B,5,Stn,B,-,0,,2,2,4,5,4,6,,col order of entire plate changed from original design due to error and swap correction
9.I,B,6,Lgy,B,-,0,,2,2,2,3,3,3,,col order of entire plate changed from original design due to error and swap correction
9.I,C,1,AjW,0,-,S,,4,4,3,3,3,4,,col order of entire plate changed from original design due to error and swap correction
9.I,C,2,Cdv,0,-,S,,2,2,3,3,6,6,,col order of entire plate changed from original design due to error and swap correction
9.I,C,3,Mck,0,-,S,,2,2,4,4,4,6,,col order of entire plate changed from original design due to error and swap correction
9.I,C,4,Mck,0,-,S,,1,2,2,3,5,7,,col order of entire plate changed from original design due to error and swap correction
9.I,C,5,Stn,0,-,S,,3,3,2,4,4,5,,col order of entire plate changed from original design due to error and swap correction
9.I,C,6,Lgy,0,-,S,,2,2,1,2,2,3,,col order of entire plate changed from original design due to error and swap correction
9.I,D,1,AjW,0,-,0,,2,4,3,2,2,2,,col order of entire plate changed from original design due to error and swap correction
9.I,D,2,Cdv,0,-,0,,2,4,3,4,4,4,,col order of entire plate changed from original design due to error and swap correction
9.I,D,3,Mck,0,-,0,,2,2,2,2,2,4,,col order of entire plate changed from original design due to error and swap correction
9.I,D,4,Mck,0,-,0,,2,3,2,3,3,6,,col order of entire plate changed from original design due to error and swap correction
9.I,D,5,Stn,0,-,0,,2,2,4,5,7,10,,col order of entire plate changed from original design due to error and swap correction
9.I,D,6,Lgy,0,-,0,,2,2,2,2,2,3,,col order of entire plate changed from original design due to error and swap correction
9.II,A,1,AjW,0,+,0,,3,3,3,3,1,1,,col order of entire plate changed from original design due to error and swap correction
9.II,A,2,Cdv,0,+,0,,2,2,3,3,8,9,,col order of entire plate changed from original design due to error and swap correction
9.II,A,3,Mck,0,+,0,,2,1,1,1,1,1,,col order of entire plate changed from original design due to error and swap correction
9.II,A,4,Mck,0,+,0,,2,2,1,1,1,1,,col order of entire plate changed from original design due to error and swap correction
9.II,A,5,Stn,0,+,0,,2,2,3,5,6,8,,col order of entire plate changed from original design due to error and swap correction
9.II,A,6,Lgy,0,+,0,,1,2,1,4,4,4,,col order of entire plate changed from original design due to error and swap correction
9.II,B,1,AjW,B,+,0,,2,3,2,4,4,4,,col order of entire plate changed from original design due to error and swap correction
9.II,B,2,Cdv,B,+,0,,2,2,2,3,3,4,,col order of entire plate changed from original design due to error and swap correction
9.II,B,3,Mck,B,+,0,,2,2,2,1,1,1,,col order of entire plate changed from original design due to error and swap correction
9.II,B,4,Mck,B,+,0,,2,2,2,2,1,1,,col order of entire plate changed from original design due to error and swap correction
9.II,B,5,Stn,B,+,0,,1,1,1,1,1,1,,col order of entire plate changed from original design due to error and swap correction
9.II,B,6,Lgy,B,+,0,,3,3,4,5,5,4,,col order of entire plate changed from original design due to error and swap correction
9.II,C,1,AjW,0,+,S,,3,4,4,5,6,8,,col order of entire plate changed from original design due to error and swap correction
9.II,C,2,Cdv,0,+,S,,2,3,4,5,5,12,,col order of entire plate changed from original design due to error and swap correction
9.II,C,3,Mck,0,+,S,,1,2,2,2,2,2,,col order of entire plate changed from original design due to error and swap correction
9.II,C,4,Mck,0,+,S,,2,2,2,2,2,1,,col order of entire plate changed from original design due to error and swap correction
9.II,C,5,Stn,0,+,S,,1,2,2,2,2,2,,col order of entire plate changed from original design due to error and swap correction
9.II,C,6,Lgy,0,+,S,,2,3,3,3,4,5,,col order of entire plate changed from original design due to error and swap correction
9.II,D,1,AjW,B,-,S,,2,3,2,4,3,4,,col order of entire plate changed from original design due to error and swap correction
9.II,D,2,Cdv,B,-,S,,2,2,2,3,4,6,,col order of entire plate changed from original design due to error and swap correction
9.II,D,3,Mck,B,-,S,,1,2,2,4,5,8,,col order of entire plate changed from original design due to error and swap correction
9.II,D,4,Mck,B,-,S,,1,2,2,4,5,7,,col order of entire plate changed from original design due to error and swap correction
9.II,D,5,Stn,B,-,S,,2,2,2,1,2,2,,col order of entire plate changed from original design due to error and swap correction
9.II,D,6,Lgy,B,-,S,,2,2,3,4,4,6,,col order of entire plate changed from original design due to error and swap correction
10.I,A,1,WDf,B,-,0,,2,2,2,4,4,6,,
10.I,A,2,CnP,B,+,0,,2,2,4,5,6,7,,swapped to plus from minus in experiment setup error
10.I,A,3,Chr,B,-,0,,1,2,2,4,4,5,,
10.I,A,4,AjW,B,-,0,,2,2,2,4,4,3,,
10.I,A,5,Aqt,B,-,0,,2,3,5,5,5,5,,
10.I,A,6,AjD,B,-,0,,2,2,2,4,4,3,,
10.I,B,1,WDf,B,+,0,,3,3,3,3,4,3,,
10.I,B,2,CnP,B,-,0,,2,2,3,6,5,5,,swapped to minus from plus in experiment to account for error
10.I,B,3,Chr,B,+,0,,1,2,2,4,4,4,,
10.I,B,4,AjW,B,+,0,,2,2,3,1,3,2,,
10.I,B,5,Aqt,B,+,0,,1,2,2,3,4,4,,
10.I,B,6,AjD,B,+,0,,2,2,2,2,3,3,,
10.I,C,1,WDf,0,+,0,,2,2,2,2,2,2,,
10.I,C,2,CnP,0,+,0,,2,2,2,3,3,5,,
10.I,C,3,Chr,0,+,0,,1,2,4,4,4,5,,
10.I,C,4,AjW,0,+,0,,2,2,4,4,1,2,,
10.I,C,5,Aqt,0,+,0,,2,2,2,2,1,2,,
10.I,C,6,AjD,0,+,0,,3,3,5,2,2,2,,
10.I,D,1,WDf,0,+,S,,1,2,2,2,1,1,,
10.I,D,2,CnP,0,+,S,,2,2,3,5,5,7,,
10.I,D,3,Chr,0,+,S,,1,2,2,4,4,4,,
10.I,D,4,AjW,0,+,S,,3,4,4,3,3,4,,
10.I,D,5,Aqt,0,+,S,,4,3,3,3,3,3,,
10.I,D,6,AjD,0,+,S,,4,4,4,5,5,5,,
10.II,A,1,WDf,B,-,S,,2,2,3,2,2,3,,
10.II,A,2,CnP,B,-,S,,2,2,3,4,7,8,,
10.II,A,3,Chr,B,-,S,,2,2,3,6,6,6,,
10.II,A,4,AjW,B,-,S,,3,2,3,3,3,3,,
10.II,A,5,Aqt,B,-,S,,2,2,2,1,0,0,,
10.II,A,6,AjD,B,-,S,,3,2,3,4,4,4,,
10.II,B,1,WDf,0,-,S,,2,2,3,3,3,4,,
10.II,B,2,CnP,0,-,S,,2,2,2,3,4,6,,
10.II,B,3,Chr,0,-,S,,2,3,4,6,7,8,,
10.II,B,4,AjW,0,-,S,,2,2,2,2,2,2,,
10.II,B,5,Aqt,0,-,S,,2,1,1,1,1,1,,
10.II,B,6,AjD,0,-,S,,6,6,3,3,3,3,,
10.II,C,1,WDf,0,-,0,,2,2,2,3,6,5,,
10.II,C,2,CnP,0,-,0,,2,3,2,2,5,5,,
10.II,C,3,Chr,0,-,0,,3,4,7,7,8,8,,
10.II,C,4,AjW,0,-,0,,3,6,4,4,4,5,,
10.II,C,5,Aqt,0,-,0,,3,2,3,3,3,4,,
10.II,C,6,AjD,0,-,0,,4,5,5,5,3,4,,
10.II,D,1,WDf,B,+,S,,2,1,2,2,2,3,,
10.II,D,2,CnP,B,+,S,,2,3,3,7,8,10,,
10.II,D,3,Chr,B,+,S,,2,2,2,2,3,3,,
10.II,D,4,AjW,B,+,S,,3,3,3,3,3,4,,
10.II,D,5,Aqt,B,+,S,,1,1,2,2,0,0,,
10.II,D,6,AjD,B,+,S,,2,2,4,2,2,2,,
11.I,A,1,Lyt,0,+,0,,2,2,5,5,8,11,,
11.I,A,2,Stn,0,+,0,,2,3,5,6,8,8,,
11.I,A,3,Grn,0,+,0,,2,3,3,3,2,2,,
11.I,A,4,Stf,0,+,0,,3,2,4,2,2,2,,
11.I,A,5,Brk,0,+,0,,2,2,2,2,1,2,,
11.I,A,6,McT,0,+,0,,2,4,5,7,9,9,,
11.I,B,1,Lyt,B,-,0,,2,2,5,5,7,7,,
11.I,B,2,Stn,B,-,0,,2,3,6,6,5,6,,
11.I,B,3,Grn,B,-,0,,2,2,2,2,2,2,,
11.I,B,4,Stf,B,-,0,,3,2,3,3,3,2,,
11.I,B,5,Brk,B,-,0,,2,3,3,3,4,3,,
11.I,B,6,McT,B,-,0,,2,2,3,4,4,4,,
11.I,C,1,Lyt,B,-,S,,2,3,5,5,7,7,,
11.I,C,2,Stn,B,-,S,,3,3,3,3,2,3,,
11.I,C,3,Grn,B,-,S,,2,1,1,1,1,1,,
11.I,C,4,Stf,B,-,S,,1,1,1,1,0,0,,
11.I,C,5,Brk,B,-,S,,4,4,5,5,5,5,,
11.I,C,6,McT,B,-,S,,2,2,4,4,6,5,,
11.I,D,1,Lyt,B,+,S,,2,2,2,2,2,2,,
11.I,D,2,Stn,B,+,S,,2,1,1,1,1,1,,
11.I,D,3,Grn,B,+,S,,3,3,4,3,3,3,,
11.I,D,4,Stf,B,+,S,,3,2,3,2,3,2,,
11.I,D,5,Brk,B,+,S,,2,2,1,0,0,0,,
11.I,D,6,McT,B,+,S,,2,2,2,4,4,5,,
11.II,A,1,Lyt,B,+,0,,2,3,4,5,9,9,,
11.II,A,2,Stn,B,+,0,,2,2,3,4,5,5,,
11.II,A,3,Grn,B,+,0,,3,3,4,4,4,4,,
11.II,A,4,Stf,B,+,0,,2,2,2,1,3,1,,
11.II,A,5,Brk,B,+,0,,2,3,3,3,1,3,,
11.II,A,6,McT,B,+,0,,2,2,2,4,5,5,,
11.II,B,1,Lyt,0,-,0,,2,3,3,5,6,6,,
11.II,B,2,Stn,0,-,0,,2,2,2,2,2,2,,
11.II,B,3,Grn,0,-,0,,1,1,1,1,1,1,,
11.II,B,4,Stf,0,-,0,,2,2,3,3,3,2,,
11.II,B,5,Brk,0,-,0,,3,3,5,5,4,4,,
11.II,B,6,McT,0,-,0,,2,3,4,5,4,6,,
11.II,C,1,Lyt,0,+,S,,2,2,2,3,3,3,,
11.II,C,2,Stn,0,+,S,,3,3,3,3,4,3,,
11.II,C,3,Grn,0,+,S,,2,3,3,1,1,0,,
11.II,C,4,Stf,0,+,S,,3,3,3,3,1,1,,
11.II,C,5,Brk,0,+,S,,2,2,2,2,1,1,,
11.II,C,6,McT,0,+,S,,2,3,3,3,2,2,,
11.II,D,1,Lyt,0,-,S,,5,6,5,5,6,8,,
11.II,D,2,Stn,0,-,S,,2,2,4,4,1,5,,
11.II,D,3,Grn,0,-,S,,2,2,4,4,3,4,,
11.II,D,4,Stf,0,-,S,,4,3,3,3,3,2,,
11.II,D,5,Brk,0,-,S,,2,4,6,3,3,3,,
11.II,D,6,McT,0,-,S,,3,3,5,5,5,7,,
12.I,A,1,Arb,B,-,0,,3,3,3,3,2,3,,
12.I,A,2,Chr,B,-,0,,2,3,4,6,6,5,,
12.I,A,3,Cmb,B,-,0,,2,2,3,5,5,4,,
12.I,A,4,LnH,B,-,0,,3,3,3,3,3,3,,
12.I,A,5,Wlp,B,-,0,,2,2,2,2,2,3,,
12.I,A,6,Mnt,B,-,0,,1,2,2,3,3,4,,
12.I,B,1,Arb,B,+,0,,2,2,2,2,2,2,,
12.I,B,2,Chr,B,+,0,,2,4,4,6,3,3,,
12.I,B,3,Cmb,B,+,0,,2,3,2,5,3,2,,
12.I,B,4,LnH,B,+,0,,2,2,3,2,2,2,,
12.I,B,5,Wlp,B,+,0,,2,2,4,4,3,3,,
12.I,B,6,Mnt,B,+,0,,3,3,4,4,2,2,,
12.I,C,1,Arb,B,-,S,,3,2,3,2,2,3,,
12.I,C,2,Chr,B,-,S,,4,4,8,8,5,7,,
12.I,C,3,Cmb,B,-,S,,3,4,6,9,7,7,,
12.I,C,4,LnH,B,-,S,,3,2,3,3,3,2,,
12.I,C,5,Wlp,B,-,S,,2,2,2,2,3,2,,
12.I,C,6,Mnt,B,-,S,,3,3,3,3,2,2,,
12.I,D,1,Arb,0,-,S,,2,2,2,2,4,2,,
12.I,D,2,Chr,0,-,S,,3,6,6,9,6,7,,
12.I,D,3,Cmb,0,-,S,,3,4,6,6,5,6,,
12.I,D,4,LnH,0,-,S,,2,2,2,4,3,3,,
12.I,D,5,Wlp,0,-,S,,3,2,3,4,3,3,,
12.I,D,6,Mnt,0,-,S,,1,2,2,2,2,3,,
12.II,A,1,Arb,0,-,0,,4,3,3,4,3,4,,
12.II,A,2,Chr,0,-,0,,2,3,5,5,4,5,,
12.II,A,3,Cmb,0,-,0,,2,2,2,3,4,4,,
12.II,A,4,LnH,0,-,0,,3,3,4,3,3,3,,
12.II,A,5,Wlp,0,-,0,,2,3,3,5,3,4,,
12.II,A,6,Mnt,0,-,0,,2,2,3,2,3,3,,
12.II,B,1,Arb,0,+,0,,1,1,1,1,1,1,,
12.II,B,2,Chr,0,+,0,,2,2,2,4,3,3,,
12.II,B,3,Cmb,0,+,0,,3,4,6,10,10,9,,
12.II,B,4,LnH,0,+,0,,2,2,2,2,1,2,,
12.II,B,5,Wlp,0,+,0,,2,2,1,1,2,2,,
12.II,B,6,Mnt,0,+,0,,2,3,3,4,2,3,,
12.II,C,1,Arb,B,+,S,,3,2,3,3,3,2,,
12.II,C,2,Chr,B,+,S,,2,2,2,4,5,5,,
12.II,C,3,Cmb,B,+,S,,2,3,4,5,3,4,,
12.II,C,4,LnH,B,+,S,,2,2,2,1,2,1,,
12.II,C,5,Wlp,B,+,S,,3,3,3,3,3,3,,
12.II,C,6,Mnt,B,+,S,,2,3,5,5,5,5,,
12.II,D,1,Arb,0,+,S,,3,3,3,3,2,2,,
12.II,D,2,Chr,0,+,S,,1,2,2,5,5,6,,
12.II,D,3,Cmb,0,+,S,,2,3,3,4,5,5,,
12.II,D,4,LnH,0,+,S,,2,2,2,2,4,3,,
12.II,D,5,Wlp,0,+,S,,2,4,6,6,6,6,,
12.II,D,6,Mnt,0,+,S,,1,2,2,4,2,2,,
13.I,A,1,Lgy,0,-,S,,2,2,4,5,5,6,,
13.I,A,2,Stn,0,-,S,,2,2,2,2,2,2,,became Stn from Mnt in setup error
13.I,A,3,Grn,0,-,S,,2,2,2,3,3,2,,became Grn from ClD in setup error
13.I,A,4,Swn,0,-,S,,2,1,1,1,1,1,,
13.I,A,5,Okb,0,-,S,,2,3,3,4,4,4,,
13.I,A,6,Trr,0,-,S,,4,4,8,9,8,8,,
13.I,B,1,Lgy,0,-,0,,2,2,2,3,3,3,,
13.I,B,2,Stn,0,-,0,,2,2,2,2,2,2,,became Stn from Mnt in setup error
13.I,B,3,Grn,0,-,0,,2,2,2,3,3,3,,became Grn from ClD in setup error
13.I,B,4,Swn,0,-,0,,2,2,2,1,1,1,,
13.I,B,5,Okb,0,-,0,,3,3,2,4,3,3,,
13.I,B,6,Trr,0,-,0,,2,2,6,7,7,6,,
13.I,C,1,Lgy,B,+,0,,2,2,2,5,4,4,,became plus microbe in setup error
13.I,C,2,Stn,B,-,0,,3,2,5,6,7,7,,became Stn from Mnt in setup error
13.I,C,3,Grn,B,-,0,,2,2,3,2,2,2,,became Grn from ClD in setup error
13.I,C,4,Swn,B,-,0,,2,2,2,1,2,1,,
13.I,C,5,Okb,B,-,0,,3,3,3,4,4,3,,
13.I,C,6,Trr,B,-,0,,4,6,6,6,5,4,,
13.I,D,1,Lgy,0,+,0,,3,4,4,5,5,5,,
13.I,D,2,Stn,0,+,0,,2,1,1,2,3,4,,became Stn from Mnt in setup error
13.I,D,3,Grn,0,+,0,,2,2,3,3,6,3,,became Grn from ClD in setup error
13.I,D,4,Swn,0,+,0,,3,3,3,3,2,1,,
13.I,D,5,Okb,0,+,0,,4,4,6,9,10,10,,
13.I,D,6,Trr,0,+,0,,2,2,2,4,3,5,,
13.II,A,1,Lgy,B,+,S,,2,2,3,5,5,4,,
13.II,A,2,Stn,B,+,S,,1,2,2,4,5,8,,became Stn from Mnt in setup error
13.II,A,3,Grn,B,+,S,,2,2,2,3,0,0,,became Grn from ClD in setup error
13.II,A,4,Swn,B,+,S,,1,2,2,2,1,1,,
13.II,A,5,Okb,B,+,S,,2,2,1,2,1,1,,
13.II,A,6,Trr,B,+,S,,2,3,4,7,5,7,,
13.II,B,1,Lgy,B,-,S,,2,2,4,4,3,3,,
13.II,B,2,Stn,B,-,S,,3,2,2,2,2,3,,became Stn from Mnt in setup error
13.II,B,3,Grn,B,-,S,,2,2,2,2,2,0,,became Grn from ClD in setup error
13.II,B,4,Swn,B,-,S,,2,2,2,2,2,2,,
13.II,B,5,Okb,B,-,S,,2,3,3,5,7,6,,
13.II,B,6,Trr,B,-,S,,2,2,4,5,5,3,,
13.II,C,1,Lgy,0,+,S,,2,2,2,3,4,4,,
13.II,C,2,Stn,0,+,S,,2,2,2,2,1,1,,became Stn from Mnt in setup error
13.II,C,3,Grn,0,+,S,,2,2,2,2,1,1,,became Grn from ClD in setup error
13.II,C,4,Swn,0,+,S,,2,2,2,2,2,1,,
13.II,C,5,Okb,0,+,S,,3,4,4,7,8,7,,
13.II,C,6,Trr,0,+,S,,2,3,4,4,4,3,,
13.II,D,1,Lgy,B,+,0,,3,4,3,6,6,4,,
13.II,D,2,Stn,B,+,0,,3,2,1,2,2,1,,became Stn from Mnt in setup error
13.II,D,3,Grn,B,+,0,,2,2,1,3,3,1,,became Grn from ClD in setup error
13.II,D,4,Swn,B,+,0,,1,1,1,1,1,0,,
13.II,D,5,Okb,B,+,0,,4,4,2,3,3,2,,
13.II,D,6,Trr,B,+,0,,3,2,3,4,5,4,,
14.I,A,1,Brk,B,-,0,,2,3,3,6,6,3,,
14.I,A,2,Tgd,B,-,0,,2,3,5,5,5,6,,
14.I,A,3,Nnq,B,-,0,,2,2,1,1,2,2,,
14.I,A,4,Aqt,B,-,0,,2,2,3,3,5,6,,
14.I,A,5,Wld,B,-,0,,3,3,4,4,7,9,,
14.I,A,6,AjW,B,-,0,,2,2,2,4,4,2,,
14.I,B,1,Brk,B,+,S,,3,3,2,5,4,5,,
14.I,B,2,Tgd,B,+,S,,3,3,3,5,6,6,,
14.I,B,3,Nnq,B,+,S,,2,2,2,2,2,2,,
14.I,B,4,Aqt,B,+,S,,2,2,4,4,4,6,,
14.I,B,5,Wld,B,+,S,,4,4,6,7,9,9,,
14.I,B,6,AjW,B,+,S,,2,2,4,4,3,3,,
14.I,C,1,Brk,B,-,S,,2,3,2,3,3,2,,
14.I,C,2,Tgd,B,-,S,,2,2,2,1,1,1,,
14.I,C,3,Nnq,B,-,S,,2,2,3,3,3,2,,
14.I,C,4,Aqt,B,-,S,,4,3,3,6,5,5,,
14.I,C,5,Wld,B,-,S,,2,3,2,3,2,6,,
14.I,C,6,AjW,B,-,S,,2,2,3,3,2,3,,
14.I,D,1,Brk,0,+,S,,2,2,3,1,2,2,,
14.I,D,2,Tgd,0,+,S,,2,3,3,5,4,4,,
14.I,D,3,Nnq,0,+,S,,2,2,2,2,2,2,,
14.I,D,4,Aqt,0,+,S,,5,5,4,6,7,4,,
14.I,D,5,Wld,0,+,S,,2,2,3,3,2,6,,
14.I,D,6,AjW,0,+,S,,3,3,3,3,3,2,,
14.II,A,1,Brk,0,-,0,,2,3,2,2,3,4,,
14.II,A,2,Tgd,0,-,0,,2,3,4,6,9,9,,
14.II,A,3,Nnq,0,-,0,,1,1,0,0,0,0,,
14.II,A,4,Aqt,0,-,0,,2,3,4,3,3,4,,
14.II,A,5,Wld,0,-,0,,3,3,3,5,8,8,,
14.II,A,6,AjW,0,-,0,,2,2,3,3,4,5,,
14.II,B,1,Brk,0,+,0,,3,3,3,3,4,6,,
14.II,B,2,Tgd,0,+,0,,3,3,3,3,4,5,,
14.II,B,3,Nnq,0,+,0,,2,2,2,2,2,2,,
14.II,B,4,Aqt,0,+,0,,2,2,3,2,3,3,,
14.II,B,5,Wld,0,+,0,,4,6,4,3,3,3,,
14.II,B,6,AjW,0,+,0,,3,2,2,2,2,1,,
14.II,C,1,Brk,0,-,S,,2,2,4,3,3,3,,
14.II,C,2,Tgd,0,-,S,,2,2,4,6,5,5,,
14.II,C,3,Nnq,0,-,S,,2,2,2,1,1,1,,
14.II,C,4,Aqt,0,-,S,,2,2,2,2,1,2,,
14.II,C,5,Wld,0,-,S,,2,2,2,3,3,3,,
14.II,C,6,AjW,0,-,S,,3,5,5,5,5,5,,
14.II,D,1,Brk,B,+,0,,2,2,2,3,2,5,,
14.II,D,2,Tgd,B,+,0,,2,3,3,6,7,7,,
14.II,D,3,Nnq,B,+,0,,3,2,2,2,2,2,,
14.II,D,4,Aqt,B,+,0,,2,2,2,3,3,3,,
14.II,D,5,Wld,B,+,0,,3,4,3,3,3,4,,
14.II,D,6,AjW,B,+,0,,2,3,1,2,2,2,,
15.I,A,1,Cmb,B,+,0,,3,3,3,4,5,5,,
15.I,A,2,Wll,B,+,0,,2,2,2,3,4,4,,
15.I,A,3,ClD,B,+,0,,2,2,3,4,7,9,,
15.I,A,4,Dhl,B,+,0,,3,3,2,2,3,2,,
15.I,A,5,SHB,B,+,0,,2,2,1,3,6,8,,
15.I,A,6,Stf,B,+,0,,2,2,2,2,2,2,,
15.I,B,1,Cmb,0,-,0,,2,4,4,6,6,8,,
15.I,B,2,Wll,0,-,0,,2,3,3,3,3,4,,
15.I,B,3,ClD,0,-,0,,1,2,3,4,4,5,,
15.I,B,4,Dhl,0,-,0,,2,2,2,2,1,1,,
15.I,B,5,SHB,0,-,0,,2,3,4,5,4,6,,
15.I,B,6,Stf,0,-,0,,3,3,3,4,4,4,,
15.I,C,1,Cmb,B,-,0,,2,2,3,3,2,2,,
15.I,C,2,Wll,B,-,0,,2,3,4,4,4,4,,
15.I,C,3,ClD,B,-,0,,3,3,3,4,5,5,,
15.I,C,4,Dhl,B,-,0,,3,3,1,1,1,1,,
15.I,C,5,SHB,B,-,0,,2,3,2,3,3,3,,
15.I,C,6,Stf,B,-,0,,5,5,5,5,2,3,,
15.I,D,1,Cmb,0,+,0,,2,4,4,8,8,8,,
15.I,D,2,Wll,0,+,0,,3,4,4,4,4,4,,
15.I,D,3,ClD,0,+,0,,3,2,3,3,4,3,,
15.I,D,4,Dhl,0,+,0,,3,3,2,2,2,2,,
15.I,D,5,SHB,0,+,0,,2,3,3,2,3,3,,
15.I,D,6,Stf,0,+,0,,2,2,2,1,2,2,,
15.II,A,1,Cmb,B,-,S,,2,4,4,8,8,7,,
15.II,A,2,Wll,B,-,S,,1,2,3,6,5,4,,
15.II,A,3,ClD,B,-,S,,2,2,2,2,2,2,,
15.II,A,4,Dhl,B,-,S,,3,2,3,2,4,3,,
15.II,A,5,SHB,B,-,S,,2,2,2,3,4,4,,
15.II,A,6,Stf,B,-,S,,2,2,2,2,2,2,,
15.II,B,1,Cmb,B,+,S,,2,2,3,3,2,3,,
15.II,B,2,Wll,B,+,S,,2,4,4,4,4,4,,
15.II,B,3,ClD,B,+,S,,2,2,3,4,3,5,,
15.II,B,4,Dhl,B,+,S,,3,4,4,4,4,4,,
15.II,B,5,SHB,B,+,S,,2,3,3,3,5,5,,
15.II,B,6,Stf,B,+,S,,3,3,3,1,1,1,,
15.II,C,1,Cmb,0,+,S,,2,4,4,6,6,6,,
15.II,C,2,Wll,0,+,S,,4,4,6,6,5,5,,
15.II,C,3,ClD,0,+,S,,2,3,3,3,3,2,,
15.II,C,4,Dhl,0,+,S,,2,2,1,1,1,2,,
15.II,C,5,SHB,0,+,S,,1,2,2,3,4,4,,
15.II,C,6,Stf,0,+,S,,3,2,2,2,1,1,,
15.II,D,1,Cmb,0,-,S,,1,2,3,5,6,6,,
15.II,D,2,Wll,0,-,S,,3,3,3,3,4,3,,
15.II,D,3,ClD,0,-,S,,3,3,4,3,3,4,,
15.II,D,4,Dhl,0,-,S,,1,1,2,3,3,3,,
15.II,D,5,SHB,0,-,S,,1,2,2,3,5,4,,
15.II,D,6,Stf,0,-,S,,4,3,2,2,1,2,,
16.I,A,1,Kls,B,+,0,,4,5,4,4,7,9,,
16.I,A,2,Mll,B,+,0,,2,4,4,2,3,4,,
16.I,A,3,Stf,B,+,0,,1,2,3,3,2,2,,
16.I,A,4,UTM,B,+,0,,2,3,2,4,4,4,,
16.I,A,5,Mdv,B,+,0,,3,3,2,2,2,2,,
16.I,A,6,Mnt,B,+,0,,1,3,2,2,2,2,,from Grn to Mnt to correct setup error on plate 13
16.I,B,1,Kls,0,+,S,,2,2,4,4,6,6,,
16.I,B,2,Mll,0,+,S,,2,3,3,4,5,5,,
16.I,B,3,Stf,0,+,S,,3,3,4,4,4,4,,
16.I,B,4,UTM,0,+,S,,2,3,4,6,5,5,,
16.I,B,5,Mdv,0,+,S,,2,2,2,2,2,3,,
16.I,B,6,Mnt,0,+,S,,1,2,2,2,2,3,,from Grn to Mnt to correct setup error on plate 13
16.I,C,1,Kls,B,-,0,,3,4,5,5,6,10,,
16.I,C,2,Mll,B,-,0,,3,6,6,6,6,6,,
16.I,C,3,Stf,B,-,0,,3,3,2,3,3,4,,
16.I,C,4,UTM,B,-,0,,3,3,5,5,2,5,,
16.I,C,5,Mdv,B,-,0,,2,2,4,5,4,5,,
16.I,C,6,Mnt,B,-,0,,1,2,4,4,4,5,,from Grn to Mnt to correct setup error on plate 13
16.I,D,1,Kls,B,+,S,,2,3,3,5,8,8,,
16.I,D,2,Mll,B,+,S,,2,3,3,3,3,4,,
16.I,D,3,Stf,B,+,S,,3,3,2,2,2,2,,
16.I,D,4,UTM,B,+,S,,3,5,7,7,6,9,,
16.I,D,5,Mdv,B,+,S,,4,3,2,2,2,3,,
16.I,D,6,Mnt,B,+,S,,3,3,3,2,1,6,,from Grn to Mnt to correct setup error on plate 13
16.II,A,1,Kls,0,+,0,,2,2,4,5,6,7,,
16.II,A,2,Mll,0,+,0,,2,3,5,2,5,4,,
16.II,A,3,Stf,0,+,0,,2,3,2,2,2,2,,
16.II,A,4,UTM,0,+,0,,2,3,3,3,3,4,,
16.II,A,5,Mdv,0,+,0,,4,4,4,2,2,3,,
16.II,A,6,Mnt,0,+,0,,3,5,6,6,6,6,,from Grn to Mnt to correct setup error on plate 13
16.II,B,1,Kls,B,-,S,,2,3,2,3,2,4,,
16.II,B,2,Mll,B,-,S,,2,4,4,5,5,7,,
16.II,B,3,Stf,B,-,S,,2,1,1,1,1,1,,
16.II,B,4,UTM,B,-,S,,2,3,2,2,3,2,,
16.II,B,5,Mdv,B,-,S,,2,2,2,1,1,2,,
16.II,B,6,Mnt,B,-,S,,2,4,4,3,3,4,,from Grn to Mnt to correct setup error on plate 13
16.II,C,1,Kls,0,-,0,,1,2,4,5,5,8,,
16.II,C,2,Mll,0,-,0,,3,4,4,5,6,6,,
16.II,C,3,Stf,0,-,0,,3,2,2,2,2,2,,
16.II,C,4,UTM,0,-,0,,3,6,6,8,7,6,,
16.II,C,5,Mdv,0,-,0,,2,2,3,3,2,2,,
16.II,C,6,Mnt,0,-,0,,3,4,4,5,5,8,,from Grn to Mnt to correct setup error on plate 13
16.II,D,1,Kls,0,-,S,,2,2,2,3,3,4,,
16.II,D,2,Mll,0,-,S,,2,2,4,4,6,6,,
16.II,D,3,Stf,0,-,S,,2,2,2,2,2,0,,
16.II,D,4,UTM,0,-,S,,3,4,5,3,5,6,,
16.II,D,5,Mdv,0,-,S,,3,3,2,2,2,2,,
16.II,D,6,Mnt,0,-,S,,1,2,2,2,2,3,,from Grn to Mnt to correct setup error on plate 13
17.I,A,1,Sgb,0,-,0,,3,3,3,2,2,0,,
17.I,A,2,Trr,0,-,0,,3,5,7,7,9,11,,
17.I,A,3,Scg,0,-,0,,3,3,4,4,6,8,,
17.I,A,4,CnP,0,-,0,,2,2,4,5,9,10,,
17.I,A,5,Scg,0,-,0,,2,2,3,2,3,2,,
17.I,A,6,EPP,0,-,0,,2,2,3,3,3,3,,
17.I,B,1,Sgb,B,+,0,,3,3,3,3,3,2,,
17.I,B,2,Trr,B,+,0,,2,2,4,5,5,5,,
17.I,B,3,Scg,B,+,0,,2,4,4,3,5,5,,
17.I,B,4,CnP,B,+,0,,3,5,5,7,8,9,,
17.I,B,5,Scg,B,+,0,,1,1,3,4,2,4,,
17.I,B,6,EPP,B,+,0,,1,1,2,2,2,3,,
17.I,C,1,Sgb,B,-,0,,2,2,1,3,3,2,,
17.I,C,2,Trr,B,-,0,,3,4,5,7,7,8,,
17.I,C,3,Scg,B,-,0,,3,3,3,4,5,5,,
17.I,C,4,CnP,B,-,0,,2,2,2,3,4,4,,
17.I,C,5,Scg,B,-,0,,2,2,2,3,2,4,,
17.I,C,6,EPP,B,-,0,,2,2,3,3,2,4,,
17.I,D,1,Sgb,B,+,S,,2,2,2,2,1,1,,
17.I,D,2,Trr,B,+,S,,2,4,4,8,8,9,,
17.I,D,3,Scg,B,+,S,,2,2,2,3,2,5,,
17.I,D,4,CnP,B,+,S,,2,2,2,3,5,8,,
17.I,D,5,Scg,B,+,S,,2,2,4,4,8,9,,
17.I,D,6,EPP,B,+,S,,3,3,4,3,2,3,,
17.II,A,1,Sgb,0,+,S,,3,2,2,3,3,3,,
17.II,A,2,Trr,0,+,S,,3,4,5,8,10,10,,
17.II,A,3,Scg,0,+,S,,1,2,2,4,6,6,,
17.II,A,4,CnP,0,+,S,,2,2,2,2,1,2,,
17.II,A,5,Scg,0,+,S,,2,2,3,3,5,7,,
17.II,A,6,EPP,0,+,S,,1,2,2,2,1,0,,
17.II,B,1,Sgb,0,+,0,,2,1,1,1,1,1,,
17.II,B,2,Trr,0,+,0,,3,3,3,3,4,5,,
17.II,B,3,Scg,0,+,0,,4,4,3,2,1,4,,
17.II,B,4,CnP,0,+,0,,2,3,4,5,5,7,,
17.II,B,5,Scg,0,+,0,,2,4,4,4,5,7,,
17.II,B,6,EPP,0,+,0,,2,2,4,3,3,6,,
17.II,C,1,Sgb,B,-,S,,3,3,3,2,2,2,,
17.II,C,2,Trr,B,-,S,,2,2,4,3,2,3,,
17.II,C,3,Scg,B,-,S,,2,2,4,5,4,4,,
17.II,C,4,CnP,B,-,S,,2,2,4,3,4,4,,
17.II,C,5,Scg,B,-,S,,2,4,4,4,3,5,,
17.II,C,6,EPP,B,-,S,,2,2,2,2,2,1,,
17.II,D,1,Sgb,0,-,S,,4,5,4,4,4,4,,
17.II,D,2,Trr,0,-,S,,2,3,5,5,4,6,,
17.II,D,3,Scg,0,-,S,,2,2,3,2,2,2,,
17.II,D,4,CnP,0,-,S,,3,3,5,5,6,6,,
17.II,D,5,Scg,0,-,S,,2,2,3,4,3,4,,
17.II,D,6,EPP,0,-,S,,2,2,2,2,2,2,,
18.I,A,1,Okb,0,+,S,,2,3,2,2,3,3,,
18.I,A,2,Nnq,0,+,S,,2,2,3,1,1,1,,
18.I,A,3,KSR,0,+,S,,3,3,2,3,2,5,,
18.I,A,4,Brk,0,+,S,,2,2,2,5,6,6,,
18.I,A,5,RdM,0,+,S,,2,4,6,5,5,13,,
18.I,A,6,ClD,0,+,S,,3,3,5,6,9,14,,from Stn to ClD to correct setup error on plate 13
18.I,B,1,Okb,0,+,0,,2,3,4,5,5,7,,
18.I,B,2,Nnq,0,+,0,,3,3,3,3,3,3,,
18.I,B,3,KSR,0,+,0,,2,2,3,2,2,4,,
18.I,B,4,Brk,0,+,0,,1,1,1,0,0,0,,
18.I,B,5,RdM,0,+,0,,2,4,4,8,7,13,,
18.I,B,6,ClD,0,+,0,,2,3,3,6,7,10,,from Stn to ClD to correct setup error on plate 13
18.I,C,1,Okb,B,-,0,,2,2,3,3,4,4,,
18.I,C,2,Nnq,B,-,0,,3,3,2,2,2,2,,
18.I,C,3,KSR,B,-,0,,2,2,3,2,2,4,,
18.I,C,4,Brk,B,-,0,,2,3,3,1,1,1,,
18.I,C,5,RdM,B,-,0,,2,3,2,4,4,5,,
18.I,C,6,ClD,B,-,0,,2,2,3,4,3,5,,from Stn to ClD to correct setup error on plate 13
18.I,D,1,Okb,0,-,0,,2,2,1,1,1,1,,
18.I,D,2,Nnq,0,-,0,,2,2,2,2,3,3,,
18.I,D,3,KSR,0,-,0,,2,2,2,2,3,3,,
18.I,D,4,Brk,0,-,0,,2,3,2,3,3,3,,
18.I,D,5,RdM,0,-,0,,2,4,7,9,11,12,,
18.I,D,6,ClD,0,-,0,,2,2,2,3,3,4,,from Stn to ClD to correct setup error on plate 13
18.II,A,1,Okb,0,-,S,,1,1,3,5,4,4,,
18.II,A,2,Nnq,0,-,S,,3,2,2,4,3,4,,
18.II,A,3,KSR,0,-,S,,2,2,3,3,3,3,,
18.II,A,4,Brk,0,-,S,,3,3,3,3,4,7,,
18.II,A,5,RdM,0,-,S,,2,3,3,7,7,10,,
18.II,A,6,ClD,0,-,S,,2,3,4,5,7,7,,from Stn to ClD to correct setup error on plate 13
18.II,B,1,Okb,B,-,S,,3,3,4,2,5,5,,
18.II,B,2,Nnq,B,-,S,,2,2,1,1,1,1,,
18.II,B,3,KSR,B,-,S,,1,2,4,4,4,5,,
18.II,B,4,Brk,B,-,S,,2,4,5,6,5,5,,
18.II,B,5,RdM,B,-,S,,2,2,3,4,4,5,,
18.II,B,6,ClD,B,-,S,,2,4,4,4,3,6,,from Stn to ClD to correct setup error on plate 13
18.II,C,1,Okb,B,+,S,,2,1,1,1,1,0,,
18.II,C,2,Nnq,B,+,S,,3,2,2,1,1,3,,
18.II,C,3,KSR,B,+,S,,3,4,5,4,4,5,,
18.II,C,4,Brk,B,+,S,,2,4,4,3,3,5,,
18.II,C,5,RdM,B,+,S,,1,2,2,2,2,3,,
18.II,C,6,ClD,B,+,S,,2,2,4,3,2,4,,from Stn to ClD to correct setup error on plate 13
18.II,D,1,Okb,B,+,0,,1,2,4,3,3,3,,
18.II,D,2,Nnq,B,+,0,,3,2,2,1,1,2,,
18.II,D,3,KSR,B,+,0,,1,2,2,2,2,3,,
18.II,D,4,Brk,B,+,0,,3,4,4,2,1,2,,
18.II,D,5,RdM,B,+,0,,2,2,4,4,4,5,,
18.II,D,6,ClD,B,+,0,,2,2,2,4,4,4,,from Stn to ClD to correct setup error on plate 13
19.I,A,1,Mdv,0,-,S,,2,2,1,1,1,1,,
19.I,A,2,EPP,0,-,S,,1,2,2,2,1,1,,
19.I,A,3,Wll,0,-,S,,2,4,4,5,7,7,,
19.I,A,4,AjW,0,-,S,,1,2,3,3,4,5,,
19.I,A,5,HBE,0,-,S,,1,2,4,4,5,6,,
19.I,A,6,Tgd,0,-,S,,1,2,2,5,5,5,,
19.I,B,1,Mdv,B,+,0,,2,4,4,4,4,4,,
19.I,B,2,EPP,B,+,0,,2,2,2,2,2,3,,
19.I,B,3,Wll,B,+,0,,1,2,3,4,4,4,,
19.I,B,4,AjW,B,+,0,,2,2,3,3,3,3,,
19.I,B,5,HBE,B,+,0,,1,1,1,1,1,1,,
19.I,B,6,Tgd,B,+,0,,2,4,5,10,10,10,,
19.I,C,1,Mdv,B,-,S,,2,2,2,1,2,2,,
19.I,C,2,EPP,B,-,S,,2,2,2,2,2,2,,
19.I,C,3,Wll,B,-,S,,1,2,2,1,2,2,,
19.I,C,4,AjW,B,-,S,,2,3,4,2,2,2,,
19.I,C,5,HBE,B,-,S,,2,2,2,4,4,4,,
19.I,C,6,Tgd,B,-,S,,2,2,2,3,3,4,,
19.I,D,1,Mdv,0,+,S,,2,2,1,1,1,1,,
19.I,D,2,EPP,0,+,S,,2,2,2,2,2,2,,
19.I,D,3,Wll,0,+,S,,2,2,2,2,3,3,,
19.I,D,4,AjW,0,+,S,,2,4,2,2,2,3,,
19.I,D,5,HBE,0,+,S,,2,4,2,3,3,3,,
19.I,D,6,Tgd,0,+,S,,3,3,3,6,4,5,,
19.II,A,1,Mdv,0,+,0,,2,2,3,4,4,4,,
19.II,A,2,EPP,0,+,0,,2,3,3,3,4,4,,
19.II,A,3,Wll,0,+,0,,2,2,2,4,5,5,,
19.II,A,4,AjW,0,+,0,,4,4,4,4,3,4,,
19.II,A,5,HBE,0,+,0,,3,3,3,7,6,5,,
19.II,A,6,Tgd,0,+,0,,2,3,3,4,7,5,,
19.II,B,1,Mdv,0,-,0,,3,3,3,3,3,3,,
19.II,B,2,EPP,0,-,0,,2,2,2,2,2,2,,
19.II,B,3,Wll,0,-,0,,2,4,3,3,3,3,,
19.II,B,4,AjW,0,-,0,,4,4,4,4,2,4,,
19.II,B,5,HBE,0,-,0,,4,4,4,4,7,9,,
19.II,B,6,Tgd,0,-,0,,2,4,4,6,6,6,,
19.II,C,1,Mdv,B,-,0,,2,2,2,4,4,4,,
19.II,C,2,EPP,B,-,0,,1,1,0,0,0,0,,
19.II,C,3,Wll,B,-,0,,2,4,6,5,5,7,,
19.II,C,4,AjW,B,-,0,,4,4,2,1,1,1,,
19.II,C,5,HBE,B,-,0,,2,3,4,6,3,6,,
19.II,C,6,Tgd,B,-,0,,2,3,3,6,6,7,,
19.II,D,1,Mdv,B,+,S,,2,2,2,2,2,2,,
19.II,D,2,EPP,B,+,S,,1,2,2,1,2,2,,
19.II,D,3,Wll,B,+,S,,1,2,4,4,4,4,,
19.II,D,4,AjW,B,+,S,,3,3,3,3,3,3,,
19.II,D,5,HBE,B,+,S,,3,3,3,4,4,4,,
19.II,D,6,Tgd,B,+,S,,2,2,4,5,7,9,,
20.I,A,1,Tph,B,+,S,,2,3,5,6,6,9,,
20.I,A,2,RdM,B,+,S,,1,2,3,4,4,4,,
20.I,A,3,Mll,B,+,S,,2,3,3,4,3,4,,
20.I,A,4,Kls,B,+,S,,1,2,3,4,4,4,,
20.I,A,5,Mll,B,+,S,,2,3,4,4,4,5,,
20.I,A,6,Wll,B,+,S,,2,3,4,6,5,6,,
20.I,B,1,Tph,B,-,0,,2,3,4,5,5,6,,
20.I,B,2,RdM,B,-,0,,3,4,4,5,5,5,,
20.I,B,3,Mll,B,-,0,,2,2,4,4,4,5,,
20.I,B,4,Kls,B,-,0,,1,2,3,4,4,4,,
20.I,B,5,Mll,B,-,0,,1,2,3,4,4,5,,
20.I,B,6,Wll,B,-,0,,2,2,2,3,3,3,,
20.I,C,1,Tph,B,-,S,,2,4,5,6,5,6,,
20.I,C,2,RdM,B,-,S,,2,2,3,4,4,4,,
20.I,C,3,Mll,B,-,S,,2,2,4,5,5,5,,
20.I,C,4,Kls,B,-,S,,2,2,2,3,3,3,,
20.I,C,5,Mll,B,-,S,,2,3,5,6,7,7,,
20.I,C,6,Wll,B,-,S,,2,4,4,5,6,6,,
20.I,D,1,Tph,0,+,0,,2,4,5,6,8,9,,
20.I,D,2,RdM,0,+,0,,2,2,4,5,5,6,,
20.I,D,3,Mll,0,+,0,,2,2,2,5,5,6,,
20.I,D,4,Kls,0,+,0,,2,2,3,4,4,6,,
20.I,D,5,Mll,0,+,0,,2,4,4,5,4,5,,
20.I,D,6,Wll,0,+,0,,2,2,4,5,6,7,,
20.II,A,1,Tph,0,-,0,,2,2,2,4,5,6,,
20.II,A,2,RdM,0,-,0,,3,3,5,5,6,7,,
20.II,A,3,Mll,0,-,0,,2,4,3,4,3,3,,
20.II,A,4,Kls,0,-,0,,2,3,5,5,5,5,,
20.II,A,5,Mll,0,-,0,,1,2,3,4,5,4,,
20.II,A,6,Wll,0,-,0,,1,2,3,4,5,7,,
20.II,B,1,Tph,B,+,0,,1,2,4,5,4,5,,
20.II,B,2,RdM,B,+,0,,1,2,3,3,3,4,,
20.II,B,3,Mll,B,+,0,,2,2,4,3,3,3,,
20.II,B,4,Kls,B,+,0,,2,3,5,5,5,5,,
20.II,B,5,Mll,B,+,0,,3,4,4,5,5,5,,
20.II,B,6,Wll,B,+,0,,2,3,4,4,4,4,,
20.II,C,1,Tph,0,+,S,,2,2,4,5,5,5,,
20.II,C,2,RdM,0,+,S,,2,1,2,3,4,4,,
20.II,C,3,Mll,0,+,S,,2,2,4,5,4,5,,
20.II,C,4,Kls,0,+,S,,3,4,6,6,4,4,,
20.II,C,5,Mll,0,+,S,,2,2,3,3,3,3,,
20.II,C,6,Wll,0,+,S,,2,4,3,7,7,7,,
20.II,D,1,Tph,0,-,S,,1,2,3,4,7,7,,
20.II,D,2,RdM,0,-,S,,1,2,2,4,5,5,,
20.II,D,3,Mll,0,-,S,,2,4,4,8,9,12,,
20.II,D,4,Kls,0,-,S,,2,3,3,4,4,4,,
20.II,D,5,Mll,0,-,S,,3,3,3,3,3,3,,
20.II,D,6,Wll,0,-,S,,3,2,3,5,5,5,,
21.I,A,1,LnH,B,+,S,,1,1,1,1,1,1,,
21.I,A,2,Ars,B,+,S,,2,2,3,4,4,4,,
21.I,A,3,Brk,B,+,S,,2,2,4,5,4,4,,
21.I,A,4,Brc,B,+,S,,4,4,5,6,6,6,,
21.I,A,5,Brc,B,+,S,,3,2,4,4,4,5,,
21.I,A,6,Stf,B,+,S,,3,3,1,1,1,1,,
21.I,B,1,LnH,0,-,S,,3,2,2,2,2,1,,
21.I,B,2,Ars,0,-,S,,3,3,5,5,5,5,,
21.I,B,3,Brk,0,-,S,,3,3,4,4,4,6,,
21.I,B,4,Brc,0,-,S,,3,3,5,5,4,5,,
21.I,B,5,Brc,0,-,S,,4,4,4,4,4,4,,
21.I,B,6,Stf,0,-,S,,4,4,1,1,1,1,,
21.I,C,1,LnH,B,-,0,,5,5,2,2,2,2,,
21.I,C,2,Ars,B,-,0,,2,3,4,5,4,5,,
21.I,C,3,Brk,B,-,0,,3,4,4,6,6,7,,
21.I,C,4,Brc,B,-,0,,3,3,5,7,8,8,,
21.I,C,5,Brc,B,-,0,,3,3,3,6,5,7,,
21.I,C,6,Stf,B,-,0,,2,2,2,4,5,4,,
21.I,D,1,LnH,0,+,0,,1,1,1,2,2,1,,
21.I,D,2,Ars,0,+,0,,1,2,3,4,4,6,,
21.I,D,3,Brk,0,+,0,,2,2,4,4,4,6,,
21.I,D,4,Brc,0,+,0,,2,3,6,7,8,7,,
21.I,D,5,Brc,0,+,0,,4,4,4,4,4,4,,
21.I,D,6,Stf,0,+,0,,2,3,3,3,3,3,,
21.II,A,1,LnH,0,-,0,,1,1,1,1,1,1,,
21.II,A,2,Ars,0,-,0,,3,2,2,3,2,4,,
21.II,A,3,Brk,0,-,0,,3,5,5,10,11,14,,
21.II,A,4,Brc,0,-,0,,2,2,3,4,6,6,,
21.II,A,5,Brc,0,-,0,,2,4,4,7,8,8,,
21.II,A,6,Stf,0,-,0,,2,2,2,2,2,1,,
21.II,B,1,LnH,B,-,S,,3,3,3,2,3,2,,
21.II,B,2,Ars,B,-,S,,2,2,4,4,4,5,,
21.II,B,3,Brk,B,-,S,,3,3,3,4,6,6,,
21.II,B,4,Brc,B,-,S,,3,3,3,4,5,7,,
21.II,B,5,Brc,B,-,S,,2,4,4,6,8,9,,
21.II,B,6,Stf,B,-,S,,3,3,2,3,3,3,,
21.II,C,1,LnH,0,+,S,,2,2,1,1,1,1,,
21.II,C,2,Ars,0,+,S,,3,3,5,4,5,6,,
21.II,C,3,Brk,0,+,S,,3,2,2,1,1,2,,
21.II,C,4,Brc,0,+,S,,4,2,4,5,7,8,,
21.II,C,5,Brc,0,+,S,,2,3,5,6,7,7,,
21.II,C,6,Stf,0,+,S,,2,2,4,5,7,7,,
21.II,D,1,LnH,B,+,0,,3,1,1,1,2,1,,
21.II,D,2,Ars,B,+,0,,4,4,8,8,7,7,,
21.II,D,3,Brk,B,+,0,,2,2,2,2,2,2,,
21.II,D,4,Brc,B,+,0,,1,1,1,1,1,1,,
21.II,D,5,Brc,B,+,0,,3,3,5,5,7,6,,
21.II,D,6,Stf,B,+,0,,2,2,1,1,1,0,,
22.I,A,1,Cny,B,-,0,,3,3,6,4,5,7,,
22.I,A,2,Dhl,B,-,0,,3,3,4,5,4,3,,
22.I,A,3,Mnt,B,-,0,,2,2,3,2,2,2,,
22.I,A,4,Mck,B,-,0,,2,3,5,6,6,6,,
22.I,A,5,Mnt,B,-,0,,2,2,2,3,2,3,,
22.I,A,6,SHB,B,-,0,,2,2,3,4,5,5,,originally Mnt but replaced with SHB at setup
22.I,B,1,Cny,B,+,0,,2,2,4,6,6,7,,
22.I,B,2,Dhl,B,+,0,,2,1,1,3,2,1,,
22.I,B,3,Mnt,B,+,0,,3,3,4,4,3,6,,
22.I,B,4,Mck,B,+,0,,2,2,2,2,2,2,,
22.I,B,5,Mnt,B,+,0,,2,2,4,4,2,4,,
22.I,B,6,SHB,B,+,0,,2,3,4,4,7,7,,originally Mnt but replaced with SHB at setup
22.I,C,1,Cny,0,-,0,,2,3,3,4,4,4,,
22.I,C,2,Dhl,0,-,0,,2,2,1,1,1,1,,
22.I,C,3,Mnt,0,-,0,,3,5,6,9,9,10,,
22.I,C,4,Mck,0,-,0,,2,4,5,6,6,6,,
22.I,C,5,Mnt,0,-,0,,2,2,3,3,2,3,,
22.I,C,6,SHB,0,-,0,,2,2,4,4,4,5,,originally Mnt but replaced with SHB at setup
22.I,D,1,Cny,B,+,S,,1,1,2,2,2,2,,
22.I,D,2,Dhl,B,+,S,,2,2,2,2,2,2,,
22.I,D,3,Mnt,B,+,S,,2,2,3,3,3,3,,
22.I,D,4,Mck,B,+,S,,2,2,2,2,2,4,,
22.I,D,5,Mnt,B,+,S,,3,3,5,5,2,4,,
22.I,D,6,SHB,B,+,S,,3,3,3,3,4,5,,originally Mnt but replaced with SHB at setup
22.II,A,1,Cny,0,+,S,,3,2,2,2,3,3,,
22.II,A,2,Dhl,0,+,S,,2,2,3,4,4,4,,
22.II,A,3,Mnt,0,+,S,,2,2,3,5,3,3,,
22.II,A,4,Mck,0,+,S,,3,2,2,2,3,3,,
22.II,A,5,Mnt,0,+,S,,2,2,2,2,2,2,,
22.II,A,6,SHB,0,+,S,,4,4,1,1,1,1,,originally Mnt but replaced with SHB at setup
22.II,B,1,Cny,0,-,S,,2,2,3,3,4,3,,
22.II,B,2,Dhl,0,-,S,,3,3,3,3,4,3,,
22.II,B,3,Mnt,0,-,S,,3,3,5,5,4,5,,
22.II,B,4,Mck,0,-,S,,4,5,4,4,4,4,,
22.II,B,5,Mnt,0,-,S,,2,2,3,3,2,1,,
22.II,B,6,SHB,0,-,S,,2,2,4,5,6,4,,originally Mnt but replaced with SHB at setup
22.II,C,1,Cny,0,+,0,,2,2,1,1,1,1,,
22.II,C,2,Dhl,0,+,0,,2,3,3,3,3,3,,
22.II,C,3,Mnt,0,+,0,,3,5,4,4,4,4,,
22.II,C,4,Mck,0,+,0,,2,2,2,2,3,3,,
22.II,C,5,Mnt,0,+,0,,2,4,5,3,4,4,,
22.II,C,6,SHB,0,+,0,,2,2,3,3,6,5,,originally Mnt but replaced with SHB at setup
22.II,D,1,Cny,B,-,S,,3,3,3,4,2,2,,
22.II,D,2,Dhl,B,-,S,,3,2,2,3,3,3,,
22.II,D,3,Mnt,B,-,S,,2,2,2,2,2,2,,
22.II,D,4,Mck,B,-,S,,3,4,3,4,2,2,,
22.II,D,5,Mnt,B,-,S,,2,2,3,3,2,2,,
22.II,D,6,SHB,B,-,S,,2,3,4,4,5,6,,originally Mnt but replaced with SHB at setup
23.I,A,1,Lyt,B,-,S,,4,4,4,8,8,8,,
23.I,A,2,Grn,B,-,S,,3,3,3,2,2,2,,
23.I,A,3,Wlp,B,-,S,,2,2,2,2,1,1,,
23.I,A,4,Mnt,B,-,S,,3,4,4,8,6,6,,
23.I,A,5,UTM,B,-,S,,4,4,8,6,6,6,,
23.I,A,6,SHB,B,-,S,,3,3,5,5,5,5,,originally SHB but replaced with Mnt at setup
23.I,B,1,Lyt,0,+,0,,2,2,5,5,6,6,,
23.I,B,2,Grn,0,+,0,,2,2,3,2,1,1,,
23.I,B,3,Wlp,0,+,0,,3,3,2,2,2,2,,
23.I,B,4,Mnt,0,+,0,,2,2,2,5,5,5,,
23.I,B,5,UTM,0,+,0,,2,3,7,7,6,5,,
23.I,B,6,SHB,0,+,0,,4,4,7,5,5,5,,originally SHB but replaced with Mnt at setup
23.I,C,1,Lyt,0,-,0,,3,4,6,6,6,6,,
23.I,C,2,Grn,0,-,0,,4,4,4,4,4,4,,
23.I,C,3,Wlp,0,-,0,,2,3,4,4,4,3,,
23.I,C,4,Mnt,0,-,0,,2,2,4,6,5,5,,
23.I,C,5,UTM,0,-,0,,2,4,6,6,6,6,,
23.I,C,6,SHB,0,-,0,,2,2,2,2,2,2,,originally SHB but replaced with Mnt at setup
23.I,D,1,Lyt,B,+,S,,2,2,4,4,6,4,,
23.I,D,2,Grn,B,+,S,,2,2,3,3,2,3,,
23.I,D,3,Wlp,B,+,S,,2,2,2,3,2,3,,
23.I,D,4,Mnt,B,+,S,,3,2,3,5,5,8,,
23.I,D,5,UTM,B,+,S,,3,3,5,5,4,3,,
23.I,D,6,SHB,B,+,S,,2,4,6,8,6,6,,originally SHB but replaced with Mnt at setup
23.II,A,1,Lyt,0,-,S,,2,2,4,5,3,3,,
23.II,A,2,Grn,0,-,S,,2,2,2,2,1,2,,
23.II,A,3,Wlp,0,-,S,,3,2,3,3,3,3,,
23.II,A,4,Mnt,0,-,S,,2,2,3,3,2,2,,
23.II,A,5,UTM,0,-,S,,2,2,4,4,6,6,,
23.II,A,6,SHB,0,-,S,,3,2,4,1,0,0,,originally SHB but replaced with Mnt at setup
23.II,B,1,Lyt,B,+,0,,3,3,6,9,9,8,,
23.II,B,2,Grn,B,+,0,,2,3,6,6,5,4,,
23.II,B,3,Wlp,B,+,0,,3,3,2,2,3,3,,
23.II,B,4,Mnt,B,+,0,,2,2,4,8,9,10,,
23.II,B,5,UTM,B,+,0,,2,2,4,6,6,5,,
23.II,B,6,SHB,B,+,0,,2,2,4,3,3,4,,originally SHB but replaced with Mnt at setup
23.II,C,1,Lyt,0,+,S,,3,4,4,6,7,6,,
23.II,C,2,Grn,0,+,S,,2,2,2,2,3,2,,
23.II,C,3,Wlp,0,+,S,,2,4,4,4,4,5,,
23.II,C,4,Mnt,0,+,S,,2,3,3,4,5,5,,
23.II,C,5,UTM,0,+,S,,2,2,4,4,4,4,,
23.II,C,6,SHB,0,+,S,,2,2,3,3,2,3,,originally SHB but replaced with Mnt at setup
23.II,D,1,Lyt,B,-,0,,2,2,4,5,6,6,,
23.II,D,2,Grn,B,-,0,,3,2,3,3,2,2,,
23.II,D,3,Wlp,B,-,0,,2,2,3,3,2,2,,
23.II,D,4,Mnt,B,-,0,,2,1,4,6,9,9,,
23.II,D,5,UTM,B,-,0,,2,2,3,3,4,4,,
23.II,D,6,SHB,B,-,0,,2,2,4,4,5,5,,originally SHB but replaced with Mnt at setup
24.I,A,1,LnH,B,-,0,,3,2,1,1,2,2,,
24.I,A,2,Sgb,B,-,0,,2,1,1,1,1,1,,
24.I,A,3,Stf,B,-,0,,2,2,1,1,1,0,,
24.I,A,4,HBE,B,-,0,,2,4,5,7,6,6,,
24.I,A,5,Brk,B,-,0,,1,2,3,3,5,5,,
24.I,A,6,EPP,B,-,0,,2,3,1,2,3,3,,
24.I,B,1,LnH,0,-,0,,2,2,2,2,2,2,,
24.I,B,2,Sgb,0,-,0,,3,3,1,1,1,1,,
24.I,B,3,Stf,0,-,0,,3,3,1,1,1,1,,
24.I,B,4,HBE,0,-,0,,3,3,1,2,2,2,,
24.I,B,5,Brk,0,-,0,,4,4,2,3,3,3,,
24.I,B,6,EPP,0,-,0,,4,4,4,4,3,3,,
24.I,C,1,LnH,B,+,0,,2,2,2,1,1,1,,
24.I,C,2,Sgb,B,+,0,,2,2,1,2,2,1,,
24.I,C,3,Stf,B,+,0,,2,2,2,2,2,3,,
24.I,C,4,HBE,B,+,0,,3,2,3,3,2,3,,
24.I,C,5,Brk,B,+,0,,2,2,2,2,2,3,,
24.I,C,6,EPP,B,+,0,,3,2,4,3,2,3,,
24.I,D,1,LnH,0,-,S,,2,3,3,4,4,5,,
24.I,D,2,Sgb,0,-,S,,3,2,2,2,2,2,,
24.I,D,3,Stf,0,-,S,,2,1,1,1,1,2,,
24.I,D,4,HBE,0,-,S,,2,2,2,3,4,5,,
24.I,D,5,Brk,0,-,S,,2,2,2,4,5,5,,
24.I,D,6,EPP,0,-,S,,2,2,3,1,2,1,,
24.II,A,1,LnH,B,+,S,,2,1,2,2,2,2,,
24.II,A,2,Sgb,B,+,S,,2,1,1,1,1,0,,
24.II,A,3,Stf,B,+,S,,4,4,1,1,1,1,,
24.II,A,4,HBE,B,+,S,,4,4,4,4,5,5,,
24.II,A,5,Brk,B,+,S,,2,2,4,6,6,6,,
24.II,A,6,EPP,B,+,S,,1,1,1,1,1,1,,
24.II,B,1,LnH,B,-,S,,2,2,2,2,1,2,,
24.II,B,2,Sgb,B,-,S,,2,1,1,1,1,0,,
24.II,B,3,Stf,B,-,S,,2,3,2,2,2,2,,
24.II,B,4,HBE,B,-,S,,1,1,1,1,0,0,,
24.II,B,5,Brk,B,-,S,,2,2,4,4,4,4,,
24.II,B,6,EPP,B,-,S,,2,2,2,2,2,1,,
24.II,C,1,LnH,0,+,S,,2,2,3,6,5,6,,
24.II,C,2,Sgb,0,+,S,,1,1,1,1,1,1,,
24.II,C,3,Stf,0,+,S,,1,1,2,2,1,2,,
24.II,C,4,HBE,0,+,S,,2,2,1,2,2,2,,
24.II,C,5,Brk,0,+,S,,2,3,2,2,2,3,,
24.II,C,6,EPP,0,+,S,,2,2,3,2,2,3,,
24.II,D,1,LnH,0,+,0,,3,3,3,3,4,4,,
24.II,D,2,Sgb,0,+,0,,3,3,3,3,3,2,,
24.II,D,3,Stf,0,+,0,,3,3,2,3,3,2,,
24.II,D,4,HBE,0,+,0,,2,2,4,5,6,7,,
24.II,D,5,Brk,0,+,0,,3,3,4,4,6,7,,
24.II,D,6,EPP,0,+,0,,2,2,3,3,3,3,,
25.I,A,1,HBE,0,-,0,,2,3,3,4,5,6,,
25.I,A,2,EPP,0,-,0,,3,3,2,2,1,1,,
25.I,A,3,Ars,0,-,0,,2,3,6,6,4,6,,
25.I,A,4,Sgb,0,-,0,,2,1,2,3,2,3,,
25.I,A,5,Mdv,0,-,0,,3,1,1,2,3,3,,
25.I,A,6,McC,0,-,0,,2,2,4,5,5,5,,
25.I,B,1,HBE,B,+,0,,2,4,4,6,9,9,,
25.I,B,2,EPP,B,+,0,,2,1,1,1,2,2,,
25.I,B,3,Ars,B,+,0,,3,2,2,5,3,3,,
25.I,B,4,Sgb,B,+,0,,3,1,1,2,3,3,,
25.I,B,5,Mdv,B,+,0,,2,1,1,1,1,1,,
25.I,B,6,McC,B,+,0,,2,2,4,5,7,10,,
25.I,C,1,HBE,B,+,S,,2,4,6,6,7,11,,
25.I,C,2,EPP,B,+,S,,2,2,1,1,1,2,,
25.I,C,3,Ars,B,+,S,,2,2,4,5,6,7,,
25.I,C,4,Sgb,B,+,S,,2,2,1,1,1,1,,
25.I,C,5,Mdv,B,+,S,,3,1,2,5,5,6,,
25.I,C,6,McC,B,+,S,,2,3,4,3,3,4,,
25.I,D,1,HBE,B,-,0,,3,4,4,7,8,16,,
25.I,D,2,EPP,B,-,0,,2,2,2,2,2,1,,
25.I,D,3,Ars,B,-,0,,2,3,4,4,2,4,,
25.I,D,4,Sgb,B,-,0,,3,3,1,3,3,2,,
25.I,D,5,Mdv,B,-,0,,3,3,1,2,2,2,,
25.I,D,6,McC,B,-,0,,4,5,5,8,8,8,,
25.II,A,1,HBE,B,-,S,,3,4,4,6,5,9,,
25.II,A,2,EPP,B,-,S,,3,2,3,3,2,3,,
25.II,A,3,Ars,B,-,S,,2,3,4,4,4,5,,
25.II,A,4,Sgb,B,-,S,,2,2,1,1,2,2,,
25.II,A,5,Mdv,B,-,S,,3,3,3,4,4,6,,
25.II,A,6,McC,B,-,S,,2,4,7,10,9,11,,
25.II,B,1,HBE,0,+,0,,2,2,4,4,8,10,,
25.II,B,2,EPP,0,+,0,,3,2,2,1,2,2,,
25.II,B,3,Ars,0,+,0,,2,2,4,4,3,3,,
25.II,B,4,Sgb,0,+,0,,2,2,1,1,1,1,,
25.II,B,5,Mdv,0,+,0,,2,2,1,1,1,1,,
25.II,B,6,McC,0,+,0,,5,5,5,5,5,7,,
25.II,C,1,HBE,0,-,S,,2,3,5,9,11,13,,
25.II,C,2,EPP,0,-,S,,2,2,1,1,1,1,,
25.II,C,3,Ars,0,-,S,,2,2,4,5,5,5,,
25.II,C,4,Sgb,0,-,S,,2,4,1,2,2,2,,
25.II,C,5,Mdv,0,-,S,,2,2,3,3,4,4,,
25.II,C,6,McC,0,-,S,,4,4,6,6,7,9,,
25.II,D,1,HBE,0,+,S,,2,1,1,1,1,1,,
25.II,D,2,EPP,0,+,S,,2,3,2,3,3,1,,
25.II,D,3,Ars,0,+,S,,3,4,6,6,5,6,,
25.II,D,4,Sgb,0,+,S,,2,2,2,2,2,2,,
25.II,D,5,Mdv,0,+,S,,2,2,3,3,4,4,,
25.II,D,6,McC,0,+,S,,2,3,6,6,5,7,,
26.I,A,1,Brd,B,-,0,,2,4,4,7,6,7,,
26.I,A,2,Rtt,B,-,0,0,2,2,4,4,3,3,,
26.I,A,3,Dhl,B,-,0,,2,4,4,4,3,3,,
26.I,A,4,Mdv,B,-,0,,2,3,4,4,3,3,,
26.I,A,5,Okb,B,-,0,,2,2,4,4,3,3,,
26.I,A,6,Grn,B,-,0,,3,3,6,6,4,7,,
26.I,B,1,Brd,0,-,S,,2,2,3,5,3,3,,
26.I,B,2,Rtt,0,-,S,,2,3,5,6,5,5,,
26.I,B,3,Dhl,0,-,S,,1,2,2,2,2,2,,
26.I,B,4,Mdv,0,-,S,,2,2,4,4,3,3,,
26.I,B,5,Okb,0,-,S,,2,2,4,4,4,4,,
26.I,B,6,Grn,0,-,S,,2,3,2,2,2,2,,
26.I,C,1,Brd,0,+,S,,2,2,2,2,2,1,,
26.I,C,2,Rtt,0,+,S,,2,3,5,6,6,5,,
26.I,C,3,Dhl,0,+,S,,2,4,2,4,4,4,,
26.I,C,4,Mdv,0,+,S,,2,2,2,2,2,2,,
26.I,C,5,Okb,0,+,S,,4,4,6,6,6,6,,
26.I,C,6,Grn,0,+,S,,2,0,0,0,0,0,,
26.I,D,1,Brd,0,+,0,,2,2,2,2,2,2,,
26.I,D,2,Rtt,0,+,0,,2,2,2,2,2,2,,
26.I,D,3,Dhl,0,+,0,,3,3,3,2,2,2,,
26.I,D,4,Mdv,0,+,0,,3,3,4,4,2,3,,
26.I,D,5,Okb,0,+,0,,3,3,3,3,3,2,,
26.I,D,6,Grn,0,+,0,,2,3,4,4,3,3,,
26.II,A,1,Brd,0,-,0,,4,3,3,3,3,3,,
26.II,A,2,Rtt,0,-,0,,2,2,2,3,3,3,,
26.II,A,3,Dhl,0,-,0,,2,2,2,2,2,2,,
26.II,A,4,Mdv,0,-,0,,2,2,2,2,2,2,,
26.II,A,5,Okb,0,-,0,,3,4,4,5,3,3,,
26.II,A,6,Grn,0,-,0,,3,2,3,1,1,1,,
26.II,B,1,Brd,B,+,0,,3,5,3,3,3,3,,
26.II,B,2,Rtt,B,+,0,,3,4,4,4,5,5,,
26.II,B,3,Dhl,B,+,0,,2,2,2,2,2,2,,
26.II,B,4,Mdv,B,+,0,,2,2,2,2,2,2,,
26.II,B,5,Okb,B,+,0,,3,4,4,4,4,4,,
26.II,B,6,Grn,B,+,0,,2,4,4,4,3,4,,
26.II,C,1,Brd,B,+,S,,2,2,2,2,2,2,,
26.II,C,2,Rtt,B,+,S,,5,7,7,9,9,9,,
26.II,C,3,Dhl,B,+,S,,3,3,6,6,4,4,,
26.II,C,4,Mdv,B,+,S,,2,2,2,4,2,2,,
26.II,C,5,Okb,B,+,S,,4,4,7,7,6,7,,
26.II,C,6,Grn,B,+,S,,2,3,4,4,4,4,,
26.II,D,1,Brd,B,-,S,,2,3,4,3,3,2,,
26.II,D,2,Rtt,B,-,S,,4,4,4,5,5,4,,
26.II,D,3,Dhl,B,-,S,,2,2,2,2,3,2,,
26.II,D,4,Mdv,B,-,S,,3,3,2,2,3,1,,
26.II,D,5,Okb,B,-,S,,2,2,3,4,1,3,,
26.II,D,6,Grn,B,-,S,,3,3,3,6,5,4,,
27.I,A,1,Tph,0,+,S,,2,4,5,7,8,9,,
27.I,A,2,Ars,0,+,S,,3,4,4,6,5,5,,
27.I,A,3,KSR,0,+,S,,2,4,4,8,8,8,,
27.I,A,4,Stn,0,+,S,,2,4,4,7,6,6,,
27.I,A,5,Bxh,0,+,S,,2,2,4,5,5,4,,
27.I,A,6,Cdv,0,+,S,,3,3,3,4,5,7,,
27.I,B,1,Tph,B,+,0,,2,4,6,4,4,5,,
27.I,B,2,Ars,B,+,0,,3,5,5,5,5,4,,
27.I,B,3,KSR,B,+,0,,3,5,5,5,3,3,,
27.I,B,4,Stn,B,+,0,,2,4,6,8,6,7,,
27.I,B,5,Bxh,B,+,0,,2,1,1,1,1,1,,
27.I,B,6,Cdv,B,+,0,,2,3,4,4,3,4,,
27.I,C,1,Tph,B,+,S,,3,4,7,8,7,8,,
27.I,C,2,Ars,B,+,S,,4,4,5,5,4,4,,
27.I,C,3,KSR,B,+,S,,2,2,4,4,4,4,,
27.I,C,4,Stn,B,+,S,,2,4,5,6,5,5,,
27.I,C,5,Bxh,B,+,S,,2,2,2,2,2,2,,
27.I,C,6,Cdv,B,+,S,,2,3,3,2,1,2,,
27.I,D,1,Tph,0,-,S,,2,2,4,6,6,7,,
27.I,D,2,Ars,0,-,S,,2,5,6,6,5,3,,
27.I,D,3,KSR,0,-,S,,1,3,2,4,3,3,,
27.I,D,4,Stn,0,-,S,,3,3,3,3,3,3,,
27.I,D,5,Bxh,0,-,S,,2,2,4,4,2,2,,
27.I,D,6,Cdv,0,-,S,,2,2,3,3,2,2,,
27.II,A,1,Tph,B,-,S,,2,2,5,8,5,6,,
27.II,A,2,Ars,B,-,S,,2,3,4,4,4,4,,
27.II,A,3,KSR,B,-,S,,2,4,1,4,3,4,,
27.II,A,4,Stn,B,-,S,,2,2,3,2,2,2,,
27.II,A,5,Bxh,B,-,S,,2,2,4,4,3,3,,
27.II,A,6,Cdv,B,-,S,,2,2,4,1,1,2,,
27.II,B,1,Tph,0,-,0,,2,3,3,4,4,4,,
27.II,B,2,Ars,0,-,0,,2,2,2,4,4,4,,
27.II,B,3,KSR,0,-,0,,2,3,2,2,2,2,,
27.II,B,4,Stn,0,-,0,,1,2,4,3,2,2,,
27.II,B,5,Bxh,0,-,0,,2,3,3,3,2,4,,
27.II,B,6,Cdv,0,-,0,,2,2,5,5,5,4,,
27.II,C,1,Tph,0,+,0,,2,4,4,6,5,5,,
27.II,C,2,Ars,0,+,0,,2,2,5,4,4,4,,
27.II,C,3,KSR,0,+,0,,2,4,4,4,5,4,,
27.II,C,4,Stn,0,+,0,,1,2,4,4,3,3,,
27.II,C,5,Bxh,0,+,0,,2,2,1,2,2,2,,
27.II,C,6,Cdv,0,+,0,,2,2,4,5,5,5,,
27.II,D,1,Tph,B,-,0,,2,4,5,5,6,4,,
27.II,D,2,Ars,B,-,0,,2,4,4,6,6,5,,
27.II,D,3,KSR,B,-,0,,2,4,4,2,2,2,,
27.II,D,4,Stn,B,-,0,,2,2,3,2,2,2,,
27.II,D,5,Bxh,B,-,0,,2,2,3,3,3,3,,
27.II,D,6,Cdv,B,-,0,,2,2,4,4,4,4,,
28.I,A,1,Scg,0,+,S,,4,5,8,9,12,13,,
28.I,A,2,Arb,0,+,S,,2,3,3,2,2,2,,
28.I,A,3,LnH,0,+,S,,4,4,2,2,2,2,,
28.I,A,4,Mll,0,+,S,,2,3,4,2,2,2,,
28.I,A,5,Wld,0,+,S,,2,3,4,5,4,4,,
28.I,A,6,Wll,0,+,S,,2,4,6,6,5,5,,
28.I,B,1,Scg,B,-,0,,2,3,3,3,2,2,,
28.I,B,2,Arb,B,-,0,,2,2,2,2,2,2,,
28.I,B,3,LnH,B,-,0,,4,2,2,2,2,2,,
28.I,B,4,Mll,B,-,0,,2,4,4,6,5,5,,
28.I,B,5,Wld,B,-,0,,3,3,4,4,4,4,,
28.I,B,6,Wll,B,-,0,,3,4,5,7,5,5,,
28.I,C,1,Scg,0,-,S,,3,3,3,4,3,3,,
28.I,C,2,Arb,0,-,S,,2,2,1,1,1,1,,
28.I,C,3,LnH,0,-,S,,2,2,1,1,1,1,,
28.I,C,4,Mll,0,-,S,,2,4,4,7,7,7,,
28.I,C,5,Wld,0,-,S,,2,3,4,5,5,5,,
28.I,C,6,Wll,0,-,S,,2,4,8,8,8,8,,
28.I,D,1,Scg,B,+,0,,2,3,5,9,8,7,,
28.I,D,2,Arb,B,+,0,,2,2,2,2,3,1,,
28.I,D,3,LnH,B,+,0,,2,2,4,4,4,4,,
28.I,D,4,Mll,B,+,0,,2,4,4,5,6,6,,
28.I,D,5,Wld,B,+,0,,2,2,3,4,4,4,,
28.I,D,6,Wll,B,+,0,,2,2,5,5,4,4,,
28.II,A,1,Scg,B,+,S,,2,3,4,6,7,8,,
28.II,A,2,Arb,B,+,S,,2,2,3,2,2,2,,
28.II,A,3,LnH,B,+,S,,2,2,2,2,2,2,,
28.II,A,4,Mll,B,+,S,,3,3,4,5,7,7,,
28.II,A,5,Wld,B,+,S,,2,2,4,5,5,5,,
28.II,A,6,Wll,B,+,S,,2,4,5,7,7,7,,
28.II,B,1,Scg,B,-,S,,2,2,4,4,3,4,,
28.II,B,2,Arb,B,-,S,,2,2,4,4,3,3,,
28.II,B,3,LnH,B,-,S,,2,3,4,5,4,3,,
28.II,B,4,Mll,B,-,S,,3,5,5,8,7,7,,
28.II,B,5,Wld,B,-,S,,2,2,3,3,3,3,,
28.II,B,6,Wll,B,-,S,,1,2,4,4,4,4,,
28.II,C,1,Scg,0,+,0,,2,2,4,5,6,6,,
28.II,C,2,Arb,0,+,0,,3,3,4,4,3,3,,
28.II,C,3,LnH,0,+,0,,1,1,1,1,1,1,,
28.II,C,4,Mll,0,+,0,,3,3,4,4,5,5,,
28.II,C,5,Wld,0,+,0,,2,2,3,3,2,2,,
28.II,C,6,Wll,0,+,0,,2,2,4,5,5,5,,
28.II,D,1,Scg,0,-,0,,2,4,4,4,4,7,,
28.II,D,2,Arb,0,-,0,,2,2,2,2,2,1,,
28.II,D,3,LnH,0,-,0,,2,2,3,2,2,2,,
28.II,D,4,Mll,0,-,0,,2,3,4,4,4,4,,
28.II,D,5,Wld,0,-,0,,2,2,4,6,6,6,,
28.II,D,6,Wll,0,-,0,,2,2,4,5,5,6,,
29.I,A,1,KSR,0,+,S,,3,3,5,5,4,4,,
29.I,A,2,Mck,0,+,S,,3,3,4,4,3,3,,
29.I,A,3,Brd,0,+,S,,2,3,3,3,3,3,,
29.I,A,4,Nnq,0,+,S,,3,3,3,4,1,3,,
29.I,A,5,UTM,0,+,S,,1,2,4,6,7,6,,
29.I,A,6,Lgy,0,+,S,,2,2,3,4,5,3,,
29.I,B,1,KSR,B,+,S,,3,4,6,8,8,5,,
29.I,B,2,Mck,B,+,S,,2,2,2,2,2,2,,
29.I,B,3,Brd,B,+,S,,2,4,3,5,4,3,,
29.I,B,4,Nnq,B,+,S,,2,3,4,3,4,3,,
29.I,B,5,UTM,B,+,S,,3,4,4,8,8,8,,
29.I,B,6,Lgy,B,+,S,,2,2,4,3,3,3,,
29.I,C,1,KSR,0,+,0,,3,4,4,5,5,5,,
29.I,C,2,Mck,0,+,0,,2,3,2,2,2,2,,
29.I,C,3,Brd,0,+,0,,3,3,3,4,3,3,,
29.I,C,4,Nnq,0,+,0,,2,2,4,2,2,2,,
29.I,C,5,UTM,0,+,0,,2,3,3,7,6,5,,
29.I,C,6,Lgy,0,+,0,,3,3,4,5,5,3,,
29.I,D,1,KSR,B,-,S,,3,4,6,7,7,7,,
29.I,D,2,Mck,B,-,S,,2,4,5,9,13,14,,
29.I,D,3,Brd,B,-,S,,3,4,3,9,7,9,,
29.I,D,4,Nnq,B,-,S,,2,2,2,2,2,2,,
29.I,D,5,UTM,B,-,S,,3,4,4,6,6,8,,
29.I,D,6,Lgy,B,-,S,,2,2,4,5,5,5,,
29.II,A,1,KSR,0,-,S,,4,4,4,4,3,5,,
29.II,A,2,Mck,0,-,S,,2,3,6,6,8,11,,
29.II,A,3,Brd,0,-,S,,3,3,4,7,7,8,,
29.II,A,4,Nnq,0,-,S,,3,2,2,1,1,1,,
29.II,A,5,UTM,0,-,S,,2,2,4,6,7,8,,
29.II,A,6,Lgy,0,-,S,,4,3,6,5,5,6,,
29.II,B,1,KSR,B,-,0,,2,4,7,9,9,8,,
29.II,B,2,Mck,B,-,0,,2,2,5,5,5,7,,
29.II,B,3,Brd,B,-,0,,3,3,3,5,5,6,,
29.II,B,4,Nnq,B,-,0,,3,3,3,2,2,2,,
29.II,B,5,UTM,B,-,0,,3,2,5,6,5,5,,
29.II,B,6,Lgy,B,-,0,,2,2,3,6,7,7,,
29.II,C,1,KSR,B,+,0,,3,2,4,4,4,5,,
29.II,C,2,Mck,B,+,0,,2,2,3,4,4,4,,
29.II,C,3,Brd,B,+,0,,3,3,4,4,4,4,,
29.II,C,4,Nnq,B,+,0,,2,2,2,2,2,2,,
29.II,C,5,UTM,B,+,0,,3,6,8,8,10,11,,
29.II,C,6,Lgy,B,-,0,,2,4,6,7,7,7,,originally meant to be plus microbes ‚Äì but microbes not applied to compensate for error on plate 13
29.II,D,1,KSR,0,-,0,,3,6,8,8,5,7,,
29.II,D,2,Mck,0,-,0,,3,6,8,10,8,10,,
29.II,D,3,Brd,0,-,0,,2,4,6,7,7,8,,
29.II,D,4,Nnq,0,-,0,,2,2,2,2,2,3,,
29.II,D,5,UTM,0,-,0,,2,4,6,7,5,7,,
29.II,D,6,Lgy,0,-,0,,2,4,4,5,5,5,,
30.I,A,1,SHB,B,+,0,,2,3,5,8,11,12,,
30.I,A,2,Chr,B,+,0,,2,4,4,6,8,7,,
30.I,A,3,Chr,B,+,0,,3,3,5,6,6,6,,
30.I,A,4,Brd,B,+,0,,3,3,3,4,5,4,,
30.I,A,5,Cmb,B,+,0,,3,3,5,7,6,6,,originally Tgd but replaced with Cmb at setup in error
30.I,A,6,Tgd,B,+,0,,3,3,5,6,8,7,,originally Cmb but replaced with Tgd at setup to fix error
30.I,B,1,SHB,0,-,S,,2,3,3,6,6,6,,
30.I,B,2,Chr,0,-,S,,2,2,4,7,7,5,,
30.I,B,3,Chr,0,-,S,,2,4,6,8,7,7,,
30.I,B,4,Brd,0,-,S,,3,4,6,6,5,5,,
30.I,B,5,Cmb,0,-,S,,2,3,6,6,7,5,,originally Tgd but replaced with Cmb at setup in error
30.I,B,6,Tgd,0,-,S,,3,3,5,6,5,5,,originally Cmb but replaced with Tgd at setup to fix error
30.I,C,1,SHB,0,+,0,,3,5,6,7,8,10,,
30.I,C,2,Chr,0,+,0,,2,4,8,10,9,8,,
30.I,C,3,Chr,0,+,0,,2,4,6,7,8,7,,
30.I,C,4,Brd,0,+,0,,2,2,2,2,1,1,,
30.I,C,5,Cmb,0,+,0,,2,3,3,5,5,4,,originally Tgd but replaced with Cmb at setup in error
30.I,C,6,Tgd,0,+,0,,2,3,4,7,8,7,,originally Cmb but replaced with Tgd at setup to fix error
30.I,D,1,SHB,0,-,0,,3,3,4,8,8,8,,
30.I,D,2,Chr,0,-,0,,3,3,5,8,6,6,,
30.I,D,3,Chr,0,-,0,,2,3,5,5,5,5,,
30.I,D,4,Brd,0,-,0,,2,2,4,4,4,4,,
30.I,D,5,Cmb,0,-,0,,2,2,4,5,4,5,,originally Tgd but replaced with Cmb at setup in error
30.I,D,6,Tgd,0,-,0,,2,2,4,4,5,5,,originally Cmb but replaced with Tgd at setup to fix error
30.II,A,1,SHB,B,+,S,,2,4,4,8,5,6,,
30.II,A,2,Chr,B,+,S,,2,3,3,5,4,3,,
30.II,A,3,Chr,B,+,S,,3,3,3,4,3,4,,
30.II,A,4,Brd,B,+,S,,2,3,3,2,2,2,,
30.II,A,5,Cmb,B,+,S,,2,4,4,7,5,4,,originally Tgd but replaced with Cmb at setup in error
30.II,A,6,Tgd,B,+,S,,2,2,3,3,5,5,,originally Cmb but replaced with Tgd at setup to fix error
30.II,B,1,SHB,0,+,S,,2,2,3,5,5,5,,
30.II,B,2,Chr,0,+,S,,2,4,4,5,5,5,,
30.II,B,3,Chr,0,+,S,,2,4,4,6,6,7,,
30.II,B,4,Brd,0,+,S,,2,3,4,4,3,4,,
30.II,B,5,Cmb,0,+,S,,2,3,4,5,6,6,,originally Tgd but replaced with Cmb at setup in error
30.II,B,6,Tgd,0,+,S,,2,3,5,5,6,6,,originally Cmb but replaced with Tgd at setup to fix error
30.II,C,1,SHB,B,-,0,,2,3,5,7,9,9,,
30.II,C,2,Chr,B,-,0,,2,4,4,8,7,7,,
30.II,C,3,Chr,B,-,0,,2,4,5,8,6,6,,
30.II,C,4,Brd,B,-,0,,3,3,4,4,5,4,,
30.II,C,5,Cmb,B,-,0,,2,3,5,7,6,8,,originally Tgd but replaced with Cmb at setup in error
30.II,C,6,Tgd,B,-,0,,3,3,5,8,7,8,,originally Cmb but replaced with Tgd at setup to fix error
30.II,D,1,SHB,B,-,S,,2,2,4,6,7,7,,
30.II,D,2,Chr,B,-,S,,2,2,4,6,4,5,,
30.II,D,3,Chr,B,-,S,,2,3,4,6,5,6,,
30.II,D,4,Brd,B,-,S,,1,3,2,4,3,3,,
30.II,D,5,Cmb,B,-,S,,2,2,3,6,3,3,,originally Tgd but replaced with Cmb at setup in error
30.II,D,6,Tgd,B,-,S,,2,3,3,4,4,4,,originally Cmb but replaced with Tgd at setup to fix error
31.I,A,1,Tph,0,-,S,,2,3,4,7,9,8,,
31.I,A,2,Mll,0,-,S,,2,2,3,3,3,5,,
31.I,A,3,Brc,0,-,S,,2,4,4,4,4,4,,
31.I,A,4,Grn,0,-,S,,4,4,4,4,5,3,,
31.I,A,5,AjW,0,-,S,,2,2,5,2,2,1,,
31.I,A,6,Wlp,0,-,S,,3,5,5,2,2,2,,
31.I,B,1,Tph,0,+,S,,2,3,3,5,4,5,,
31.I,B,2,Mll,0,+,S,,2,3,4,7,7,7,,
31.I,B,3,Brc,0,+,S,,4,4,5,7,9,9,,
31.I,B,4,Grn,0,+,S,,3,3,4,2,3,3,,
31.I,B,5,AjW,0,+,S,,3,3,5,3,3,4,,
31.I,B,6,Wlp,0,+,S,,4,5,5,6,8,9,,
31.I,C,1,Tph,B,+,0,,2,3,5,6,6,5,,
31.I,C,2,Mll,B,+,0,,2,4,4,6,6,5,,
31.I,C,3,Brc,B,+,0,,4,5,5,5,6,5,,
31.I,C,4,Grn,B,+,0,,2,3,4,4,3,3,,
31.I,C,5,AjW,B,+,0,,2,5,6,6,4,4,,
31.I,C,6,Wlp,B,+,0,,3,3,5,4,3,3,,
31.I,D,1,Tph,B,+,S,,2,2,4,4,4,4,,
31.I,D,2,Mll,B,+,S,,2,3,5,5,6,5,,
31.I,D,3,Brc,B,+,S,,3,3,5,4,4,4,,
31.I,D,4,Grn,B,+,S,,2,3,3,3,5,5,,
31.I,D,5,AjW,B,+,S,,2,2,4,5,5,5,,
31.I,D,6,Wlp,B,+,S,,4,2,4,3,3,3,,
31.II,A,1,Tph,B,-,0,,2,4,5,8,8,6,,
31.II,A,2,Mll,B,-,0,,2,3,4,3,3,2,,
31.II,A,3,Brc,B,-,0,,2,2,4,4,5,4,,
31.II,A,4,Grn,B,-,0,,3,5,5,3,3,3,,
31.II,A,5,AjW,B,-,0,,2,1,2,2,1,0,,
31.II,A,6,Wlp,B,-,0,,3,3,2,3,3,2,,
31.II,B,1,Tph,0,+,0,,3,3,6,9,9,8,,
31.II,B,2,Mll,0,+,0,,2,3,6,6,6,5,,
31.II,B,3,Brc,0,+,0,,2,2,2,3,3,4,,
31.II,B,4,Grn,0,+,0,,3,3,3,4,4,3,,
31.II,B,5,AjW,0,+,0,,3,4,4,4,4,3,,
31.II,B,6,Wlp,0,+,0,,3,6,6,6,6,5,,
31.II,C,1,Tph,B,-,S,,2,3,5,5,3,3,,
31.II,C,2,Mll,B,-,S,,2,4,4,4,3,3,,
31.II,C,3,Brc,B,-,S,,2,3,6,6,6,4,,
31.II,C,4,Grn,B,-,S,,2,3,2,2,2,2,,
31.II,C,5,AjW,B,-,S,,3,3,3,5,4,3,,
31.II,C,6,Wlp,B,-,S,,3,3,3,3,2,3,,
31.II,D,1,Tph,0,-,0,,3,3,3,3,3,3,,
31.II,D,2,Mll,0,-,0,,2,4,4,6,6,5,,
31.II,D,3,Brc,0,-,0,,2,4,4,4,4,4,,
31.II,D,4,Grn,0,-,0,,1,2,3,3,3,2,,
31.II,D,5,AjW,0,-,0,,2,5,6,3,2,2,,
31.II,D,6,Wlp,0,-,0,,2,3,5,5,4,4,,
32.I,A,1,Trr,0,+,0,,2,4,5,5,5,4,,
32.I,A,2,Mdv,0,+,0,,2,1,2,1,1,1,,
32.I,A,3,Cdv,0,+,0,,2,2,6,5,4,5,,
32.I,A,4,Cny,0,+,0,,2,2,4,4,4,4,,
32.I,A,5,McC,0,+,0,,2,3,3,3,3,3,,
32.I,A,6,Mll,0,+,0,,2,4,5,5,5,6,,
32.I,B,1,Trr,B,-,0,,3,4,4,6,7,6,,
32.I,B,2,Mdv,B,-,0,,2,3,4,4,4,4,,
32.I,B,3,Cdv,B,-,0,,2,2,3,3,2,3,,
32.I,B,4,Cny,B,-,0,,3,3,3,4,4,4,,
32.I,B,5,McC,B,-,0,,3,4,4,4,4,4,,
32.I,B,6,Mll,B,-,0,,2,2,2,5,5,4,,
32.I,C,1,Trr,B,+,S,,2,2,7,8,8,8,,
32.I,C,2,Mdv,B,+,S,,2,2,2,2,2,2,,
32.I,C,3,Cdv,B,+,S,,2,2,3,4,4,4,,
32.I,C,4,Cny,B,+,S,,3,3,4,5,5,5,,
32.I,C,5,McC,B,+,S,,3,3,3,5,5,5,,
32.I,C,6,Mll,B,+,S,,2,3,4,5,4,4,,
32.I,D,1,Trr,B,-,S,,2,2,5,6,6,4,,
32.I,D,2,Mdv,B,-,S,,3,3,2,2,3,3,,
32.I,D,3,Cdv,B,-,S,,2,2,4,4,5,4,,
32.I,D,4,Cny,B,-,S,,2,2,4,3,3,3,,
32.I,D,5,McC,B,-,S,,3,4,5,5,6,6,,
32.I,D,6,Mll,B,-,S,,3,3,6,5,6,6,,
32.II,A,1,Trr,0,-,S,,3,5,5,10,10,10,,
32.II,A,2,Mdv,0,-,S,,2,3,3,1,1,2,,
32.II,A,3,Cdv,0,-,S,,2,3,3,5,5,6,,
32.II,A,4,Cny,0,-,S,,2,2,3,3,3,3,,
32.II,A,5,McC,0,-,S,,2,2,2,2,2,2,,
32.II,A,6,Mll,0,-,S,,3,5,5,7,6,8,,
32.II,B,1,Trr,0,+,S,,2,2,3,3,2,2,,
32.II,B,2,Mdv,0,+,S,,2,2,3,1,2,2,,
32.II,B,3,Cdv,0,+,S,,2,2,2,3,2,2,,
32.II,B,4,Cny,0,+,S,,2,2,4,4,2,4,,
32.II,B,5,McC,0,+,S,,2,4,5,5,4,4,,
32.II,B,6,Mll,0,+,S,,2,3,6,6,6,6,,
32.II,C,1,Trr,0,-,0,,5,5,4,8,8,8,,
32.II,C,2,Mdv,0,-,0,,2,2,2,2,2,2,,
32.II,C,3,Cdv,0,-,0,,2,2,4,4,4,4,,
32.II,C,4,Cny,0,-,0,,2,3,6,6,6,6,,
32.II,C,5,McC,0,-,0,,2,2,4,4,4,4,,
32.II,C,6,Mll,0,-,0,,2,2,4,5,5,4,,
32.II,D,1,Trr,B,+,0,,3,3,6,6,6,6,,
32.II,D,2,Mdv,B,+,0,,2,1,1,1,1,0,,
32.II,D,3,Cdv,B,+,0,,2,2,3,5,5,5,,
32.II,D,4,Cny,B,+,0,,3,3,6,7,7,6,,
32.II,D,5,McC,B,+,0,,2,2,3,3,4,4,,
32.II,D,6,Mll,B,+,0,,3,3,6,7,6,6,,
33.I,A,1,Cst,B,+,S,,2,2,5,8,11,14,,
33.I,A,2,Tgd,B,+,S,,2,2,4,5,8,9,,
33.I,A,3,RgP,B,+,S,,2,2,4,6,3,3,,
33.I,A,4,Wlp,B,+,S,,1,0,0,0,0,0,,
33.I,A,5,CnP,B,+,S,,3,2,4,5,7,9,,
33.I,A,6,Brd,B,+,S,,1,1,2,2,3,3,,
33.I,B,1,Cst,B,+,0,,2,3,6,8,12,15,,
33.I,B,2,Tgd,B,+,0,,3,4,4,7,9,12,,
33.I,B,3,RgP,B,+,0,,1,1,1,2,2,2,,
33.I,B,4,Wlp,B,+,0,,3,3,5,6,5,5,,
33.I,B,5,CnP,B,+,0,,3,3,5,8,10,11,,
33.I,B,6,Brd,B,+,0,,2,3,5,5,6,5,,
33.I,C,1,Cst,0,-,S,,2,2,4,6,10,12,,
33.I,C,2,Tgd,0,-,S,,2,2,2,6,7,7,,
33.I,C,3,RgP,0,-,S,,3,4,5,6,7,8,,
33.I,C,4,Wlp,0,-,S,,3,3,6,7,7,7,,
33.I,C,5,CnP,0,-,S,,2,2,4,5,7,8,,
33.I,C,6,Brd,0,-,S,,1,2,5,5,3,4,,
33.I,D,1,Cst,0,-,0,,2,3,6,10,11,18,,
33.I,D,2,Tgd,0,-,0,,2,2,3,6,9,13,,
33.I,D,3,RgP,0,-,0,,2,3,3,5,4,6,,
33.I,D,4,Wlp,0,-,0,,3,3,5,4,4,6,,
33.I,D,5,CnP,0,-,0,,2,2,4,5,8,8,,
33.I,D,6,Brd,0,-,0,,2,2,4,6,7,9,,
33.II,A,1,Cst,0,+,0,,2,2,3,5,7,10,,
33.II,A,2,Tgd,0,+,0,,2,3,5,8,11,12,,
33.II,A,3,RgP,0,+,0,,2,2,3,7,8,7,,
33.II,A,4,Wlp,0,+,0,,2,3,4,8,9,14,,
33.II,A,5,CnP,0,+,0,,2,3,4,9,9,10,,
33.II,A,6,Brd,0,+,0,,2,3,5,7,8,10,,
33.II,B,1,Cst,B,-,0,,2,2,3,7,8,11,,
33.II,B,2,Tgd,B,-,0,,2,2,6,7,13,12,,
33.II,B,3,RgP,B,-,0,,2,4,6,7,10,14,,
33.II,B,4,Wlp,B,-,0,,3,3,4,4,4,3,,
33.II,B,5,CnP,B,-,0,,2,2,4,5,5,5,,
33.II,B,6,Brd,B,-,0,,2,3,4,6,5,4,,
33.II,C,1,Cst,0,+,S,,3,2,4,6,11,13,,
33.II,C,2,Tgd,0,+,S,,2,3,5,7,11,13,,
33.II,C,3,RgP,0,+,S,,2,4,4,6,7,7,,
33.II,C,4,Wlp,0,+,S,,4,3,4,4,3,5,,
33.II,C,5,CnP,0,+,S,,2,2,3,3,2,3,,
33.II,C,6,Brd,0,+,S,,2,4,4,4,2,4,,
33.II,D,1,Cst,B,-,S,,2,2,3,6,8,7,,
33.II,D,2,Tgd,B,-,S,,3,3,5,6,6,6,,
33.II,D,3,RgP,B,-,S,,2,2,4,5,5,5,,
33.II,D,4,Wlp,B,-,S,,3,4,5,5,5,4,,
33.II,D,5,CnP,B,-,S,,2,2,3,3,4,3,,
33.II,D,6,Brd,B,-,S,,2,4,4,5,7,6,,
34.I,A,1,HBE,B,-,S,,6,7,9,14,11,10,,
34.I,A,2,Arb,B,-,S,,2,2,2,2,2,1,,
34.I,A,3,Wld,B,-,S,,3,3,4,8,8,7,,
34.I,A,4,CnP,B,-,S,,3,5,5,9,8,9,,
34.I,A,5,Rtt,B,-,S,,2,3,4,5,4,5,,
34.I,A,6,Scg,B,-,S,,3,3,4,5,5,7,,
34.I,B,1,HBE,B,-,0,,2,4,6,6,7,7,,
34.I,B,2,Arb,B,-,0,,3,2,2,1,1,1,,
34.I,B,3,Wld,B,-,0,,3,4,3,4,4,4,,
34.I,B,4,CnP,B,-,0,,2,2,4,4,4,5,,
34.I,B,5,Rtt,B,-,0,,2,2,5,6,5,5,,
34.I,B,6,Scg,B,-,0,,2,3,4,5,3,3,,
34.I,C,1,HBE,B,+,S,,2,2,4,4,3,3,,
34.I,C,2,Arb,B,+,S,,3,4,3,3,3,3,,
34.I,C,3,Wld,B,+,S,,3,4,5,5,5,5,,
34.I,C,4,CnP,B,+,S,,2,2,4,5,5,5,,
34.I,C,5,Rtt,B,+,S,,3,3,3,6,4,5,,
34.I,C,6,Scg,B,+,S,,2,4,4,7,8,8,,
34.I,D,1,HBE,0,+,0,,3,3,2,4,3,3,,
34.I,D,2,Arb,0,+,0,,2,1,2,2,2,2,,
34.I,D,3,Wld,0,+,0,,3,4,5,6,6,6,,
34.I,D,4,CnP,0,+,0,,2,4,5,6,8,9,,
34.I,D,5,Rtt,0,+,0,,2,4,3,5,4,5,,
34.I,D,6,Scg,0,+,0,,2,2,5,8,7,7,,
34.II,A,1,HBE,0,+,S,,2,2,4,5,5,5,,
34.II,A,2,Arb,0,+,S,,2,2,2,2,2,2,,
34.II,A,3,Wld,0,+,S,,4,6,6,6,5,5,,
34.II,A,4,CnP,0,+,S,,2,4,6,6,5,4,,
34.II,A,5,Rtt,0,+,S,,2,3,4,5,5,4,,
34.II,A,6,Scg,0,+,S,,2,3,6,7,8,6,,
34.II,B,1,HBE,0,-,S,,2,4,3,6,6,5,,
34.II,B,2,Arb,0,-,S,,2,2,2,2,2,4,,
34.II,B,3,Wld,0,-,S,,4,4,4,5,5,5,,
34.II,B,4,CnP,0,-,S,,2,2,5,5,6,6,,
34.II,B,5,Rtt,0,-,S,,2,2,4,5,5,5,,
34.II,B,6,Scg,0,-,S,,2,2,3,3,3,3,,
34.II,C,1,HBE,0,-,0,,2,3,4,5,7,6,,
34.II,C,2,Arb,0,-,0,,2,2,2,1,1,1,,
34.II,C,3,Wld,0,-,0,,2,3,3,4,3,3,,
34.II,C,4,CnP,0,-,0,,2,2,4,4,4,5,,
34.II,C,5,Rtt,0,-,0,,2,2,3,4,5,5,,
34.II,C,6,Scg,0,-,0,,2,3,3,3,2,2,,
34.II,D,1,HBE,B,+,0,,3,4,5,3,3,3,,
34.II,D,2,Arb,B,+,0,,2,2,1,1,1,1,,
34.II,D,3,Wld,B,+,0,,2,4,5,7,6,6,,
34.II,D,4,CnP,B,+,0,,2,3,4,5,5,5,,
34.II,D,5,Rtt,B,+,0,,2,3,4,6,6,6,,
34.II,D,6,Scg,B,+,0,,2,2,4,5,5,4,,
35.I,A,1,WDf,B,+,0,,2,2,5,4,4,4,,
35.I,A,2,Brc,B,+,0,,2,5,5,7,7,8,,
35.I,A,3,Dhl,B,+,0,,2,2,3,4,4,4,,
35.I,A,4,Wlp,B,+,0,,2,2,6,6,6,6,,
35.I,A,5,CnP,B,+,0,,2,2,5,6,8,8,,
35.I,A,6,Okb,B,+,0,,4,4,6,6,4,5,,
35.I,B,1,WDf,0,+,S,,3,3,5,4,3,3,,
35.I,B,2,Brc,0,+,S,,2,4,5,5,5,5,,
35.I,B,3,Dhl,0,+,S,,2,2,3,3,3,3,,
35.I,B,4,Wlp,0,+,S,,3,3,4,4,4,4,,
35.I,B,5,CnP,0,+,S,,2,3,4,8,8,9,,
35.I,B,6,Okb,0,+,S,,3,3,4,7,6,6,,
35.I,C,1,WDf,0,+,0,,2,2,4,5,5,5,,
35.I,C,2,Brc,0,+,0,,3,2,4,5,4,4,,
35.I,C,3,Dhl,0,+,0,,2,3,4,4,3,4,,
35.I,C,4,Wlp,0,+,0,,2,4,3,3,3,3,,
35.I,C,5,CnP,0,+,0,,2,3,6,6,4,6,,
35.I,C,6,Okb,0,+,0,,2,2,5,6,6,5,,
35.I,D,1,WDf,B,-,0,,2,3,6,6,6,5,,
35.I,D,2,Brc,B,-,0,,2,4,6,8,5,4,,
35.I,D,3,Dhl,B,-,0,,3,3,6,6,4,4,,
35.I,D,4,Wlp,B,-,0,,3,5,6,7,6,4,,
35.I,D,5,CnP,B,-,0,,2,3,6,7,6,6,,
35.I,D,6,Okb,B,-,0,,3,5,7,9,8,9,,
35.II,A,1,WDf,0,-,S,,2,3,5,4,3,5,,
35.II,A,2,Brc,0,-,S,,3,4,6,8,8,7,,
35.II,A,3,Dhl,0,-,S,,2,2,2,3,2,2,,
35.II,A,4,Wlp,0,-,S,,2,3,4,5,4,4,,
35.II,A,5,CnP,0,-,S,,3,3,3,6,5,6,,
35.II,A,6,Okb,0,-,S,,2,1,2,2,2,2,,
35.II,B,1,WDf,B,-,S,,3,3,4,4,2,3,,
35.II,B,2,Brc,B,-,S,,2,3,6,7,8,8,,
35.II,B,3,Dhl,B,-,S,,2,3,3,4,4,4,,
35.II,B,4,Wlp,B,-,S,,2,2,4,5,5,4,,
35.II,B,5,CnP,B,-,S,,2,4,6,8,6,9,,
35.II,B,6,Okb,B,-,S,,3,4,5,6,5,5,,
35.II,C,1,WDf,B,+,S,,3,4,6,6,7,8,,
35.II,C,2,Brc,B,+,S,,3,4,4,4,4,5,,
35.II,C,3,Dhl,B,+,S,,3,4,4,4,4,4,,
35.II,C,4,Wlp,B,+,S,,2,2,3,3,4,4,,
35.II,C,5,CnP,B,+,S,,3,3,4,4,5,5,,
35.II,C,6,Okb,B,+,S,,3,2,3,4,4,4,,
35.II,D,1,WDf,0,-,0,,2,3,6,6,5,5,,
35.II,D,2,Brc,0,-,0,,2,2,3,4,4,4,,
35.II,D,3,Dhl,0,-,0,,3,3,4,4,4,4,,
35.II,D,4,Wlp,0,-,0,,2,3,4,4,4,4,,
35.II,D,5,CnP,0,-,0,,2,3,5,6,6,6,,
35.II,D,6,Okb,0,-,0,,2,2,4,4,4,4,,
36.I,A,1,McT,0,-,S,,3,4,6,8,9,8,,
36.I,A,2,Brd,0,-,S,,3,3,4,4,3,4,,
36.I,A,3,Rtt,0,-,S,,4,4,6,6,6,7,,
36.I,A,4,Kls,0,-,S,,2,4,6,8,9,9,,
36.I,A,5,Cdv,0,-,S,,3,3,6,6,5,5,,
36.I,A,6,Okb,0,-,S,,2,3,3,5,5,5,,
36.I,B,1,McT,0,+,S,,2,3,7,8,9,8,,
36.I,B,2,Brd(Rtt),0,+,S,,4,4,6,6,7,8,ERROR,Rtt microbes applied in error over already applied Brd microbes
36.I,B,3,Rtt,0,+,S,,2,2,2,4,4,3,,
36.I,B,4,Kls,0,+,S,,2,2,5,5,5,5,,
36.I,B,5,Cdv,0,+,S,,2,2,1,1,2,2,,
36.I,B,6,Okb,0,+,S,,2,2,2,2,3,3,,
36.I,C,1,McT,B,+,S,,2,4,6,9,12,12,,
36.I,C,2,Brd(Rtt),B,+,S,,2,2,3,3,3,4,ERROR,Rtt microbes applied in error over already applied Brd microbes
36.I,C,3,Rtt,B,+,S,,2,2,4,5,5,5,,
36.I,C,4,Kls,B,+,S,,2,3,4,5,5,5,,
36.I,C,5,Cdv,B,+,S,,3,4,5,4,3,5,,
36.I,C,6,Okb,B,+,S,,2,4,3,4,4,4,,
36.I,D,1,McT,B,+,0,,2,4,7,8,10,9,,
36.I,D,2,Brd(Rtt),B,+,0,,3,5,6,6,6,5,ERROR,Rtt microbes applied in error over already applied Brd microbes
36.I,D,3,Rtt,B,+,0,,3,2,3,3,4,5,,
36.I,D,4,Kls,B,+,0,,2,2,3,5,7,7,,
36.I,D,5,Cdv,B,+,0,,2,3,4,8,6,7,,
36.I,D,6,Okb,B,+,0,,2,1,2,2,2,4,,
36.II,A,1,McT,B,-,S,,2,3,4,6,8,8,,
36.II,A,2,Brd,B,-,S,,2,3,3,3,3,3,,
36.II,A,3,Rtt,B,-,S,,2,2,5,6,5,6,,
36.II,A,4,Kls,B,-,S,,2,3,5,6,6,6,,
36.II,A,5,Cdv,B,-,S,,3,4,5,8,8,8,,
36.II,A,6,Okb,B,-,S,,2,3,4,8,8,7,,
36.II,B,1,McT,0,-,0,,2,3,4,6,7,6,,
36.II,B,2,Brd,0,-,0,,2,3,4,5,4,5,,
36.II,B,3,Rtt,0,-,0,,3,5,7,7,7,8,,
36.II,B,4,Kls,0,-,0,,2,4,6,8,8,8,,
36.II,B,5,Cdv,0,-,0,,2,4,5,8,8,9,,
36.II,B,6,Okb,0,-,0,,2,3,3,5,5,5,,
36.II,C,1,McT,B,-,0,,2,2,3,5,5,6,,
36.II,C,2,Brd,B,-,0,,2,4,3,3,6,6,,
36.II,C,3,Rtt,B,-,0,,2,5,7,9,9,9,,
36.II,C,4,Kls,B,-,0,,2,2,3,6,5,6,,
36.II,C,5,Cdv,B,-,0,,2,2,4,6,6,6,,
36.II,C,6,Okb,B,-,0,,3,3,5,7,6,8,,
36.II,D,1,McT,0,+,0,,1,2,4,4,5,5,,
36.II,D,2,Brd(Rtt),0,+,0,,2,3,4,8,6,7,ERROR,Rtt microbes applied in error over already applied Brd microbes
36.II,D,3,Rtt,0,+,0,,2,2,3,4,3,4,,
36.II,D,4,Kls,0,+,0,,2,2,4,6,6,7,,
36.II,D,5,Cdv,0,+,0,,2,2,4,6,7,7,,
36.II,D,6,Okb,0,+,0,,2,3,4,6,6,6,,
37.I,A,1,McC,0,-,0,,2,3,2,3,3,4,,
37.I,A,2,Cny,0,-,0,,2,2,5,6,7,8,,
37.I,A,3,Aqt,0,-,0,,3,3,5,5,5,6,,
37.I,A,4,Nnq,0,-,0,,2,2,2,2,3,3,,
37.I,A,5,Brc,0,-,0,,2,3,3,5,5,4,,
37.I,A,6,Grn,0,-,0,,2,2,2,3,3,2,,
37.I,B,1,McC,0,+,S,,2,3,3,3,3,3,,
37.I,B,2,Cny,0,+,S,,2,2,2,3,1,2,,
37.I,B,3,Aqt,0,+,S,,2,3,4,4,2,3,,
37.I,B,4,Nnq,0,+,S,,2,2,2,4,3,5,,
37.I,B,5,Brc,0,+,S,,2,2,2,6,5,5,,
37.I,B,6,Grn,0,+,S,,2,3,3,4,5,5,,
37.I,C,1,McC,B,-,0,,2,3,4,4,4,7,,
37.I,C,2,Cny,B,-,0,,3,3,3,4,3,4,,
37.I,C,3,Aqt,B,-,0,,2,2,2,5,4,4,,
37.I,C,4,Nnq,B,-,0,,2,2,3,4,4,4,,
37.I,C,5,Brc,B,-,0,,2,2,2,3,4,3,,
37.I,C,6,Grn,B,-,0,,3,4,4,7,5,5,,
37.I,D,1,McC,B,-,S,,2,4,4,6,4,4,,
37.I,D,2,Cny,B,-,S,,2,3,3,8,7,6,,
37.I,D,3,Aqt,B,-,S,,2,3,4,6,5,6,,
37.I,D,4,Nnq,B,-,S,,2,1,0,0,0,0,,
37.I,D,5,Brc,B,-,S,,2,4,6,8,10,7,,
37.I,D,6,Grn,B,-,S,,2,3,2,3,3,3,,
37.II,A,1,McC,0,+,0,,2,4,8,9,10,14,,
37.II,A,2,Cny,0,+,0,,2,2,1,2,3,4,,
37.II,A,3,Aqt,0,+,0,,3,1,2,3,3,3,,
37.II,A,4,Nnq,0,+,0,,2,2,2,4,4,4,,
37.II,A,5,Brc,0,+,0,,3,3,3,7,7,7,,
37.II,A,6,Grn,0,+,0,,2,2,2,3,3,3,,
37.II,B,1,McC,0,-,S,,2,4,6,6,5,9,,
37.II,B,2,Cny,0,-,S,,2,2,1,2,1,1,,
37.II,B,3,Aqt,0,-,S,,1,2,4,4,4,5,,
37.II,B,4,Nnq,0,-,S,,3,3,4,4,4,3,,
37.II,B,5,Brc,0,-,S,,2,3,3,5,4,4,,
37.II,B,6,Grn,0,-,S,,2,2,4,4,3,4,,
37.II,C,1,McC,B,+,S,,4,4,4,7,9,8,,
37.II,C,2,Cny,B,+,S,,2,2,3,3,3,3,,
37.II,C,3,Aqt,B,+,S,,3,4,4,4,2,2,,
37.II,C,4,Nnq,B,+,S,,2,2,2,4,4,5,,
37.II,C,5,Brc,B,+,S,,2,3,3,4,4,4,,
37.II,C,6,Grn,B,+,S,,3,2,3,4,4,2,,
37.II,D,1,McC,B,+,0,,2,4,4,8,7,8,,
37.II,D,2,Cny,B,+,0,,2,2,3,5,5,4,,
37.II,D,3,Aqt,B,+,0,,2,3,4,7,7,8,,
37.II,D,4,Nnq,B,+,0,,2,2,4,4,4,4,,
37.II,D,5,Brc,B,+,0,,2,4,6,8,7,7,,
37.II,D,6,Grn,B,+,0,,3,3,3,4,1,1,,
38.I,A,1,KSR,B,-,S,,3,6,8,10,9,9,,
38.I,A,2,Ars,B,-,S,,2,3,5,5,5,7,,
38.I,A,3,ClD,B,-,S,,3,4,6,10,11,13,,
38.I,A,4,Lgy,B,-,S,,3,4,6,8,8,8,,
38.I,A,5,ClD,B,-,S,,2,2,3,4,7,7,,
38.I,A,6,Tph,B,-,S,,3,3,8,14,17,22,,
38.I,B,1,KSR,B,+,S,,2,4,5,9,7,6,,
38.I,B,2,Ars,B,+,S,,2,4,7,7,11,11,,
38.I,B,3,ClD,B,+,S,,2,4,4,8,8,10,,
38.I,B,4,Lgy,B,+,S,,2,4,7,8,10,12,,
38.I,B,5,ClD,B,+,S,,2,4,5,6,5,9,,
38.I,B,6,Tph,B,+,S,,2,2,4,6,6,6,,
38.I,C,1,KSR,0,-,S,,4,4,4,4,2,5,,
38.I,C,2,Ars,0,-,S,,2,4,6,5,7,5,,
38.I,C,3,ClD,0,-,S,,2,4,4,8,7,8,,
38.I,C,4,Lgy,0,-,S,,2,2,3,4,5,6,,
38.I,C,5,ClD,0,-,S,,2,2,2,2,2,2,,
38.I,C,6,Tph,0,-,S,,3,5,6,9,6,7,,
38.I,D,1,KSR,0,+,0,,3,3,3,3,2,2,,
38.I,D,2,Ars,0,+,0,,2,4,6,8,8,7,,
38.I,D,3,ClD,0,+,0,,2,3,4,5,5,5,,
38.I,D,4,Lgy,0,+,0,,2,2,2,2,2,2,,
38.I,D,5,ClD,0,+,0,,2,2,2,4,4,4,,
38.I,D,6,Tph,0,+,0,,2,4,5,5,8,7,,
38.II,A,1,KSR,0,-,0,,2,3,4,4,4,3,,
38.II,A,2,Ars,0,-,0,,1,2,4,4,4,4,,
38.II,A,3,ClD,0,-,0,,2,2,4,4,4,3,,
38.II,A,4,Lgy,0,-,0,,2,3,4,3,3,3,,
38.II,A,5,ClD,0,-,0,,2,3,4,4,3,3,,
38.II,A,6,Tph,0,-,0,,3,4,3,5,3,4,,
38.II,B,1,KSR,0,+,S,,3,3,3,3,4,4,,
38.II,B,2,Ars,0,+,S,,2,2,4,4,4,4,,
38.II,B,3,ClD,0,+,S,,2,2,4,3,2,4,,
38.II,B,4,Lgy,0,+,S,,2,2,3,3,2,3,,
38.II,B,5,ClD,0,+,S,,3,3,4,5,4,4,,
38.II,B,6,Tph,0,+,S,,3,3,5,5,5,5,,
38.II,C,1,KSR,B,-,0,,2,2,4,4,2,3,,
38.II,C,2,Ars,B,-,0,,2,4,6,6,2,3,,
38.II,C,3,ClD,B,-,0,,2,4,4,4,3,3,,
38.II,C,4,Lgy,B,-,0,,2,3,4,4,4,4,,
38.II,C,5,ClD,B,-,0,,2,2,4,4,2,3,,
38.II,C,6,Tph,B,-,0,,3,5,6,6,4,5,,
38.II,D,1,KSR,B,+,0,,2,4,6,6,5,7,,
38.II,D,2,Ars,B,+,0,,2,2,3,3,1,3,,
38.II,D,3,ClD,B,+,0,,2,3,4,7,7,5,,
38.II,D,4,Lgy,B,+,0,,2,3,4,4,5,4,,
38.II,D,5,ClD,B,+,0,,2,4,4,4,2,2,,
38.II,D,6,Tph,B,+,0,,2,4,4,6,4,4,,
39.I,A,1,McT,0,-,0,,3,3,5,8,11,9,,
39.I,A,2,WDf,0,-,0,,2,2,3,3,5,5,,
39.I,A,3,LnH,0,-,0,,3,2,3,4,4,4,,
39.I,A,4,Aqt,0,-,0,,2,2,4,4,4,4,,
39.I,A,5,Cdv,0,-,0,,2,2,3,3,4,3,,
39.I,A,6,UTM,0,-,0,,2,4,4,7,8,6,,
39.I,B,1,McT,B,-,0,,2,3,5,4,5,6,,
39.I,B,2,WDf,B,-,0,,2,4,4,5,4,5,,
39.I,B,3,LnH,B,-,0,,2,1,4,3,2,3,,
39.I,B,4,Aqt,B,-,0,,2,2,3,4,4,4,,
39.I,B,5,Cdv,B,-,0,,2,2,3,3,3,3,,
39.I,B,6,UTM,B,-,0,,2,4,3,5,5,5,,
39.I,C,1,McT,B,+,S,,2,2,4,3,2,2,,
39.I,C,2,WDf,B,+,S,,3,4,4,4,5,3,,
39.I,C,3,LnH,B,+,S,,2,2,1,2,3,3,,
39.I,C,4,Aqt,B,+,S,,2,2,2,5,5,5,,
39.I,C,5,Cdv,B,+,S,,3,4,3,5,4,5,,
39.I,C,6,UTM,B,+,S,,3,3,4,4,5,6,,
39.I,D,1,McT,0,+,S,,2,2,4,6,8,8,,
39.I,D,2,WDf,0,+,S,,1,2,4,4,5,5,,
39.I,D,3,LnH,0,+,S,,3,1,1,1,1,1,,
39.I,D,4,Aqt,0,+,S,,2,1,2,2,2,2,,
39.I,D,5,Cdv,0,+,S,,2,2,2,4,3,3,,
39.I,D,6,UTM,0,+,S,,3,4,5,8,8,8,,
39.II,A,1,McT,0,-,S,,3,4,4,7,8,7,,
39.II,A,2,WDf,0,-,S,,2,3,4,4,3,3,,
39.II,A,3,LnH,0,-,S,,1,2,2,3,3,3,,
39.II,A,4,Aqt,0,-,S,,2,2,3,3,3,3,,
39.II,A,5,Cdv,0,-,S,,2,2,3,4,5,4,,
39.II,A,6,UTM,0,-,S,,2,3,3,3,4,2,,
39.II,B,1,McT,0,+,0,,2,4,4,6,8,7,,
39.II,B,2,WDf,0,+,0,,3,3,3,4,4,4,,
39.II,B,3,LnH,0,+,0,,2,2,1,1,2,2,,
39.II,B,4,Aqt,0,+,0,,2,2,2,2,2,3,,
39.II,B,5,Cdv,0,+,0,,2,2,2,4,3,4,,
39.II,B,6,UTM,0,+,0,,2,2,3,4,4,4,,
39.II,C,1,McT,B,-,S,,2,2,4,4,5,5,,
39.II,C,2,WDf,B,-,S,,2,2,2,3,3,3,,
39.II,C,3,LnH,B,-,S,,2,2,3,3,3,4,,
39.II,C,4,Aqt,B,-,S,,2,4,6,6,6,5,,
39.II,C,5,Cdv,B,-,S,,1,2,2,2,2,2,,
39.II,C,6,UTM,B,-,S,,2,4,6,6,5,7,,
39.II,D,1,McT,B,+,0,,3,4,4,8,8,8,,
39.II,D,2,WDf,B,+,0,,2,2,6,6,4,6,,
39.II,D,3,LnH,B,+,0,,2,4,4,3,1,2,,
39.II,D,4,Aqt,B,+,0,,3,2,3,4,6,6,,
39.II,D,5,Cdv,B,+,0,,2,2,3,4,4,4,,
39.II,D,6,UTM,B,+,0,,2,2,4,2,2,2,,
40.I,A,1,Bxh,B,-,0,,3,2,3,3,3,0,,
40.I,A,2,Sgb,B,-,0,,3,3,1,1,1,1,,
40.I,A,3,Cny,B,+,0,,3,4,5,5,6,7,,meant to be minus accidentally became plus micr at setup
40.I,A,4,Swn,B,-,0,,3,3,1,2,2,1,,
40.I,A,5,Lyt,B,-,0,,4,4,6,6,9,8,,
40.I,A,6,Chr,B,-,0,,2,4,4,6,9,9,,
40.I,B,1,Bxh,0,-,S,,3,3,3,2,2,2,,
40.I,B,2,Sgb,0,-,S,,2,2,1,1,2,2,,
40.I,B,3,Cny,0,+,S,,2,4,5,6,6,8,,meant to be minus accidentally became plus micr at setup
40.I,B,4,Swn,0,-,S,,3,1,1,1,1,2,,
40.I,B,5,Lyt,0,-,S,,2,2,4,3,5,4,,
40.I,B,6,Chr,0,-,S,,2,2,5,6,5,6,,
40.I,C,1,Bxh,0,-,0,,3,2,2,2,3,3,,
40.I,C,2,Sgb,0,-,0,,3,2,2,1,2,1,,
40.I,C,3,Cny,0,+,0,,2,2,4,3,2,3,,meant to be minus accidentally became plus micr at setup
40.I,C,4,Swn,0,-,0,,3,3,2,1,3,3,,
40.I,C,5,Lyt,0,-,0,,2,2,3,5,7,7,,
40.I,C,6,Chr,0,-,0,,5,5,12,10,10,10,,
40.I,D,1,Bxh,B,-,S,,2,4,4,3,3,3,,
40.I,D,2,Sgb,B,-,S,,4,2,2,2,4,2,,
40.I,D,3,Cny,B,+,S,,2,3,5,7,8,9,,meant to be minus accidentally became plus micr at setup
40.I,D,4,Swn,B,-,S,,2,2,1,1,1,2,,
40.I,D,5,Lyt,B,-,S,,3,4,3,5,9,9,,
40.I,D,6,Chr,B,-,S,,2,2,3,5,5,7,,
40.II,A,1,Bxh,0,+,0,,3,4,4,7,7,7,,
40.II,A,2,Sgb,0,+,0,,2,2,2,1,1,2,,
40.II,A,3,Cny,0,-,0,,2,4,3,3,3,3,,meant to be plus shifted to minus to compensate setup error
40.II,A,4,Swn,0,+,0,,2,2,2,2,1,1,,
40.II,A,5,Lyt,0,+,0,,2,2,4,4,6,7,,
40.II,A,6,Chr,0,+,0,,2,2,4,6,8,7,,
40.II,B,1,Bxh,B,+,S,,2,2,4,4,4,5,,
40.II,B,2,Sgb,B,+,S,,2,1,1,1,1,1,,
40.II,B,3,Cny,B,-,S,,2,2,5,8,8,7,,meant to be plus shifted to minus to compensate setup error
40.II,B,4,Swn,B,+,S,,2,2,2,2,2,1,,
40.II,B,5,Lyt,B,+,S,,2,2,3,5,6,6,,
40.II,B,6,Chr,B,+,S,,3,3,4,6,9,7,,
40.II,C,1,Bxh,B,+,0,,2,2,3,4,3,4,,
40.II,C,2,Sgb,B,+,0,,2,2,1,1,1,0,,
40.II,C,3,Cny,B,-,0,,2,2,2,3,4,3,,meant to be plus shifted to minus to compensate setup error
40.II,C,4,Swn,B,+,0,,2,2,1,1,1,1,,
40.II,C,5,Lyt,B,+,0,,2,3,2,4,7,8,,
40.II,C,6,Chr,B,+,0,,2,2,2,5,5,5,,
40.II,D,1,Bxh,0,+,S,,2,2,1,1,4,2,,
40.II,D,2,Sgb,0,+,S,,3,2,1,0,0,0,,
40.II,D,3,Cny,0,-,S,,3,2,5,5,6,6,,meant to be plus shifted to minus to compensate setup error
40.II,D,4,Swn,0,+,S,,2,2,1,1,1,1,,
40.II,D,5,Lyt,0,+,S,,2,3,1,1,2,3,,
40.II,D,6,Chr,0,+,S,,2,2,3,3,5,4,,
41.I,A,1,Tgd,0,+,0,,2,4,6,6,12,10,,
41.I,A,2,Aqt,0,+,0,,3,3,6,10,8,8,,
41.I,A,3,Lgy,0,+,0,,2,2,3,2,2,3,,
41.I,A,4,LnH,0,+,0,,2,2,3,4,6,6,,
41.I,A,5,Rtt,0,+,0,,2,4,4,7,9,11,,
41.I,A,6,Wll,0,+,0,,4,6,7,8,9,12,,
41.I,B,1,Tgd,B,+,0,,2,2,4,5,9,10,,
41.I,B,2,Aqt,B,+,0,,6,6,8,8,9,10,,
41.I,B,3,Lgy,B,+,0,,3,4,4,4,4,5,,
41.I,B,4,LnH,B,+,0,,3,2,3,4,6,6,,
41.I,B,5,Rtt,B,+,0,,3,3,3,4,7,8,,
41.I,B,6,Wll,B,+,0,,2,4,8,10,14,14,,
41.I,C,1,Tgd,0,-,0,,3,2,5,4,3,5,,
41.I,C,2,Aqt,0,-,0,,3,2,4,4,4,6,,
41.I,C,3,Lgy,0,-,0,,2,2,4,4,5,5,,
41.I,C,4,LnH,0,-,0,,3,2,3,3,4,3,,
41.I,C,5,Rtt,0,-,0,,2,2,3,6,8,10,,
41.I,C,6,Wll,0,-,0,,3,3,6,7,11,14,,
41.I,D,1,Tgd,0,+,S,,3,4,6,8,10,10,,
41.I,D,2,Aqt,0,+,S,,4,2,6,7,6,5,,
41.I,D,3,Lgy,0,+,S,,2,2,3,4,5,4,,
41.I,D,4,LnH,0,+,S,,2,2,2,1,1,2,,
41.I,D,5,Rtt,0,+,S,,3,3,4,6,9,11,,
41.I,D,6,Wll,0,+,S,,2,2,4,5,9,9,,
41.II,A,1,Tgd,B,+,S,,2,2,4,5,8,8,,
41.II,A,2,Aqt,B,+,S,,3,5,6,8,9,9,,
41.II,A,3,Lgy,B,+,S,,3,3,3,4,5,5,,
41.II,A,4,LnH,B,+,S,,2,2,3,5,6,6,,
41.II,A,5,Rtt,B,+,S,,2,3,4,1,3,5,,
41.II,A,6,Wll,B,+,S,,2,4,5,8,11,11,,
41.II,B,1,Tgd,0,-,S,,2,2,4,6,9,9,,
41.II,B,2,Aqt,0,-,S,,2,2,4,5,5,5,,
41.II,B,3,Lgy,0,-,S,,2,3,4,6,8,7,,
41.II,B,4,LnH,0,-,S,,2,3,4,4,5,4,,
41.II,B,5,Rtt,0,-,S,,2,3,5,7,9,12,,
41.II,B,6,Wll,0,-,S,,3,4,4,6,9,11,,
41.II,C,1,Tgd,B,-,0,,2,3,4,6,5,7,,
41.II,C,2,Aqt,B,-,0,,3,4,5,6,7,5,,
41.II,C,3,Lgy,B,-,0,,2,4,5,6,5,5,,
41.II,C,4,LnH,B,-,0,,2,2,3,2,2,3,,
41.II,C,5,Rtt,B,-,0,,2,4,4,5,5,6,,
41.II,C,6,Wll,B,-,0,,3,3,6,8,8,10,,
41.II,D,1,Tgd,B,-,S,,2,3,5,5,8,8,,
41.II,D,2,Aqt,B,-,S,,3,2,2,2,2,2,,
41.II,D,3,Lgy,B,-,S,,2,3,4,4,5,5,,
41.II,D,4,LnH,B,-,S,,4,4,2,2,2,2,,
41.II,D,5,Rtt,B,-,S,,3,4,6,8,10,15,,
41.II,D,6,Wll,B,-,S,,3,4,5,6,6,9,,
42.I,A,1,CnP,B,+,S,,2,4,5,6,11,11,,
42.I,A,2,Trr,B,+,S,,2,2,4,5,6,7,,
42.I,A,3,Trr,B,+,S,,3,3,4,3,5,6,,
42.I,A,4,Cmb,B,+,S,,3,3,5,8,10,11,,
42.I,A,5,HBE,B,+,S,,4,4,7,7,10,10,,
42.I,A,6,Nnq,B,+,S,,3,3,3,3,2,2,,
42.I,B,1,CnP,0,+,S,,2,3,4,6,9,10,,
42.I,B,2,Trr,0,+,S,,2,4,6,6,6,6,,
42.I,B,3,Trr,0,+,S,,2,4,6,8,9,9,,
42.I,B,4,Cmb,0,+,S,,2,2,4,4,4,5,,
42.I,B,5,HBE,0,+,S,,3,3,4,4,4,4,,
42.I,B,6,Nnq,0,+,S,,2,3,3,3,3,4,,
42.I,C,1,CnP,B,+,0,,3,4,6,6,7,7,,
42.I,C,2,Trr,B,+,0,,2,3,4,4,4,4,,
42.I,C,3,Trr,B,+,0,,2,2,3,4,3,3,,
42.I,C,4,Cmb,B,+,0,,3,5,6,10,9,12,,
42.I,C,5,HBE,B,+,0,,2,2,4,6,4,5,,
42.I,C,6,Nnq,B,+,0,,2,2,3,3,4,2,,
42.I,D,1,CnP,0,-,0,,3,6,6,9,10,14,,
42.I,D,2,Trr,0,-,0,,2,3,4,5,5,6,,
42.I,D,3,Trr,0,-,0,,2,2,4,5,5,5,,
42.I,D,4,Cmb,0,-,0,,3,4,6,5,2,5,,
42.I,D,5,HBE,0,-,0,,2,2,0,0,0,0,,
42.I,D,6,Nnq,0,-,0,,3,3,2,1,2,1,,
42.II,A,1,CnP,0,+,0,,3,3,4,8,9,12,,
42.II,A,2,Trr,0,+,0,,2,3,4,5,5,5,,
42.II,A,3,Trr,0,+,0,,2,2,4,5,6,5,,
42.II,A,4,Cmb,0,+,0,,2,2,5,5,5,4,,
42.II,A,5,HBE,0,+,0,,3,2,5,4,4,3,,
42.II,A,6,Nnq,0,+,0,,4,4,6,4,4,4,,
42.II,B,1,CnP,B,-,S,,3,3,5,7,7,7,,
42.II,B,2,Trr,B,-,S,,3,4,4,8,9,9,,
42.II,B,3,Trr,B,-,S,,2,2,3,3,3,3,,
42.II,B,4,Cmb,B,-,S,,2,4,5,8,8,8,,
42.II,B,5,HBE,B,-,S,,2,3,3,4,4,4,,
42.II,B,6,Nnq,B,-,S,,2,3,3,4,4,3,,
42.II,C,1,CnP,0,-,S,,2,2,4,7,8,8,,
42.II,C,2,Trr,0,-,S,,4,4,5,5,5,5,,
42.II,C,3,Trr,0,-,S,,2,3,3,3,3,3,,
42.II,C,4,Cmb,0,-,S,,2,4,5,5,6,7,,
42.II,C,5,HBE,0,-,S,,2,2,6,5,5,5,,
42.II,C,6,Nnq,0,-,S,,2,2,4,2,3,3,,
42.II,D,1,CnP,B,-,0,,2,2,5,7,6,6,,
42.II,D,2,Trr,B,-,0,,2,2,4,4,4,5,,
42.II,D,3,Trr,B,-,0,,2,2,4,4,3,3,,
42.II,D,4,Cmb,B,-,0,,2,4,5,5,5,5,,
42.II,D,5,HBE,B,-,0,,2,2,4,4,5,4,,
42.II,D,6,Nnq,B,-,0,,4,3,2,1,2,1,,
43.I,A,1,AjD,0,+,0,,3,4,6,6,4,7,,
43.I,A,2,SHB,0,+,0,,2,4,4,6,6,9,,
43.I,A,3,EPP,0,+,0,,3,3,2,3,3,3,,
43.I,A,4,Kls,0,+,0,,3,3,6,7,8,10,,
43.I,A,5,Sgb,0,+,0,,2,2,1,1,1,1,,
43.I,A,6,Bxh,0,+,0,,5,5,8,10,7,10,,
43.I,B,1,AjD,0,-,0,,2,3,6,6,6,7,,
43.I,B,2,SHB,0,-,0,,2,2,3,6,7,7,,
43.I,B,3,EPP,0,-,0,,2,2,2,2,3,2,,
43.I,B,4,Kls,0,-,0,,3,3,5,7,7,7,,
43.I,B,5,Sgb,0,-,0,,3,3,1,1,1,1,,
43.I,B,6,Bxh,0,-,0,,5,5,5,6,6,7,,
43.I,C,1,AjD,B,-,S,,2,4,6,7,6,7,,
43.I,C,2,SHB,B,-,S,,2,3,3,4,6,6,,
43.I,C,3,EPP,B,-,S,,2,2,2,2,2,2,,
43.I,C,4,Kls,B,-,S,,3,5,5,7,7,7,,
43.I,C,5,Sgb,B,-,S,,3,2,2,1,2,2,,
43.I,C,6,Bxh,B,-,S,,2,2,2,2,2,2,,
43.I,D,1,AjD,B,+,S,,2,2,2,3,3,6,,
43.I,D,2,SHB,B,+,S,,2,4,4,6,7,7,,
43.I,D,3,EPP,B,+,S,,2,3,3,4,4,2,,
43.I,D,4,Kls,B,+,S,,2,3,4,4,4,4,,
43.I,D,5,Sgb,B,+,S,,1,1,1,1,1,1,,
43.I,D,6,Bxh,B,+,S,,2,3,4,5,5,8,,
43.II,A,1,AjD,0,+,S,,2,4,5,5,6,6,,
43.II,A,2,SHB,0,+,S,,2,4,4,5,5,6,,
43.II,A,3,EPP,0,+,S,,2,3,3,3,2,3,,
43.II,A,4,Kls,0,+,S,,2,3,4,6,6,5,,
43.II,A,5,Sgb,0,+,S,,2,2,2,1,1,0,,
43.II,A,6,Bxh,0,+,S,,2,3,2,4,4,5,,
43.II,B,1,AjD,B,-,0,,2,2,4,5,4,4,,
43.II,B,2,SHB,B,-,0,,2,2,3,3,3,2,,
43.II,B,3,EPP,B,-,0,,2,2,1,1,1,1,,
43.II,B,4,Kls,B,-,0,,1,2,2,2,3,3,,
43.II,B,5,Sgb,B,-,0,,2,2,1,1,1,1,,
43.II,B,6,Bxh,B,-,0,,3,3,2,2,2,2,,
43.II,C,1,AjD,B,+,0,,2,2,6,6,5,5,,
43.II,C,2,SHB,B,+,0,,3,3,3,5,5,5,,
43.II,C,3,EPP,B,+,0,,2,2,3,3,3,3,,
43.II,C,4,Kls,B,+,0,,2,2,2,2,2,2,,
43.II,C,5,Sgb,B,+,0,,2,2,2,2,2,2,,
43.II,C,6,Bxh,B,+,0,,2,3,3,3,4,3,,
43.II,D,1,AjD,0,-,S,,2,2,2,3,2,3,,
43.II,D,2,SHB,0,-,S,,2,2,2,4,5,4,,
43.II,D,3,EPP,0,-,S,,2,2,1,2,2,2,,
43.II,D,4,Kls,0,-,S,,1,2,4,5,5,6,,
43.II,D,5,Sgb,0,-,S,,3,3,2,2,3,1,,
43.II,D,6,Bxh,0,-,S,,3,2,2,3,3,3,,
44.I,A,1,McT,0,-,S,,3,4,7,7,7,7,,
44.I,A,2,KSR,0,-,S,,4,7,5,5,5,5,,
44.I,A,3,SHB,0,-,S,,3,5,3,4,5,5,,
44.I,A,4,WDf,0,-,S,,2,3,4,7,4,3,,
44.I,A,5,McT,0,-,S,,2,5,5,5,9,9,,
44.I,A,6,Wld,0,-,S,,2,3,3,5,6,5,,
44.I,B,1,McT,B,-,S,,2,2,4,5,5,5,,
44.I,B,2,KSR,B,-,S,,4,4,6,5,5,5,,
44.I,B,3,SHB,B,-,S,,2,3,4,8,8,7,,
44.I,B,4,WDf,B,-,S,,4,2,3,2,3,3,,
44.I,B,5,McT,B,-,S,,2,3,3,4,4,4,,
44.I,B,6,Wld,B,-,S,,5,5,5,8,8,8,,
44.I,C,1,McT,0,+,S,,2,4,2,3,3,3,,
44.I,C,2,KSR,0,+,S,,3,5,5,5,3,2,,
44.I,C,3,SHB,0,+,S,,2,4,4,6,6,7,,
44.I,C,4,WDf,0,+,S,,2,4,4,5,5,5,,
44.I,C,5,McT,0,+,S,,2,2,3,5,5,5,,
44.I,C,6,Wld,0,+,S,,4,2,4,5,4,4,,
44.I,D,1,McT,B,-,0,,2,2,3,6,6,5,,
44.I,D,2,KSR,B,-,0,,2,2,3,4,3,4,,
44.I,D,3,SHB,B,-,0,,2,2,4,6,7,5,,
44.I,D,4,WDf,B,-,0,,2,2,2,1,3,3,,
44.I,D,5,McT,B,-,0,,2,2,3,3,2,2,,
44.I,D,6,Wld,B,-,0,,2,2,4,3,6,6,,
44.II,A,1,McT,B,+,S,,2,2,3,6,8,7,,
44.II,A,2,KSR,B,+,S,,3,4,6,4,4,4,,
44.II,A,3,SHB,B,+,S,,2,2,4,5,6,5,,
44.II,A,4,WDf,B,+,S,,3,3,2,2,0,0,,
44.II,A,5,McT,B,+,S,,2,2,4,5,7,7,,
44.II,A,6,Wld,B,+,S,,2,2,3,3,4,4,,
44.II,B,1,McT,B,+,0,,2,4,7,7,9,7,,
44.II,B,2,KSR,B,+,0,,2,3,3,3,4,4,,
44.II,B,3,SHB,B,+,0,,3,3,6,7,12,11,,
44.II,B,4,WDf,B,+,0,,3,3,3,3,3,3,,
44.II,B,5,McT,B,+,0,,4,4,5,6,8,8,,
44.II,B,6,Wld,B,+,0,,2,2,2,3,7,5,,
44.II,C,1,McT,0,-,0,,4,4,4,3,3,3,,
44.II,C,2,KSR,0,-,0,,3,4,4,3,3,3,,
44.II,C,3,SHB,0,-,0,,2,3,3,5,6,6,,
44.II,C,4,WDf,0,-,0,,2,2,2,1,3,2,,
44.II,C,5,McT,0,-,0,,2,2,4,6,10,11,,
44.II,C,6,Wld,0,-,0,,3,3,3,4,5,6,,
44.II,D,1,McT,0,+,0,,2,4,4,4,7,8,,
44.II,D,2,KSR,0,+,0,,4,5,5,5,9,8,,
44.II,D,3,SHB,0,+,0,,2,2,3,4,6,9,,
44.II,D,4,WDf,0,+,0,,3,3,2,3,4,8,,
44.II,D,5,McT,0,+,0,,3,4,6,9,15,17,,
44.II,D,6,Wld,0,+,0,,2,2,1,1,1,2,,
45.I,A,1,McC,B,-,0,,2,4,5,10,10,10,,
45.I,A,2,RgP,B,-,0,,4,4,5,9,8,8,,
45.I,A,3,AjD,B,-,0,,4,4,8,8,10,8,,
45.I,A,4,Brd,B,-,0,,3,3,2,3,3,3,,
45.I,A,5,Bxh,B,+,0,,2,2,2,4,4,4,,meant to be minus accidentally became plus micr at setup
45.I,A,6,Bxh,B,+,0,,3,3,4,5,7,8,,meant to be minus accidentally became plus micr at setup
45.I,B,1,McC,B,-,S,,2,2,3,5,5,5,,
45.I,B,2,RgP,B,-,S,,2,2,3,3,3,3,,
45.I,B,3,AjD,B,-,S,,2,2,2,3,3,4,,
45.I,B,4,Brd,B,-,S,,3,2,2,3,3,3,,
45.I,B,5,Bxh,B,-,S,,3,2,2,3,3,3,,
45.I,B,6,Bxh,B,-,S,,3,3,3,6,5,5,,
45.I,C,1,McC,B,+,0,,3,5,4,9,9,9,,
45.I,C,2,RgP,B,+,0,,3,3,3,5,4,5,,
45.I,C,3,AjD,B,+,0,,1,2,2,6,6,6,,
45.I,C,4,Brd,B,+,0,,2,3,2,4,4,4,,
45.I,C,5,Bxh,B,-,0,,2,2,2,2,2,2,,meant to be plus shifted to minus to compensate setup error
45.I,C,6,Bxh,B,-,0,,3,3,4,4,4,4,,meant to be plus shifted to minus to compensate setup error
45.I,D,1,McC,0,+,S,,2,2,2,1,1,2,,
45.I,D,2,RgP,0,+,S,,3,2,4,6,6,7,,
45.I,D,3,AjD,0,+,S,,3,4,4,7,7,9,,
45.I,D,4,Brd,0,+,S,,3,3,3,3,4,4,,
45.I,D,5,Bxh,0,+,S,,3,3,4,6,5,9,,
45.I,D,6,Bxh,0,+,S,,3,3,4,8,7,6,,
45.II,A,1,McC,B,+,S,,2,4,5,6,6,8,,
45.II,A,2,RgP,B,+,S,,2,3,3,3,4,6,,
45.II,A,3,AjD,B,+,S,,3,3,6,8,6,6,,
45.II,A,4,Brd,B,+,S,,2,3,4,4,4,6,,
45.II,A,5,Bxh,B,+,S,,3,3,5,8,10,14,,
45.II,A,6,Bxh,B,+,S,,2,3,5,7,5,8,,
45.II,B,1,McC,0,-,S,,2,2,3,3,3,3,,
45.II,B,2,RgP,0,-,S,,4,3,3,4,6,8,,
45.II,B,3,AjD,0,-,S,,2,4,3,8,9,9,,
45.II,B,4,Brd,0,-,S,,3,4,3,4,4,4,,
45.II,B,5,Bxh,0,-,S,,3,3,6,6,6,9,,
45.II,B,6,Bxh,0,-,S,,2,2,1,1,1,2,,
45.II,C,1,McC,0,+,0,,3,3,6,6,6,8,,
45.II,C,2,RgP,0,+,0,,3,2,3,6,6,10,,
45.II,C,3,AjD,0,+,0,,2,2,3,4,4,5,,
45.II,C,4,Brd,0,+,0,,3,3,3,3,4,5,,
45.II,C,5,Bxh,0,+,0,,2,4,4,6,5,6,,
45.II,C,6,Bxh,0,+,0,,3,2,5,7,8,9,,
45.II,D,1,McC,0,-,0,,2,2,2,3,5,5,,
45.II,D,2,RgP,0,-,0,,3,3,4,4,5,6,,
45.II,D,3,AjD,0,-,0,,2,4,3,8,8,10,,
45.II,D,4,Brd,0,-,0,,3,2,3,4,2,3,,
45.II,D,5,Bxh,0,-,0,,2,2,4,8,8,8,,
45.II,D,6,Bxh,0,-,0,,3,3,4,5,5,5,,
46.I,A,1,McC,B,-,S,,3,4,4,5,6,8,,
46.I,A,2,AjD,B,-,S,,4,4,5,5,7,8,,
46.I,A,3,Stn,B,-,S,,2,3,4,5,6,6,,
46.I,A,4,Swn,B,-,S,,3,3,2,3,3,6,,
46.I,A,5,RgP,B,-,S,,2,3,5,5,5,9,,
46.I,A,6,Scg,B,-,S,,3,6,6,5,6,10,,
46.I,B,1,McC,0,-,S,,2,2,4,5,4,4,,
46.I,B,2,AjD,0,-,S,,3,6,6,9,9,9,,
46.I,B,3,Stn,0,-,S,,2,2,2,5,5,7,,
46.I,B,4,Swn,0,-,S,,2,2,2,2,2,2,,
46.I,B,5,RgP,0,-,S,,4,4,4,3,2,3,,
46.I,B,6,Scg,0,-,S,,3,3,3,4,4,4,,
46.I,C,1,McC,B,-,0,,2,2,4,3,4,4,,
46.I,C,2,AjD,B,-,0,,3,3,5,5,5,5,,
46.I,C,3,Stn,B,-,0,,2,2,2,2,2,2,,
46.I,C,4,Swn,B,-,0,,3,3,3,3,3,3,,
46.I,C,5,RgP,B,-,0,,2,2,3,4,4,3,,
46.I,C,6,Scg,B,-,0,,2,3,4,3,2,5,,
46.I,D,1,McC,0,+,0,,2,2,6,4,4,4,,
46.I,D,2,AjD,0,+,0,,2,3,3,4,2,3,,
46.I,D,3,Stn,0,+,0,,2,4,4,3,4,4,,
46.I,D,4,Swn,0,+,0,,3,3,2,2,2,2,,
46.I,D,5,RgP,0,+,0,,2,2,3,2,1,2,,
46.I,D,6,Scg,0,+,0,,2,3,2,2,1,1,,
46.II,A,1,McC,0,-,0,,2,3,5,5,5,5,,
46.II,A,2,AjD,0,-,0,,2,3,3,4,4,4,,
46.II,A,3,Stn,0,-,0,,2,6,8,8,6,8,,
46.II,A,4,Swn,0,-,0,,2,2,1,2,2,2,,
46.II,A,5,RgP,0,-,0,,2,2,2,1,1,1,,
46.II,A,6,Scg,0,-,0,,2,2,3,2,2,2,,
46.II,B,1,McC,B,+,S,,2,2,2,3,2,2,,
46.II,B,2,AjD,B,+,S,,2,2,2,3,3,3,,
46.II,B,3,Stn,B,+,S,,2,3,2,3,2,2,,
46.II,B,4,Swn,B,+,S,,2,1,1,1,1,1,,
46.II,B,5,RgP,B,+,S,,4,4,4,5,4,4,,
46.II,B,6,Scg,B,+,S,,2,2,3,4,4,6,,
46.II,C,1,McC,0,+,S,,2,3,3,4,3,4,,
46.II,C,2,AjD,0,+,S,,2,2,2,2,2,2,,
46.II,C,3,Stn,0,+,S,,4,4,3,2,1,2,,
46.II,C,4,Swn,0,+,S,,3,3,2,2,2,3,,
46.II,C,5,RgP(Scg),0,+,S,,2,2,2,2,1,1,ERROR,ERROR received both Rgp and Scg microbes though only Rgp intended
46.II,C,6,Scg,0,+,S,,2,2,2,2,1,2,,
46.II,D,1,McC,B,+,0,,3,4,5,5,4,5,,
46.II,D,2,AjD,B,+,0,,2,4,3,3,3,4,,
46.II,D,3,Stn,B,+,0,,2,3,5,4,4,4,,
46.II,D,4,Swn,B,+,0,,2,2,2,1,1,0,,
46.II,D,5,RgP,B,+,0,,3,4,4,4,6,5,,
46.II,D,6,Scg,B,+,0,,2,4,4,5,5,8,,
47.I,A,1,Aqt,B,-,0,,2,2,4,4,4,5,,
47.I,A,2,Rtt,B,-,0,,3,4,5,6,4,5,,
47.I,A,3,Scg,B,-,0,,2,2,2,3,3,3,,
47.I,A,4,Swn,B,-,0,,4,4,4,3,3,3,,
47.I,A,5,Lyt,B,-,0,,3,3,4,4,9,9,,
47.I,A,6,Lgy,B,-,0,,4,5,8,14,12,13,,
47.I,B,1,Aqt,B,-,S,,2,2,4,4,4,4,,
47.I,B,2,Rtt,B,-,S,,2,3,5,5,4,6,,
47.I,B,3,Scg,B,-,S,,2,3,6,6,4,6,,
47.I,B,4,Swn,B,-,S,,3,3,2,3,3,2,,
47.I,B,5,Lyt,B,-,S,,3,2,4,5,6,6,,
47.I,B,6,Lgy,B,-,S,,3,4,8,8,8,10,,
47.I,C,1,Aqt,0,+,S,,2,3,4,5,5,4,,
47.I,C,2,Rtt,0,+,S,,2,3,3,4,4,4,,
47.I,C,3,Scg,0,+,S,,2,2,2,1,0,0,,
47.I,C,4,Swn,0,+,S,,3,3,2,2,4,2,,
47.I,C,5,Lyt,0,+,S,,3,4,6,7,6,9,,
47.I,C,6,Lgy,0,+,S,,4,4,3,3,3,5,,
47.I,D,1,Aqt,0,-,0,,3,2,4,3,5,5,,
47.I,D,2,Rtt,0,-,0,,3,4,8,8,8,8,,
47.I,D,3,Scg,0,-,0,,2,2,3,1,1,2,,
47.I,D,4,Swn,0,-,0,,3,1,1,1,2,2,,
47.I,D,5,Lyt,0,-,0,,2,3,3,5,6,6,,
47.I,D,6,Lgy,0,-,0,,3,4,6,6,6,6,,
47.II,A,1,Aqt,0,-,S,,3,4,4,4,5,5,,
47.II,A,2,Rtt,0,-,S,,3,4,5,8,7,8,,
47.II,A,3,Scg,0,-,S,,2,2,3,5,4,5,,
47.II,A,4,Swn,0,-,S,,3,3,4,3,3,3,,
47.II,A,5,Lyt,0,-,S,,2,3,5,5,8,10,,
47.II,A,6,Lgy,0,-,S,,2,3,5,5,6,6,,
47.II,B,1,Aqt,0,+,0,,2,2,5,4,5,5,,
47.II,B,2,Rtt,0,+,0,,3,4,4,6,7,6,,
47.II,B,3,Scg,0,+,0,,2,2,3,4,5,5,,
47.II,B,4,Swn,0,+,0,,3,3,2,2,4,1,,
47.II,B,5,Lyt,0,+,0,,2,3,4,8,8,8,,
47.II,B,6,Lgy,0,+,0,,3,4,4,6,7,8,,
47.II,C,1,Aqt,B,+,S,,2,4,7,7,7,7,,
47.II,C,2,Rtt,B,+,S,,2,3,6,6,6,6,,
47.II,C,3,Scg,B,+,S,,3,4,4,6,6,5,,
47.II,C,4,Swn,B,+,S,,2,2,1,2,2,2,,
47.II,C,5,Lyt,B,+,S,,3,2,4,8,9,10,,
47.II,C,6,Lgy,B,+,S,,4,3,4,5,7,11,,
47.II,D,1,Aqt,B,+,0,,2,2,3,4,4,3,,
47.II,D,2,Rtt,B,+,0,,2,2,4,6,7,7,,
47.II,D,3,Scg,B,+,0,,3,2,2,3,4,2,,
47.II,D,4,Swn,B,+,0,,1,1,1,1,2,2,,
47.II,D,5,Lyt,B,+,0,,2,2,5,6,8,11,,
47.II,D,6,Lgy,B,+,0,,3,5,5,5,8,9,,
48.I,A,1,EPP,B,-,0,,3,3,1,3,4,2,,
48.I,A,2,Kls,B,-,0,,2,3,5,6,5,6,,
48.I,A,3,Swn,B,-,0,,2,3,1,1,2,1,,
48.I,A,4,Wlp,B,-,0,,3,4,2,3,3,1,,
48.I,A,5,UTM,B,-,0,,4,5,4,6,9,10,,
48.I,A,6,AjD,B,-,0,,3,4,4,2,2,2,,
48.I,B,1,EPP,B,+,S,,3,3,2,1,3,1,,
48.I,B,2,Kls,B,+,S,,3,4,5,7,8,8,,
48.I,B,3,Swn,B,+,S,,3,3,1,1,1,2,,
48.I,B,4,Wlp,B,+,S,,4,4,3,3,3,3,,
48.I,B,5,UTM,B,+,S,,3,4,4,4,4,4,,
48.I,B,6,AjD,B,+,S,,3,5,5,6,6,6,,
48.I,C,1,EPP,0,-,S,,3,2,1,2,2,1,,
48.I,C,2,Kls,0,-,S,,2,4,4,6,6,6,,
48.I,C,3,Swn,0,-,S,,1,1,1,1,2,2,,
48.I,C,4,Wlp,0,-,S,,3,3,3,2,2,2,,
48.I,C,5,UTM,0,-,S,,2,3,4,5,5,6,,
48.I,C,6,AjD,0,-,S,,4,5,6,6,6,5,,
48.I,D,1,EPP,B,-,S,,2,2,2,2,3,1,,
48.I,D,2,Kls,B,-,S,,3,3,4,7,10,9,,
48.I,D,3,Swn,B,-,S,,2,2,1,1,4,0,,
48.I,D,4,Wlp,B,-,S,,2,6,6,4,4,3,,
48.I,D,5,UTM,B,-,S,,2,3,3,4,5,4,,
48.I,D,6,AjD,B,-,S,,2,2,2,3,3,2,,
48.II,A,1,EPP,0,+,0,,2,2,2,2,2,0,,
48.II,A,2,Kls,0,+,0,,2,4,4,6,9,9,,
48.II,A,3,Swn,0,+,0,,2,1,1,1,1,1,,
48.II,A,4,Wlp,0,+,0,,2,3,4,4,5,4,,
48.II,A,5,UTM,0,+,0,,2,4,4,4,4,4,,
48.II,A,6,AjD,0,+,0,,2,4,6,6,4,4,,
48.II,B,1,EPP,B,+,0,,2,3,4,5,5,5,,
48.II,B,2,Kls,B,+,0,,1,1,2,2,2,2,,
48.II,B,3,Swn,B,+,0,,3,2,2,2,2,2,,
48.II,B,4,Wlp,B,+,0,,4,4,4,4,5,5,,
48.II,B,5,UTM,B,+,0,,2,2,3,3,2,2,,
48.II,B,6,AjD,B,+,0,,3,4,4,6,6,5,,
48.II,C,1,EPP,0,-,0,,2,1,2,2,2,1,,
48.II,C,2,Kls,0,-,0,,2,3,3,5,4,5,,
48.II,C,3,Swn,0,-,0,,2,1,1,2,1,0,,
48.II,C,4,Wlp,0,-,0,,3,4,6,8,8,8,,
48.II,C,5,UTM,0,-,0,,2,4,4,5,5,5,,
48.II,C,6,AjD,0,-,0,,2,1,3,3,3,3,,
48.II,D,1,EPP,0,+,S,,2,1,1,1,2,0,,
48.II,D,2,Kls,0,+,S,,3,2,2,3,3,3,,
48.II,D,3,Swn,0,+,S,,2,1,1,0,0,0,,
48.II,D,4,Wlp,0,+,S,,2,2,2,2,2,2,,
48.II,D,5,UTM,0,+,S,,2,4,6,6,6,5,,
48.II,D,6,AjD,0,+,S,,2,4,4,5,3,3,,
49.I,A,1,Wld,0,-,0,,2,4,3,8,8,5,,
49.I,A,2,Mnt,0,-,0,,2,3,3,4,5,4,,
49.I,A,3,WDf,0,-,0,,3,4,3,1,1,2,,
49.I,A,4,Rtt,0,-,0,,2,2,3,4,5,5,,
49.I,A,5,Mck,0,-,0,,2,3,4,6,7,7,,
49.I,A,6,Brk,0,-,0,,2,2,3,4,4,6,,
49.I,B,1,Wld,B,+,0,,2,3,4,3,4,5,,
49.I,B,2,Mnt,B,+,0,,3,3,3,3,4,2,,
49.I,B,3,WDf,B,+,0,,2,2,1,2,4,4,,
49.I,B,4,Rtt,B,+,0,,2,4,4,7,7,7,,
49.I,B,5,Mck,B,+,0,,2,3,3,3,3,4,,
49.I,B,6,Brk,B,+,0,,2,3,4,4,4,5,,
49.I,C,1,Wld,B,-,S,,3,4,4,9,10,9,,
49.I,C,2,Mnt,B,-,S,,2,3,3,4,3,6,,
49.I,C,3,WDf,B,-,S,,4,4,4,4,4,4,,
49.I,C,4,Rtt,B,-,S,,2,3,3,4,5,5,,
49.I,C,5,Mck,B,-,S,,3,4,8,8,8,8,,
49.I,C,6,Brk,B,-,S,,2,3,2,5,7,6,,
49.I,D,1,Wld,0,-,S,,2,2,3,4,4,4,,
49.I,D,2,Mnt,0,-,S,,3,4,5,3,2,3,,
49.I,D,3,WDf,0,-,S,,2,3,3,3,1,2,,
49.I,D,4,Rtt,0,-,S,,3,3,4,6,5,5,,
49.I,D,5,Mck,0,-,S,,2,4,3,4,4,4,,
49.I,D,6,Brk,0,-,S,,2,2,2,2,2,3,,
49.II,A,1,Wld,B,+,S,,4,4,4,6,8,7,,
49.II,A,2,Mnt,B,+,S,,2,3,3,5,5,3,,
49.II,A,3,WDf,B,+,S,,2,5,5,6,6,9,,
49.II,A,4,Rtt,B,+,S,,3,5,8,6,8,8,,
49.II,A,5,Mck,B,+,S,,3,4,3,3,3,3,,
49.II,A,6,Brk,B,+,S,,2,2,3,4,4,7,,
49.II,B,1,Wld,0,+,0,,2,3,2,2,3,4,,
49.II,B,2,Mnt,0,+,0,,2,3,3,3,2,3,,
49.II,B,3,WDf,0,+,0,,2,3,4,4,6,6,,
49.II,B,4,Rtt,0,+,0,,2,4,3,5,5,6,,
49.II,B,5,Mck,0,+,0,,4,4,3,3,3,5,,
49.II,B,6,Brk,0,+,0,,2,2,3,3,3,5,,
49.II,C,1,Wld,0,+,S,,4,4,5,3,3,5,,
49.II,C,2,Mnt,0,+,S,,2,3,2,2,2,3,,
49.II,C,3,WDf,0,+,S,,3,3,2,3,2,2,,
49.II,C,4,Rtt,0,+,S,,2,4,5,3,3,3,,
49.II,C,5,Mck,0,+,S,,2,2,2,2,2,2,,
49.II,C,6,Brk,0,+,S,,2,2,2,2,2,2,,
49.II,D,1,Wld,B,-,0,,2,2,2,4,4,5,,
49.II,D,2,Mnt,B,-,0,,2,4,4,4,4,4,,
49.II,D,3,WDf,B,-,0,,2,4,4,6,5,6,,
49.II,D,4,Rtt,B,-,0,,3,4,5,6,4,5,,
49.II,D,5,Mck,B,-,0,,3,2,4,5,5,5,,
49.II,D,6,Brk,B,-,0,,3,4,4,5,6,7,,
50.I,A,1,Bxh,B,+,0,,3,4,6,8,7,7,,
50.I,A,2,RdM,B,+,0,,2,4,5,8,7,8,,
50.I,A,3,UTM,B,+,0,,5,7,9,12,12,12,,
50.I,A,4,Arb,B,+,0,,2,2,2,2,2,2,,
50.I,A,5,RdM,B,+,0,,3,3,5,2,2,5,,
50.I,A,6,Mdv,B,+,0,,2,2,2,3,3,3,,
50.I,B,1,Bxh,B,+,S,,2,3,5,6,6,5,,
50.I,B,2,RdM,B,+,S,,2,2,3,4,3,3,,
50.I,B,3,UTM,B,+,S,,2,2,4,4,5,5,,
50.I,B,4,Arb,B,+,S,,2,2,2,3,2,0,,
50.I,B,5,RdM,B,+,S,,2,2,3,4,5,6,,
50.I,B,6,Mdv,B,+,S,,3,3,2,3,3,2,,
50.I,C,1,Bxh,0,-,0,,4,5,6,7,8,8,,
50.I,C,2,RdM,0,-,0,,3,4,6,6,7,7,,
50.I,C,3,UTM,0,-,0,,2,2,4,3,3,3,,
50.I,C,4,Arb,0,-,0,,3,2,3,3,3,3,,
50.I,C,5,RdM,0,-,0,,2,3,4,4,4,4,,
50.I,C,6,Mdv,0,-,0,,1,2,2,3,3,3,,
50.I,D,1,Bxh,0,+,0,,2,2,4,4,7,5,,
50.I,D,2,RdM,0,+,0,,2,2,2,4,4,4,,
50.I,D,3,UTM,0,+,0,,3,3,4,6,4,4,,
50.I,D,4,Arb,0,+,0,,2,2,2,1,2,2,,
50.I,D,5,RdM,0,+,0,,3,5,6,6,8,9,,
50.I,D,6,Mdv,0,+,0,,1,2,3,4,3,3,,
50.II,A,1,Bxh,0,+,S,,3,4,7,5,5,7,,
50.II,A,2,RdM,0,+,S,,3,4,5,6,6,5,,
50.II,A,3,UTM,0,+,S,,3,3,5,5,4,7,,
50.II,A,4,Arb,0,+,S,,2,2,2,3,3,3,,
50.II,A,5,RdM,0,+,S,,2,4,4,5,6,6,,
50.II,A,6,Mdv,0,+,S,,2,2,2,2,2,1,,
50.II,B,1,Bxh,0,-,S,,2,2,2,3,3,2,,
50.II,B,2,RdM,0,-,S,,2,2,3,4,4,4,,
50.II,B,3,UTM,0,-,S,,2,3,2,3,4,2,,
50.II,B,4,Arb,0,-,S,,4,4,2,4,4,2,,
50.II,B,5,RdM,0,-,S,,3,3,6,6,6,6,,
50.II,B,6,Mdv,0,-,S,,2,2,2,2,3,2,,
50.II,C,1,Bxh,B,-,0,,2,2,4,5,5,5,,
50.II,C,2,RdM,B,-,0,,3,2,3,4,5,6,,
50.II,C,3,UTM,B,-,0,,2,2,5,4,4,5,,
50.II,C,4,Arb,B,-,0,,3,3,3,3,3,3,,
50.II,C,5,RdM,B,-,0,,2,4,4,4,4,5,,
50.II,C,6,Mdv,B,-,0,,1,1,1,3,3,1,,
50.II,D,1,Bxh,B,-,S,,2,2,2,2,1,2,,
50.II,D,2,RdM,B,-,S,,3,4,4,6,6,5,,
50.II,D,3,UTM,B,-,S,,3,4,4,3,3,3,,
50.II,D,4,Arb,B,-,S,,3,3,1,1,2,3,,
50.II,D,5,RdM,B,-,S,,3,4,4,4,4,4,,
50.II,D,6,Mdv,B,-,S,,2,2,1,1,1,0,,
