notes,collector,plate,row,column,ROI,,,,,,,,,
,DL,1.1,D,6,16,,,,,,,,,
,DL,1.1,D,5,10,6,24,,,,,,,
,DL,1.1,D,4,17,21,,,,,,,,
,DL,1.1,D,3,9,,,,,,,,,
,DL,1.1,D,2,13,15,,,,,,,,
,DL,1.1,D,1,14,,,,,,,,,
,DL,1.1,C,6,34,,,,,,,,,
,DL,1.1,C,5,35,45,51,,,,,,,
,DL,1.1,C,4,37,38,44,,,,,,,
,DL,1.1,C,3,56,,,,,,,,,
,DL,1.1,C,2,53,40,41,49,,,,,,
,DL,1.1,C,1,47,55,,,,,,,,
,DL,1.1,B,6,NA,,,,,,,,,
,DL,1.1,B,5,62,79,71,74,,,,,,
,DL,1.1,B,4,68,72,,,,,,,,
,DL,1.1,B,3,81,,,,,,,,,
,DL,1.1,B,2,,,,,,,,,,
,DL,1.1,B,1,65,63,75,77,67,,,,,
,DL,1.1,A,6,NA,,,,,,,,,
,DL,1.1,A,5,94,111,,,,,,,,
,DL,1.1,A,4,120,,,,,,,,,
,DL,1.1,A,3,108,,,,,,,,,
,DL,1.1,A,2,89,92,102,109,,,,,,
,DL,1.1,A,1,105,110,,,,,,,,
,DL,1.2,D,6,34,,,,,,,,,
,DL,1.2,D,5,17,13,38,,,,,,,
,DL,1.2,D,4,14,18,7,,,,,,,
,DL,1.2,D,3,11,,,,,,,,,
,DL,1.2,D,2,27,,,,,,,,,
,DL,1.2,D,1,12,10,28,35,,,,,,
,DL,1.2,C,6,69,,,,,,,,,
,DL,1.2,C,5,66,75,71,,,,,,,
,DL,1.2,C,4,70,79,,,,,,,,
,DL,1.2,C,3,,,,,,,,,,
,DL,1.2,C,2,67,72,,,,,,,,
,DL,1.2,C,1,68,73,88,,,,,,,
,DL,1.2,B,6,NA,,,,,,,,,
,DL,1.2,B,5,104,,,,,,,,,
,DL,1.2,B,4,115,120,121,123,122,,,,,
,DL,1.2,B,3,107,95,,,,,,,,
,DL,1.2,B,2,102,109,113,119,,,,,,
,DL,1.2,B,1,106,116,112,,,,,,,
,DL,1.2,A,6,177,,,,,,,,,
,DL,1.2,A,5,150,164,162,,,,,,,
,DL,1.2,A,4,137,144,,,,,,,,
,DL,1.2,A,3,,,,,,,,,,
,DL,1.2,A,2,133,158,,,,,,,,
,DL,1.2,A,1,141,146,,,,,,,,
,DL,2.1,D,6,21,,,,,,,,,
,DL,2.1,D,5,18,,,,,,,,,
,DL,2.1,D,4,12,5,31,,,,,,,
,DL,2.1,D,3,6,11,14,,,,,,,
,DL,2.1,D,2,17,13,,,,,,,,
,DL,2.1,D,1,15,,,,,,,,,
,DL,2.1,C,6,43,,,,,,,,,
,DL,2.1,C,5,45,,,,,,,,,
,DL,2.1,C,4,47,41,,,,,,,,
,DL,2.1,C,3,52,56,,,,,,,,
,DL,2.1,C,2,42,49,53,,,,,,,
,DL,2.1,C,1,44,,,,,,,,,
,DL,2.1,B,6,178,,,,,,,,,
,DL,2.1,B,5,NA,,,,,,,,,
,DL,2.1,B,4,76,82,79,,,,,,,
,DL,2.1,B,3,64,74,80,69,,,,,,
,DL,2.1,B,2,68,,,,,,,,,
,DL,2.1,B,1,63,77,,,,,,,,
,DL,2.1,A,6,112,134,137,139,,,,,,
,DL,2.1,A,5,,,,,,,,,,
,DL,2.1,A,4,140,131,,,,,,,,
,DL,2.1,A,3,143,125,144,,,,,,,
,DL,2.1,A,2,122,146,,,,,,,,
,DL,2.1,A,1,126,,,,,,,,,
,DL,2.2,D,6,12,172,,,,,,,,
,DL,2.2,D,5,18,,,,,,,,,
,DL,2.2,D,4,19,25,26,,,,,,,
,DL,2.2,D,3,23,9,,,,,,,,
,DL,2.2,D,2,10,15,21,,,,,,,
,DL,2.2,D,1,173,174,,,,,,,,
,DL,2.2,C,6,60,64,,,,,,,,
,DL,2.2,C,5,45,50,,,,,,,,
,DL,2.2,C,4,63,,,,,,,,,
,DL,2.2,C,3,48,49,53,,,,,,,
,DL,2.2,C,2,42,44,59,,,,,,,
,DL,2.2,C,1,54,,,,,,,,,
,DL,2.2,B,6,78,87,,,,,,,,
,DL,2.2,B,5,,,,,,,,,,
,DL,2.2,B,4,92,86,,,,,,,,
,DL,2.2,B,3,88,93,,,,,,,,
,DL,2.2,B,2,89,175,176,177,,,,,,
,DL,2.2,B,1,84,,,,,,,,,
,DL,2.2,A,6,120,,,,,,,,,
,DL,2.2,A,5,NA,,,,,,,,,
,DL,2.2,A,4,141,,,,,,,,,
,DL,2.2,A,3,123,,,,,,,,,
,DL,2.2,A,2,139,147,161,178,,,,,,
,DL,2.2,A,1,179,,,,,,,,,
,DL,3.1,D,6,18,19,,,,,,,,
,DL,3.1,D,5,11,,,,,,,,,
,DL,3.1,D,4,2,3,15,17,20,22,,,,
,DL,3.1,D,3,23,24,14,12,,,,,,
,DL,3.1,D,2,4,,,,,,,,,
,DL,3.1,D,1,134,,,,,,,,,
,DL,3.1,C,6,31,32,40,37,,,,,,
,DL,3.1,C,5,28,,,,,,,,,
,DL,3.1,C,4,30,35,39,,,,,,,
,DL,3.1,C,3,33,34,42,,,,,,,
,DL,3.1,C,2,41,43,,,,,,,,
,DL,3.1,C,1,29,38,36,45,,,,,,
,DL,3.1,B,6,82,59,,,,,,,,
,DL,3.1,B,5,68,77,,,,,,,,
,DL,3.1,B,4,55,60,,,,,,,,
,DL,3.1,B,3,61,66,65,71,,,,,,
,DL,3.1,B,2,NA,,,,,,,,,
,DL,3.1,B,1,63,64,,,,,,,,
,DL,3.1,A,6,95,102,,,,,,,,
,DL,3.1,A,5,114,,,,,,,,,
,DL,3.1,A,4,103,113,,,,,,,,
,DL,3.1,A,3,101,106,108,116,,,,,,
,DL,3.1,A,2,NA,,,,,,,,,
,DL,3.1,A,1,104,107,,,,,,,,
,DL,3.2,D,6,14,25,,,,,,,,
,DL,3.2,D,5,23,,,,,,,,,
,DL,3.2,D,4,8,16,12,15,,,,,,
,DL,3.2,D,3,13,17,20,,,,,,,
,DL,3.2,D,2,18,21,22,,,,,,,
,DL,3.2,D,1,5,116,117,,,,,,,
,DL,3.2,C,6,30,32,36,37,,,,,,
,DL,3.2,C,5,34,40,43,,,,,,,
,DL,3.2,C,4,29,31,,,,,,,,
,DL,3.2,C,3,39,33,35,,,,,,,
,DL,3.2,C,2,NA,,,,,,,,,
,DL,3.2,C,1,38,44,46,,,,,,,
,DL,3.2,B,6,60,61,81,,,,,,,
,DL,3.2,B,5,62,,,,,,,,,
,DL,3.2,B,4,56,64,68,,,,,,,
,DL,3.2,B,3,54,65,59,,,,,,,
,DL,3.2,B,2,70,116,,,,,,,,
,DL,3.2,B,1,71,,,,,,,,,
,DL,3.2,A,6,88,92,96,,,,,,,
,DL,3.2,A,5,,,,,,,,,,
,DL,3.2,A,4,91,97,,,,,,,,
,DL,3.2,A,3,94,95,99,,,,,,,
,DL,3.2,A,2,NA,,,,,,,,,
,DL,3.2,A,1,93,98,,,,,,,,
,DL,4.1,D,6,136,137,138,,,,,,,
,DL,4.1,D,5,12,3,,,,,,,,
,DL,4.1,D,4,11,16,21,,,,,,,
,DL,4.1,D,3,17,25,,,,,,,,
,DL,4.1,D,2,15,20,,,,,,,,
,DL,4.1,D,1,8,18,,,,,,,,
,DL,4.1,C,6,38,,,,,,,,,
,DL,4.1,C,5,139,37,,,,,,,,
,DL,4.1,C,4,51,59,,,,,,,,
,DL,4.1,C,3,40,44,46,56,,,,,,
,DL,4.1,C,2,52,55,47,,,,,,,
,DL,4.1,C,1,39,41,45,49,53,,,,,
,DL,4.1,B,6,74,84,,,,,,,,
,DL,4.1,B,5,61,66,64,72,60,,,,,
,DL,4.1,B,4,63,65,73,67,70,,,,,
,DL,4.1,B,3,69,75,,,,,,,,
,DL,4.1,B,2,78,82,83,,,,,,,
,DL,4.1,B,1,71,77,80,,,,,,,
,DL,4.1,A,6,91,98,105,140,,,,,,
,DL,4.1,A,5,118,,,,,,,,,
,DL,4.1,A,4,88,109,114,,,,,,,
,DL,4.1,A,3,95,93,107,102,101,111,130,131,,
,DL,4.1,A,2,104,108,,,,,,,,
,DL,4.1,A,1,100,112,113,106,,,,,,
,DL,4.2,D,6,10,,,,,,,,,
,DL,4.2,D,5,16,15,,,,,,,,
,DL,4.2,D,4,14,25,,,,,,,,
,DL,4.2,D,3,4,8,13,30,,,,,,
,DL,4.2,D,2,156,,,,,,,,,
,DL,4.2,D,1,17,,,,,,,,,
,DL,4.2,C,6,157,,,,,,,,,
,DL,4.2,C,5,39,43,47,,,,,,,
,DL,4.2,C,4,49,50,66,,,,,,,
,DL,4.2,C,3,60,67,,,,,,,,
,DL,4.2,C,2,59,57,65,,,,,,,
,DL,4.2,C,1,45,53,46,,,,,,,
,DL,4.2,B,6,106,78,,,,,,,,
,DL,4.2,B,5,84,98,80,83,,,,,,
,DL,4.2,B,4,87,100,79,,,,,,,
,DL,4.2,B,3,85,86,93,,,,,,,
,DL,4.2,B,2,76,81,89,97,,,,,,
,DL,4.2,B,1,82,88,91,,,,,,,
,DL,4.2,A,6,NA,,,,,,,,,
,DL,4.2,A,5,127,123,132,,,,,,,
,DL,4.2,A,4,130,146,,,,,,,,
,DL,4.2,A,3,133,138,144,,,,,,,
,DL,4.2,A,2,117,137,158,,,,,,,
,DL,4.2,A,1,116,121,131,124,126,,,,,
,DL,5.1,D,6,7,,,,,,,,,
,DL,5.1,D,5,50,46,,,,,,,,
,DL,5.1,D,4,53,50,,,,,,,,
,DL,5.1,D,3,NA,,,,,,,,,
,DL,5.1,D,2,,,,,,,,,,
,DL,5.1,D,1,219,,,,,,,,,
,DL,5.1,C,6,77,85,,,,,,,,
,DL,5.1,C,5,71,102,103,99,,,,,,
,DL,5.1,C,4,83,93,,,,,,,,
,DL,5.1,C,3,84,92,,,,,,,,
,DL,5.1,C,2,96,,,,,,,,,
,DL,5.1,C,1,100,,,,,,,,,
,DL,5.1,B,6,141,147,,,,,,,,
,DL,5.1,B,5,152,,,,,,,,,
,DL,5.1,B,4,132,137,143,154,,,,,,
,DL,5.1,B,3,NA,,,,,,,,,
,DL,5.1,B,2,144,,,,,,,,,
,DL,5.1,B,1,148,139,,,,,,,,
,DL,5.1,A,6,185,,,,,,,,,
,DL,5.1,A,5,180,187,,,,,,,,
,DL,5.1,A,4,196,200,207,,,,,,,
,DL,5.1,A,3,192,,,,,,,,,
,DL,5.1,A,2,NA,,,,,,,,,
,DL,5.1,A,1,190,197,188,198,,,,,,
,DL,5.2,D,6,15,,,,,,,,,
,DL,5.2,D,5,25,,,,,,,,,
,DL,5.2,D,4,13,16,,,,,,,,
,DL,5.2,D,3,NA,,,,,,,,,
,DL,5.2,D,2,,,,,,,,,,
,DL,5.2,D,1,23,,,,,,,,,
,DL,5.2,C,6,59,,,,,,,,,
,DL,5.2,C,5,52,85,56,61,81,65,,,,
,DL,5.2,C,4,63,62,70,69,82,,,,,
,DL,5.2,C,3,177,,,,,,,,,
,DL,5.2,C,2,72,,,,,,,,,
,DL,5.2,C,1,80,73,71,74,,,,,,
,DL,5.2,B,6,100,,,,,,,,,
,DL,5.2,B,5,112,101,118,,,,,,,
,DL,5.2,B,4,105,121,,,,,,,,
,DL,5.2,B,3,179,,,,,,,,,
,DL,5.2,B,2,122,115,,,,,,,,
,DL,5.2,B,1,108,113,107,93,,,,,,
,DL,5.2,A,6,155,,,,,,,,,
,DL,5.2,A,5,140,152,149,146,172,135,,,,
,DL,5.2,A,4,148,153,160,158,,,,,,
,DL,5.2,A,3,179,180,,,,,,,,
,DL,5.2,A,2,,,,,,,,,,
,DL,5.2,A,1,161,181,,,,,,,,
,DL,6.1,D,6,18,,,,,,,,,
,DL,6.1,D,5,4,8,17,19,,,,,,
,DL,6.1,D,4,16,25,27,23,,,,,,
,DL,6.1,D,3,13,,,,,,,,,
,DL,6.1,D,2,14,21,24,29,,,,,,
,DL,6.1,D,1,15,28,,,,,,,,
,DL,6.1,C,6,32,43,,,,,,,,
,DL,6.1,C,5,37,34,,,,,,,,
,DL,6.1,C,4,46,,,,,,,,,
,DL,6.1,C,3,NA,,,,,,,,,
,DL,6.1,C,2,39,44,47,,,,,,,
,DL,6.1,C,1,41,42,48,48,45,,,,,
,DL,6.1,B,6,58,73,,,,,,,,
,DL,6.1,B,5,62,65,72,71,84,92,,,,
,DL,6.1,B,4,89,70,,,,,,,,
,DL,6.1,B,3,68,76,74,,,,,,,
,DL,6.1,B,2,55,63,60,,,,,,,
,DL,6.1,B,1,61,66,78,83,77,,,,,
,DL,6.1,A,6,124,134,,,,,,,,
,DL,6.1,A,5,116,103,,,,,,,,
,DL,6.1,A,4,129,119,,,,,,,,
,DL,6.1,A,3,120,127,,,,,,,,
,DL,6.1,A,2,106,110,117,122,125,,,,,
,DL,6.1,A,1,166,,,,,,,,,
,DL,6.2,D,6,6,11,15,18,,,,,,
,DL,6.2,D,5,7,9,20,25,31,,,,,
,DL,6.2,D,4,24,17,30,,,,,,,
,DL,6.2,D,3,16,19,,,,,,,,
,DL,6.2,D,2,8,12,23,21,28,29,,,,
,DL,6.2,D,1,14,22,13,,,,,,,
,DL,6.2,C,6,38,39,50,,,,,,,
,DL,6.2,C,5,42,43,36,,,,,,,
,DL,6.2,C,4,46,53,,,,,,,,
,DL,6.2,C,3,45,,,,,,,,,
,DL,6.2,C,2,35,40,44,49,51,56,57,55,,
,DL,6.2,C,1,41,37,48,47,54,,,,,
,DL,6.2,B,6,75,79,88,91,,,,,,
,DL,6.2,B,5,71,62,,,,,,,,
,DL,6.2,B,4,89,,,,,,,,,
,DL,6.2,B,3,85,70,,,,,,,,
,DL,6.2,B,2,63,87,96,100,,,,,,
,DL,6.2,B,1,99,163,165,164,,,,,,
,DL,6.2,A,6,125,139,134,142,118,,,,,
,DL,6.2,A,5,130,131,,,,,,,,
,DL,6.2,A,4,136,137,,,,,,,,
,DL,6.2,A,3,NA,,,,,,,,,
,DL,6.2,A,2,121,128,124,129,132,143,152,,,
,DL,6.2,A,1,167,,,,,,,,,
,DL,7.1,D,6,21,31,,,,,,,,
,DL,7.1,D,5,16,,,,,,,,,
,DL,7.1,D,4,7,5,19,,,,,,,
,DL,7.1,D,3,2,3,10,,,,,,,
,DL,7.1,D,2,20,17,26,22,32,,,,,
,DL,7.1,D,1,14,28,27,25,29,30,,,,
,DL,7.1,C,6,34,,,,,,,,,
,DL,7.1,C,5,37,47,,,,,,,,
,DL,7.1,C,4,40,,,,,,,,,
,DL,7.1,C,3,43,39,,,,,,,,
,DL,7.1,C,2,41,46,48,,,,,,,
,DL,7.1,C,1,44,45,49,51,52,,,,,
,DL,7.1,B,6,56,71,,,,,,,,
,DL,7.1,B,5,62,64,,,,,,,,
,DL,7.1,B,4,66,73,75,,,,,,,
,DL,7.1,B,3,65,77,76,86,,,,,,
,DL,7.1,B,2,59,63,67,68,80,82,,,,
,DL,7.1,B,1,57,61,69,70,74,79,,,,
,DL,7.1,A,6,145,,,,,,,,,
,DL,7.1,A,5,107,110,146,,,,,,,
,DL,7.1,A,4,114,116,121,,,,,,,
,DL,7.1,A,3,99,106,103,,,,,,,
,DL,7.1,A,2,102,112,115,120,124,,,,,
,DL,7.1,A,1,98,96,109,104,117,118,,,,
,DL,7.2,D,6,107,,,,,,,,,
,DL,7.2,D,5,13,,,,,,,,,
,DL,7.2,D,4,14,12,,,,,,,,
,DL,7.2,D,3,25,20,18,,,,,,,
,DL,7.2,D,2,16,19,10,24,29,,,,,
,DL,7.2,D,1,9,17,30,,,,,,,
,DL,7.2,C,6,36,46,,,,,,,,
,DL,7.2,C,5,35,37,38,,,,,,,
,DL,7.2,C,4,42,,,,,,,,,
,DL,7.2,C,3,39,43,44,40,,,,,,
,DL,7.2,C,2,47,41,45,48,50,,,,,
,DL,7.2,C,1,34,49,,,,,,,,
,DL,7.2,B,6,108,,,,,,,,,
,DL,7.2,B,5,66,69,,,,,,,,
,DL,7.2,B,4,55,58,60,,,,,,,
,DL,7.2,B,3,62,67,68,,,,,,,
,DL,7.2,B,2,61,70,72,,,,,,,
,DL,7.2,B,1,53,34,56,59,57,64,63,71,65,
,DL,7.2,A,6,84,83,,,,,,,,
,DL,7.2,A,5,79,,,,,,,,,
,DL,7.2,A,4,93,,,,,,,,,
,DL,7.2,A,3,83,85,95,91,,,,,,
,DL,7.2,A,2,74,75,78,96,100,,,,,
,DL,7.2,A,1,80,86,87,88,90,,,,,
,DL,8.1,D,6,43,45,47,,,,,,,
,DL,8.1,D,5,18,34,42,35,,,,,,
,DL,8.1,D,4,44,46,,,,,,,,
,DL,8.1,D,3,28,26,7,,,,,,,
,DL,8.1,D,2,17,40,51,30,23,,,,,
,DL,8.1,D,1,38,,,,,,,,,
,DL,8.1,C,6,74,76,,,,,,,,
,DL,8.1,C,5,83,79,92,,,,,,,
,DL,8.1,C,4,87,,,,,,,,,
,DL,8.1,C,3,94,,,,,,,,,
,DL,8.1,C,2,70,72,75,78,85,,,,,
,DL,8.1,C,1,77,84,90,,,,,,,
,DL,8.1,B,6,103,,,,,,,,,
,DL,8.1,B,5,102,101,108,113,,,,,,
,DL,8.1,B,4,100,,,,,,,,,
,DL,8.1,B,3,NA,,,,,,,,,
,DL,8.1,B,2,114,109,119,112,107,123,,,,
,DL,8.1,B,1,111,115,129,,,,,,,
,DL,8.1,A,6,176,,,,,,,,,
,DL,8.1,A,5,142,144,155,162,,,,,,
,DL,8.1,A,4,NA,,,,,,,,,
,DL,8.1,A,3,147,151,160,,,,,,,
,DL,8.1,A,2,159,146,156,141,136,134,,,,
,DL,8.1,A,1,157,145,154,150,,,,,,
,DL,8.2,D,6,36,37,54,,,,,,,
,DL,8.2,D,5,24,29,28,25,,,,,,
,DL,8.2,D,4,NA,,,,,,,,,
,DL,8.2,D,3,13,42,31,,,,,,,
,DL,8.2,D,2,51,43,168,,,,,,,
,DL,8.2,D,1,26,45,53,35,,,,,,
,DL,8.2,C,6,77,85,90,92,,,,,,
,DL,8.2,C,5,75,78,89,93,,,,,,
,DL,8.2,C,4,82,79,,,,,,,,
,DL,8.2,C,3,68,,,,,,,,,
,DL,8.2,C,2,84,86,95,109,,,,,,
,DL,8.2,C,1,168,,,,,,,,,
,DL,8.2,B,6,140,135,128,,,,,,,
,DL,8.2,B,5,120,115,137,,,,,,,
,DL,8.2,B,4,127,129,,,,,,,,
,DL,8.2,B,3,121,125,133,132,,,,,,
,DL,8.2,B,2,124,141,136,145,146,,,,,
,DL,8.2,B,1,122,134,,,,,,,,
,DL,8.2,A,6,156,165,,,,,,,,
,DL,8.2,A,5,152,157,158,149,155,,,,,
,DL,8.2,A,4,154,,,,,,,,,
,DL,8.2,A,3,153,150,,,,,,,,
,DL,8.2,A,2,161,159,,,,,,,,
,DL,8.2,A,1,151,,,,,,,,,
,DL,9.1,D,6,185,186,,,,,,,,
,DL,9.1,D,5,6,25,,,,,,,,
,DL,9.1,D,4,11,31,,,,,,,,
,DL,9.1,D,3,30,,,,,,,,,
,DL,9.1,D,2,188,187,,,,,,,,
,DL,9.1,D,1,27,32,,,,,,,,
,DL,9.1,C,6,189,,,,,,,,,
,DL,9.1,C,5,63,69,71,86,,,,,,
,DL,9.1,C,4,70,75,81,,,,,,,
,DL,9.1,C,3,66,68,78,,,,,,,
,DL,9.1,C,2,58,65,77,,,,,,,
,DL,9.1,C,1,80,79,,,,,,,,
,DL,9.1,B,6,110,122,130,,,,,,,
,DL,9.1,B,5,96,97,100,,,,,,,
,DL,9.1,B,4,120,116,131,,,,,,,
,DL,9.1,B,3,125,132,137,,,,,,,
,DL,9.1,B,2,127,128,124,,,,,,,
,DL,9.1,B,1,124,128,127,,,,,,,
,DL,9.1,A,6,176,175,165,,,,,,,
,DL,9.1,A,5,163,161,,,,,,,,
,DL,9.1,A,4,166,169,,,,,,,,
,DL,9.1,A,3,174,,,,,,,,,
,DL,9.1,A,2,170,167,,,,,,,,
,DL,9.1,A,1,162,168,,,,,,,,
,DL,9.2,D,6,213,,,,,,,,,
,DL,9.2,D,5,15,,,,,,,,,
,DL,9.2,D,4,32,44,35,,,,,,,
,DL,9.2,D,3,27,33,45,,,,,,,
,DL,9.2,D,2,39,,,,,,,,,
,DL,9.2,D,1,214,19,,,,,,,,
,DL,9.2,C,6,215,68,,,,,,,,
,DL,9.2,C,5,69,,,,,,,,,
,DL,9.2,C,4,91,,,,,,,,,
,DL,9.2,C,3,216,,,,,,,,,
,DL,9.2,C,2,82,83,97,98,99,102,,,,
,DL,9.2,C,1,79,90,94,,,,,,,
,DL,9.2,B,6,217,,,,,,,,,
,DL,9.2,B,5,143,,,,,,,,,
,DL,9.2,B,4,144,,,,,,,,,
,DL,9.2,B,3,146,135,,,,,,,,
,DL,9.2,B,2,148,152,154,,,,,,,
,DL,9.2,B,1,218,129,,,,,,,,
,DL,9.2,A,6,219,,,,,,,,,
,DL,9.2,A,5,171,176,196,,,,,,,
,DL,9.2,A,4,194,,,,,,,,,
,DL,9.2,A,3,199,,,,,,,,,
,DL,9.2,A,2,172,173,182,190,191,203,,,,
,DL,9.2,A,1,220,,,,,,,,,
,DL,10.1,D,6,2,4,6,9,21,23,,,,
,DL,10.1,D,5,7,12,16,33,,,,,,
,DL,10.1,D,4,13,14,17,18,25,,,,,
,DL,10.1,D,3,11,15,,,,,,,,
,DL,10.1,D,2,8,20,22,24,30,27,,,,
,DL,10.1,D,1,10,,,,,,,,,
,DL,10.1,C,6,36,55,57,,,,,,,
,DL,10.1,C,5,44,46,,,,,,,,
,DL,10.1,C,4,49,48,,,,,,,,
,DL,10.1,C,3,47,54,53,,,,,,,
,DL,10.1,C,2,43,52,58,,,,,,,
,DL,10.1,C,1,60,,,,,,,,,
,DL,10.1,B,6,83,75,,,,,,,,
,DL,10.1,B,5,79,85,,,,,,,,
,DL,10.1,B,4,66,88,92,,,,,,,
,DL,10.1,B,3,76,78,,,,,,,,
,DL,10.1,B,2,77,81,86,87,91,,,,,
,DL,10.1,B,1,71,80,,,,,,,,
,DL,10.1,A,6,113,,,,,,,,,
,DL,10.1,A,5,134,99,102,107,108,,,,,
,DL,10.1,A,4,109,114,117,120,121,,,,,
,DL,10.1,A,3,101,105,115,,,,,,,
,DL,10.1,A,2,97,110,116,118,124,,,,,
,DL,10.1,A,1,104,106,112,119,,,,,,
,DL,10.2,D,6,4,7,11,,,,,,,
,DL,10.2,D,5,3,,,,,,,,,
,DL,10.2,D,4,13,18,21,25,,,,,,
,DL,10.2,D,3,17,15,23,6,,,,,,
,DL,10.2,D,2,8,12,10,20,24,26,,,,
,DL,10.2,D,1,16,,,,,,,,,
,DL,10.2,C,6,40,42,55,66,,,,,,
,DL,10.2,C,5,48,50,59,54,,,,,,
,DL,10.2,C,4,39,45,52,57,44,46,,,,
,DL,10.2,C,3,51,49,60,63,65,61,,,,
,DL,10.2,C,2,47,58,62,64,,,,,,
,DL,10.2,C,1,38,43,56,,,,,,,
,DL,10.2,B,6,75,80,,,,,,,,
,DL,10.2,B,5,86,,,,,,,,,
,DL,10.2,B,4,82,84,89,91,,,,,,
,DL,10.2,B,3,78,83,88,87,94,,,,,
,DL,10.2,B,2,77,74,81,79,,,,,,
,DL,10.2,B,1,93,90,,,,,,,,
,DL,10.2,A,6,108,112,129,,,,,,,
,DL,10.2,A,5,99,126,141,,,,,,,
,DL,10.2,A,4,111,115,117,116,109,118,123,,,
,DL,10.2,A,3,106,122,119,,,,,,,
,DL,10.2,A,2,101,121,,,,,,,,
,DL,10.2,A,1,120,,,,,,,,,
,DL,11.1,D,6,4,5,8,9,,,,,,
,DL,11.1,D,5,,,,,,,,,,
,DL,11.1,D,4,10,,,,,,,,,
,DL,11.1,D,3,15,16,24,,,,,,,
,DL,11.1,D,2,11,,,,,,,,,
,DL,11.1,D,1,13,14,,,,,,,,
,DL,11.1,C,6,31,45,28,36,,,,,,
,DL,11.1,C,5,40,39,32,33,,,,,,
,DL,11.1,C,4,,,,,,,,,,
,DL,11.1,C,3,,,,,,,,,,
,DL,11.1,C,2,25,29,35,43,42,51,,,,
,DL,11.1,C,1,26,34,27,30,,,,,,
,DL,11.1,B,6,55,62,70,66,,,,,,
,DL,11.1,B,5,71,,,,,,,,,
,DL,11.1,B,4,73,,,,,,,,,
,DL,11.1,B,3,77,,,,,,,,,
,DL,11.1,B,2,56,61,64,72,65,,,,,
,DL,11.1,B,1,58,63,69,67,75,,,,,
,DL,11.1,A,6,82,83,100,99,107,97,,,,
,DL,11.1,A,5,88,89,124,,,,,,,
,DL,11.1,A,4,98,93,103,101,,,,,,
,DL,11.1,A,3,94,,,,,,,,,
,DL,11.1,A,2,90,95,102,109,,,,,,
,DL,11.1,A,1,85,87,104,,,,,,,
,DL,11.2,D,6,3,6,8,13,15,16,20,,,
,DL,11.2,D,5,27,,,,,,,,,
,DL,11.2,D,4,12,1,,,,,,,,
,DL,11.2,D,3,4,9,21,23,,,,,,
,DL,11.2,D,2,22,28,29,,,,,,,
,DL,11.2,D,1,7,11,17,18,24,31,32,33,34,
,DL,11.2,C,6,36,41,42,39,,,,,,
,DL,11.2,C,5,38,46,40,55,,,,,,
,DL,11.2,C,4,50,47,53,52,,,,,,
,DL,11.2,C,3,119,,,,,,,,,
,DL,11.2,C,2,37,43,45,48,,,,,,
,DL,11.2,C,1,44,51,,,,,,,,
,DL,11.2,B,6,72,65,64,78,,,,,,
,DL,11.2,B,5,79,57,,,,,,,,
,DL,11.2,B,4,63,68,74,,,,,,,
,DL,11.2,B,3,61,,,,,,,,,
,DL,11.2,B,2,73,60,66,71,,,,,,
,DL,11.2,B,1,70,67,62,69,75,,,,,
,DL,11.2,A,6,88,87,92,93,95,,,,,
,DL,11.2,A,5,120,121,122,,,,,,,
,DL,11.2,A,4,97,,,,,,,,,
,DL,11.2,A,3,81,,,,,,,,,
,DL,11.2,A,2,98,104,,,,,,,,
,DL,11.2,A,1,83,90,96,110,,,,,,
,DL,12.1,D,6,194,,,,,,,,,
,DL,12.1,D,5,22,,,,,,,,,
,DL,12.1,D,4,31,,,,,,,,,
,DL,12.1,D,3,9,13,15,21,29,34,36,67,44,
,DL,12.1,D,2,32,26,35,,,,,,,
,DL,12.1,D,1,,,,,,,,,,
,DL,12.1,C,6,52,,,,,,,,,
,DL,12.1,C,5,63,,,,,,,,,
,DL,12.1,C,4,57,56,59,67,,,,,,
,DL,12.1,C,3,50,60,65,72,,,,,,
,DL,12.1,C,2,55,66,68,64,70,69,,,,
,DL,12.1,C,1,54,,,,,,,,,
,DL,12.1,B,6,81,91,99,,,,,,,
,DL,12.1,B,5,82,84,,,,,,,,
,DL,12.1,B,4,89,,,,,,,,,
,DL,12.1,B,3,85,77,106,,,,,,,
,DL,12.1,B,2,88,96,101,,,,,,,
,DL,12.1,B,1,97,,,,,,,,,
,DL,12.1,A,6,135,,,,,,,,,
,DL,12.1,A,5,NA,,,,,,,,,
,DL,12.1,A,4,156,157,,,,,,,,
,DL,12.1,A,3,125,165,195,,,,,,,
,DL,12.1,A,2,126,136,134,146,,,,,,
,DL,12.1,A,1,143,,,,,,,,,
,DL,12.2,D,6,NA,,,,,,,,,
,DL,12.2,D,5,33,25,,,,,,,,
,DL,12.2,D,4,NA,,,,,,,,,
,DL,12.2,D,3,48,46,50,,,,,,,
,DL,12.2,D,2,32,52,49,,,,,,,
,DL,12.2,D,1,NA,,,,,,,,,
,DL,12.2,C,6,82,92,,,,,,,,
,DL,12.2,C,5,98,99,,,,,,,,
,DL,12.2,C,4,94,91,,,,,,,,
,DL,12.2,C,3,100,101,113,104,118,,,,,
,DL,12.2,C,2,281,,,,,,,,,
,DL,12.2,C,1,105,103,106,109,97,95,109,,,
,DL,12.2,B,6,152,176,,,,,,,,
,DL,12.2,B,5,166,158,,,,,,,,
,DL,12.2,B,4,157,156,177,189,,,,,,
,DL,12.2,B,3,145,155,150,148,168,172,178,,,
,DL,12.2,B,2,160,175,,,,,,,,
,DL,12.2,B,1,NA,,,,,,,,,
,DL,12.2,A,6,233,,,,,,,,,
,DL,12.2,A,5,282,261,227,,,,,,,
,DL,12.2,A,4,NA,,,,,,,,,
,DL,12.2,A,3,244,255,236,,,,,,,
,DL,12.2,A,2,226,218,251,238,276,,,,,
,DL,12.2,A,1,NA,,,,,,,,,
,DL,13.1,D,6,9,20,22,,,,,,,
,DL,13.1,D,5,13,14,17,25,26,30,24,,,
,DL,13.1,D,4,27,29,32,,,,,,,
,DL,13.1,D,3,18,,,,,,,,,
,DL,13.1,D,2,8,23,,,,,,,,
,DL,13.1,D,1,36,4,6,15,,,,,,
,DL,13.1,C,6,38,45,52,62,59,,,,,
,DL,13.1,C,5,47,66,,,,,,,,
,DL,13.1,C,4,55,65,,,,,,,,
,DL,13.1,C,3,48,58,,,,,,,,
,DL,13.1,C,2,42,43,44,53,51,64,,,,
,DL,13.1,C,1,63,49,,,,,,,,
,DL,13.1,B,6,92,89,83,99,97,90,,,,
,DL,13.1,B,5,79,81,84,94,,,,,,
,DL,13.1,B,4,86,96,,,,,,,,
,DL,13.1,B,3,76,78,85,,,,,,,
,DL,13.1,B,2,72,73,91,104,,,,,,
,DL,13.1,B,1,80,82,88,,,,,,,
,DL,13.1,A,6,116,124,131,140,165,,,,,
,DL,13.1,A,5,141,118,143,,,,,,,
,DL,13.1,A,4,,,,,,,,,,
,DL,13.1,A,3,137,166,,,,,,,,
,DL,13.1,A,2,127,136,,,,,,,,
,DL,13.1,A,1,136,127,,,,,,,,
,DL,13.2,D,6,20,34,32,39,41,,,,,
,DL,13.2,D,5,40,18,38,,,,,,,
,DL,13.2,D,4,28,,,,,,,,,
,DL,13.2,D,3,25,36,,,,,,,,
,DL,13.2,D,2,3,16,19,,,,,,,
,DL,13.2,D,1,203,24,9,29,35,13,42,,,
,DL,13.2,C,6,46,74,85,,,,,,,
,DL,13.2,C,5,52,56,64,63,73,77,81,,,
,DL,13.2,C,4,78,,,,,,,,,
,DL,13.2,C,3,68,,,,,,,,,
,DL,13.2,C,2,66,65,76,,,,,,,
,DL,13.2,C,1,67,69,,,,,,,,
,DL,13.2,B,6,113,125,130,,,,,,,
,DL,13.2,B,5,101,111,129,134,139,,,,,
,DL,13.2,B,4,NA,,,,,,,,,
,DL,13.2,B,3,128,,,,,,,,,
,DL,13.2,B,2,112,,,,,,,,,
,DL,13.2,B,1,121,140,143,,,,,,,
,DL,13.2,A,6,164,163,160,177,192,,,,,
,DL,13.2,A,5,,,,,,,,,,
,DL,13.2,A,4,NA,,,,,,,,,
,DL,13.2,A,3,204,205,,,,,,,,
,DL,13.2,A,2,153,,,,,,,,,
,DL,13.2,A,1,195,154,,,,,,,,
,DL,14.1,D,6,3,7,5,11,21,,,,,
,DL,14.1,D,5,8,10,18,17,14,,,,,
,DL,14.1,D,4,9,13,15,20,22,,,,,
,DL,14.1,D,3,4,,,,,,,,,
,DL,14.1,D,2,12,19,,,,,,,,
,DL,14.1,D,1,6,28,,,,,,,,
,DL,14.1,C,6,52,57,33,30,,,,,,
,DL,14.1,C,5,45,,,,,,,,,
,DL,14.1,C,4,40,44,56,62,,,,,,
,DL,14.1,C,3,50,,,,,,,,,
,DL,14.1,C,2,47,,,,,,,,,
,DL,14.1,C,1,46,61,,,,,,,,
,DL,14.1,B,6,83,,,,,,,,,
,DL,14.1,B,5,84,76,99,,,,,,,
,DL,14.1,B,4,72,75,85,,,,,,,
,DL,14.1,B,3,94,,,,,,,,,
,DL,14.1,B,2,73,74,80,88,91,87,,,,
,DL,14.1,B,1,81,78,89,164,,,,,,
,DL,14.1,A,6,122,,,,,,,,,
,DL,14.1,A,5,143,133,145,121,146,,,,,
,DL,14.1,A,4,125,166,,,,,,,,
,DL,14.1,A,3,,,,,,,,,,
,DL,14.1,A,2,117,119,128,167,131,124,,,,
,DL,14.1,A,1,135,142,,,,,,,,
,DL,14.2,D,6,15,27,,,,,,,,
,DL,14.2,D,5,23,26,28,41,43,,,,,
,DL,14.2,D,4,39,,,,,,,,,
,DL,14.2,D,3,21,,,,,,,,,
,DL,14.2,D,2,33,29,30,36,38,42,,,,
,DL,14.2,D,1,17,22,35,197,,,,,,
,DL,14.2,C,6,52,55,50,63,56,,,,,
,DL,14.2,C,5,67,74,76,,,,,,,
,DL,14.2,C,4,60,62,75,81,,,,,,
,DL,14.2,C,3,70,68,73,,,,,,,
,DL,14.2,C,2,51,54,61,59,71,,,,,
,DL,14.2,C,1,53,79,,,,,,,,
,DL,14.2,B,6,93,,,,,,,,,
,DL,14.2,B,5,85,94,87,111,116,126,,,,
,DL,14.2,B,4,113,101,129,135,137,,,,,
,DL,14.2,B,3,98,100,,,,,,,,
,DL,14.2,B,2,92,112,127,122,123,104,121,138,,
,DL,14.2,B,1,90,88,102,133,136,,,,,
,DL,14.2,A,6,156,166,,,,,,,,
,DL,14.2,A,5,160,172,180,,,,,,,
,DL,14.2,A,4,155,170,198,,,,,,,
,DL,14.2,A,3,151,,,,,,,,,
,DL,14.2,A,2,150,149,,,,,,,,
,DL,14.2,A,1,159,199,,,,,,,,
,DL,15.1,D,6,12,10,15,,,,,,,
,DL,15.1,D,5,3,9,7,13,,,,,,
,DL,15.1,D,4,11,19,,,,,,,,
,DL,15.1,D,3,14,21,23,24,,,,,,
,DL,15.1,D,2,5,8,17,,,,,,,
,DL,15.1,D,1,4,6,16,18,20,22,,,,
,DL,15.1,C,6,27,48,,,,,,,,
,DL,15.1,C,5,37,32,,,,,,,,
,DL,15.1,C,4,30,29,,,,,,,,
,DL,15.1,C,3,31,35,36,38,42,46,47,,,
,DL,15.1,C,2,41,43,45,,,,,,,
,DL,15.1,C,1,34,39,40,26,,,,,,
,DL,15.1,B,6,58,76,,,,,,,,
,DL,15.1,B,5,52,55,54,,,,,,,
,DL,15.1,B,4,62,,,,,,,,,
,DL,15.1,B,3,60,63,69,70,73,,,,,
,DL,15.1,B,2,53,57,65,64,,,,,,
,DL,15.1,B,1,59,66,71,74,,,,,,
,DL,15.1,A,6,92,,,,,,,,,
,DL,15.1,A,5,80,98,,,,,,,,
,DL,15.1,A,4,89,86,,,,,,,,
,DL,15.1,A,3,78,95,,,,,,,,
,DL,15.1,A,2,79,,,,,,,,,
,DL,15.1,A,1,83,85,82,106,,,,,,
,DL,15.2,D,6,17,,,,,,,,,
,DL,15.2,D,5,6,14,27,,,,,,,
,DL,15.2,D,4,12,8,,,,,,,,
,DL,15.2,D,3,11,19,18,22,24,26,,,,
,DL,15.2,D,2,16,23,,,,,,,,
,DL,15.2,D,1,20,21,13,25,,,,,,
,DL,15.2,C,6,34,38,,,,,,,,
,DL,15.2,C,5,36,39,41,,,,,,,
,DL,15.2,C,4,30,,,,,,,,,
,DL,15.2,C,3,32,37,35,47,,,,,,
,DL,15.2,C,2,28,40,43,44,45,46,,,,
,DL,15.2,C,1,29,31,33,42,,,,,,
,DL,15.2,B,6,63,,,,,,,,,
,DL,15.2,B,5,52,54,55,58,64,67,,,,
,DL,15.2,B,4,56,59,66,70,71,,,,,
,DL,15.2,B,3,49,51,,,,,,,,
,DL,15.2,B,2,61,68,60,69,50,,,,,
,DL,15.2,B,1,53,57,65,,,,,,,
,DL,15.2,A,6,80,90,,,,,,,,
,DL,15.2,A,5,72,78,89,,,,,,,
,DL,15.2,A,4,86,,,,,,,,,
,DL,15.2,A,3,83,74,,,,,,,,
,DL,15.2,A,2,75,81,85,84,,,,,,
,DL,15.2,A,1,73,77,,,,,,,,
,DL,16.1,D,6,148,21,149,,,,,,,
,DL,16.1,D,5,23,31,,,,,,,,
,DL,16.1,D,4,33,39,,,,,,,,
,DL,16.1,D,3,25,,,,,,,,,
,DL,16.1,D,2,22,,,,,,,,,
,DL,16.1,D,1,150,26,32,34,,,,,,
,DL,16.1,C,6,49,48,53,,,,,,,
,DL,16.1,C,5,56,62,,,,,,,,
,DL,16.1,C,4,52,51,70,76,81,,,,,
,DL,16.1,C,3,67,72,73,67,79,,,,,
,DL,16.1,C,2,59,65,75,,,,,,,
,DL,16.1,C,1,47,55,61,69,,,,,,
,DL,16.1,B,6,151,,,,,,,,,
,DL,16.1,B,5,94,,,,,,,,,
,DL,16.1,B,4,86,90,103,,,,,,,
,DL,16.1,B,3,89,,,,,,,,,
,DL,16.1,B,2,87,93,99,,,,,,,
,DL,16.1,B,1,91,98,95,,,,,,,
,DL,16.1,A,6,134,,,,,,,,,
,DL,16.1,A,5,123,,,,,,,,,
,DL,16.1,A,4,124,126,,,,,,,,
,DL,16.1,A,3,131,,,,,,,,,
,DL,16.1,A,2,136,152,,,,,,,,
,DL,16.1,A,1,125,133,153,154,,,,,,
,DL,16.2,D,6,15,17,,,,,,,,
,DL,16.2,D,5,18,,,,,,,,,
,DL,16.2,D,4,13,130,,,,,,,,
,DL,16.2,D,3,NA,,,,,,,,,
,DL,16.2,D,2,12,14,,,,,,,,
,DL,16.2,D,1,19,21,,,,,,,,
,DL,16.2,C,6,36,40,47,49,59,,,,,
,DL,16.2,C,5,39,52,45,,,,,,,
,DL,16.2,C,4,60,131,,,,,,,,
,DL,16.2,C,3,35,53,,,,,,,,
,DL,16.2,C,2,31,43,56,58,,,,,,
,DL,16.2,C,1,41,51,38,57,,,,,,
,DL,16.2,B,6,82,87,,,,,,,,
,DL,16.2,B,5,77,,,,,,,,,
,DL,16.2,B,4,NA,,,,,,,,,
,DL,16.2,B,3,81,86,,,,,,,,
,DL,16.2,B,2,74,79,85,89,90,,,,,
,DL,16.2,B,1,70,76,,,,,,,,
,DL,16.2,A,6,102,,,,,,,,,
,DL,16.2,A,5,99,97,,,,,,,,
,DL,16.2,A,4,101,105,96,,,,,,,
,DL,16.2,A,3,113,111,108,,,,,,,
,DL,16.2,A,2,107,122,,,,,,,,
,DL,16.2,A,1,103,109,115,121,,,,,,
,DL,17.1,D,6,14,,,,,,,,,
,DL,17.1,D,5,6,7,12,,,,,,,
,DL,17.1,D,4,10,25,28,22,11,,,,,
,DL,17.1,D,3,8,9,27,5,,,,,,
,DL,17.1,D,2,13,16,17,19,20,23,,,,
,DL,17.1,D,1,15,,,,,,,,,
,DL,17.1,C,6,36,,,,,,,,,
,DL,17.1,C,5,42,38,,,,,,,,
,DL,17.1,C,4,33,52,,,,,,,,
,DL,17.1,C,3,53,57,59,35,55,37,32,,,
,DL,17.1,C,2,40,46,47,48,,,,,,
,DL,17.1,C,1,51,50,56,58,,,,,,
,DL,17.1,B,6,126,,,,,,,,,
,DL,17.1,B,5,62,68,,,,,,,,
,DL,17.1,B,4,63,83,90,91,86,89,88,76,73,71
,DL,17.1,B,3,74,80,77,87,85,70,,,,
,DL,17.1,B,2,69,72,79,82,,,,,,
,DL,17.1,B,1,127,81,84,,,,,,,
,DL,17.1,A,6,96,,,,,,,,,
,DL,17.1,A,5,115,,,,,,,,,
,DL,17.1,A,4,95,112,,,,,,,,
,DL,17.1,A,3,100,106,121,,,,,,,
,DL,17.1,A,2,117,114,111,102,99,108,103,,,
,DL,17.1,A,1,105,,,,,,,,,
,DL,17.2,D,6,116,,,,,,,,,
,DL,17.2,D,5,15,9,19,,,,,,,
,DL,17.2,D,4,22,23,14,10,5,8,1,,,
,DL,17.2,D,3,4,13,28,,,,,,,
,DL,17.2,D,2,18,27,,,,,,,,
,DL,17.2,D,1,11,12,16,25,,,,,,
,DL,17.2,C,6,117,,,,,,,,,
,DL,17.2,C,5,33,37,45,51,54,,,,,
,DL,17.2,C,4,40,42,39,43,52,47,48,,,
,DL,17.2,C,3,44,46,55,,,,,,,
,DL,17.2,C,2,49,53,56,,,,,,,
,DL,17.2,C,1,41,,,,,,,,,
,DL,17.2,B,6,62,,,,,,,,,
,DL,17.2,B,5,68,60,57,,,,,,,
,DL,17.2,B,4,65,66,72,73,70,,,,,
,DL,17.2,B,3,64,69,58,74,76,,,,,
,DL,17.2,B,2,61,59,63,,,,,,,
,DL,17.2,B,1,,,,,,,,,,
,DL,17.2,A,6,92,,,,,,,,,
,DL,17.2,A,5,79,97,,,,,,,,
,DL,17.2,A,4,85,91,,,,,,,,
,DL,17.2,A,3,84,95,103,,,,,,,
,DL,17.2,A,2,87,88,86,101,105,107,108,,,
,DL,17.2,A,1,94,,,,,,,,,
,DL,18.1,D,6,30,28,,,,,,,,
,DL,18.1,D,5,13,14,22,16,23,29,24,,,
,DL,18.1,D,4,18,25,20,26,,,,,,
,DL,18.1,D,3,11,27,,,,,,,,
,DL,18.1,D,2,15,17,8,5,,,,,,
,DL,18.1,D,1,111,,,,,,,,,
,DL,18.1,C,6,38,45,42,46,51,,,,,
,DL,18.1,C,5,39,40,,,,,,,,
,DL,18.1,C,4,112,113,,,,,,,,
,DL,18.1,C,3,44,48,,,,,,,,
,DL,18.1,C,2,53,,,,,,,,,
,DL,18.1,C,1,41,49,36,67,43,,,,,
,DL,18.1,B,6,60,75,70,,,,,,,
,DL,18.1,B,5,63,71,80,,,,,,,
,DL,18.1,B,4,84,81,,,,,,,,
,DL,18.1,B,3,72,73,76,79,68,77,,,,
,DL,18.1,B,2,69,,,,,,,,,
,DL,18.1,B,1,61,67,,,,,,,,
,DL,18.1,A,6,92,,,,,,,,,
,DL,18.1,A,5,89,98,,,,,,,,
,DL,18.1,A,4,88,,,,,,,,,
,DL,18.1,A,3,96,95,,,,,,,,
,DL,18.1,A,2,90,,,,,,,,,
,DL,18.1,A,1,94,,,,,,,,,
,DL,18.2,D,6,6,7,9,13,12,,,,,
,DL,18.2,D,5,15,16,,,,,,,,
,DL,18.2,D,4,3,5,14,17,23,,,,,
,DL,18.2,D,3,18,24,,,,,,,,
,DL,18.2,D,2,20,21,26,,,,,,,
,DL,18.2,D,1,22,27,11,,,,,,,
,DL,18.2,C,6,31,29,,,,,,,,
,DL,18.2,C,5,39,43,48,,,,,,,
,DL,18.2,C,4,30,32,33,37,,,,,,
,DL,18.2,C,3,36,42,40,41,45,,,,,
,DL,18.2,C,2,34,35,,,,,,,,
,DL,18.2,C,1,44,46,,,,,,,,
,DL,18.2,B,6,64,62,70,69,71,,,,,
,DL,18.2,B,5,65,63,67,,,,,,,
,DL,18.2,B,4,52,54,60,55,,,,,,
,DL,18.2,B,3,53,56,59,,,,,,,
,DL,18.2,B,2,66,,,,,,,,,
,DL,18.2,B,1,51,58,61,68,,,,,,
,DL,18.2,A,6,92,99,98,101,104,,,,,
,DL,18.2,A,5,84,95,106,,,,,,,
,DL,18.2,A,4,79,89,94,103,,,,,,
,DL,18.2,A,3,81,91,,,,,,,,
,DL,18.2,A,2,96,,,,,,,,,
,DL,18.2,A,1,77,88,82,93,,,,,,
,DL,19.1,D,6,3,7,13,16,,,,,,
,DL,19.1,D,5,14,15,17,9,18,,,,,
,DL,19.1,D,4,2,8,12,19,,,,,,
,DL,19.1,D,3,4,5,6,11,,,,,,
,DL,19.1,D,2,10,,,,,,,,,
,DL,19.1,D,1,20,,,,,,,,,
,DL,19.1,C,6,24,25,28,,,,,,,
,DL,19.1,C,5,30,31,33,34,,,,,,
,DL,19.1,C,4,32,36,27,,,,,,,
,DL,19.1,C,3,29,,,,,,,,,
,DL,19.1,C,2,35,,,,,,,,,
,DL,19.1,C,1,26,,,,,,,,,
,DL,19.1,B,6,37,38,46,53,51,5,,,,
,DL,19.1,B,5,64,,,,,,,,,
,DL,19.1,B,4,39,42,41,52,44,,,,,
,DL,19.1,B,3,49,50,,,,,,,,
,DL,19.1,B,2,40,48,,,,,,,,
,DL,19.1,B,1,47,,,,,,,,,
,DL,19.1,A,6,57,70,75,,,,,,,
,DL,19.1,A,5,63,,,,,,,,,
,DL,19.1,A,4,66,,,,,,,,,
,DL,19.1,A,3,67,76,84,79,103,,,,,
,DL,19.1,A,2,77,,,,,,,,,
,DL,19.1,A,1,73,,,,,,,,,
,DL,19.2,D,6,2,3,4,10,18,,,,,
,DL,19.2,D,5,5,9,19,25,12,,,,,
,DL,19.2,D,4,8,11,20,26,21,23,7,24,,
,DL,19.2,D,3,6,22,,,,,,,,
,DL,19.2,D,2,13,,,,,,,,,
,DL,19.2,D,1,17,14,,,,,,,,
,DL,19.2,C,6,29,35,37,43,39,45,,,,
,DL,19.2,C,5,32,38,34,42,,,,,,
,DL,19.2,C,4,47,,,,,,,,,
,DL,19.2,C,3,33,36,40,41,46,,,,,
,DL,19.2,C,2,,,,,,,,,,
,DL,19.2,C,1,30,,,,,,,,,
,DL,19.2,B,6,49,51,56,53,,,,,,
,DL,19.2,B,5,57,50,63,64,68,66,,,,
,DL,19.2,B,4,54,65,67,71,69,72,,,,
,DL,19.2,B,3,55,58,60,,,,,,,
,DL,19.2,B,2,52,,,,,,,,,
,DL,19.2,B,1,61,62,59,70,,,,,,
,DL,19.2,A,6,83,88,74,101,105,,,,,
,DL,19.2,A,5,78,82,90,94,87,86,,,,
,DL,19.2,A,4,81,89,92,95,98,100,,,,
,DL,19.2,A,3,99,109,111,,,,,,,
,DL,19.2,A,2,91,,,,,,,,,
,DL,19.2,A,1,97,,,,,,,,,
,DL,20.1,D,6,31,39,40,,,,,,,
,DL,20.1,D,5,22,23,128,,,,,,,
,DL,20.1,D,4,15,21,16,30,27,25,,,,
,DL,20.1,D,3,34,36,42,41,,,,,,
,DL,20.1,D,2,8,18,17,29,,,,,,
,DL,20.1,D,1,6,12,24,28,20,,,,,
,DL,20.1,C,6,56,62,63,71,,,,,,
,DL,20.1,C,5,52,53,57,59,66,69,,,,
,DL,20.1,C,4,51,55,,,,,,,,
,DL,20.1,C,3,67,68,73,,,,,,,
,DL,20.1,C,2,61,65,72,,,,,,,
,DL,20.1,C,1,64,58,60,70,74,,,,,
,DL,20.1,B,6,84,90,92,,,,,,,
,DL,20.1,B,5,87,91,,,,,,,,
,DL,20.1,B,4,93,88,,,,,,,,
,DL,20.1,B,3,86,93,,,,,,,,
,DL,20.1,B,2,80,85,82,89,,,,,,
,DL,20.1,B,1,78,79,81,95,,,,,,
,DL,20.1,A,6,99,106,102,,,,,,,
,DL,20.1,A,5,104,109,113,115,,,,,,
,DL,20.1,A,4,110,117,,,,,,,,
,DL,20.1,A,3,103,116,,,,,,,,
,DL,20.1,A,2,101,114,,,,,,,,
,DL,20.1,A,1,108,105,118,120,121,,,,,
,DL,20.2,D,6,19,21,38,42,44,,,,,
,DL,20.2,D,5,30,33,34,37,,,,,,
,DL,20.2,D,4,8,25,29,45,,,,,,
,DL,20.2,D,3,10,12,23,32,,,,,,
,DL,20.2,D,2,14,26,,,,,,,,
,DL,20.2,D,1,16,17,36,20,,,,,,
,DL,20.2,C,6,57,66,65,71,74,69,,,,
,DL,20.2,C,5,52,54,62,,,,,,,
,DL,20.2,C,4,53,63,70,75,76,,,,,
,DL,20.2,C,3,51,64,67,72,,,,,,
,DL,20.2,C,2,58,60,,,,,,,,
,DL,20.2,C,1,55,56,61,73,,,,,,
,DL,20.2,B,6,81,92,,,,,,,,
,DL,20.2,B,5,95,88,98,,,,,,,
,DL,20.2,B,4,78,80,85,87,,,,,,
,DL,20.2,B,3,79,82,90,94,,,,,,
,DL,20.2,B,2,93,96,,,,,,,,
,DL,20.2,B,1,84,86,83,91,,,,,,
,DL,20.2,A,6,109,125,121,,,,,,,
,DL,20.2,A,5,111,118,,,,,,,,
,DL,20.2,A,4,116,114,,,,,,,,
,DL,20.2,A,3,113,128,,,,,,,,
,DL,20.2,A,2,122,124,103,104,108,,,,,
,DL,20.2,A,1,119,127,,,,,,,,
,MG,21.1,A,1,106,,,,,,,,,
,MG,21.1,A,2,118,,,,,,,,,
,MG,21.1,A,3,98,104,107,,,,,,,
,MG,21.1,A,4,95,96,100,101,108,,,,,
,MG,21.1,A,5,119,120,,,,,,,,
,MG,21.1,A,6,102,,,,,,,,,
,MG,21.1,B,1,82,83,,,,,,,,
,MG,21.1,B,2,80,,,,,,,,,
,MG,21.1,B,3,64,70,,,,,,,,
,MG,21.1,B,4,65,68,71,72,74,,,,,
,MG,21.1,B,5,66,79,84,81,,,,,,
,MG,21.1,B,6,77,,,,,,,,,
,MG,21.1,C,1,55,56,54,59,,,,,,
,MG,21.1,C,2,52,58,,,,,,,,
,MG,21.1,C,3,45,51,39,42,,,,,,
,MG,21.1,C,4,47,49,50,53,57,60,61,,,
,MG,21.1,C,5,41,44,,,,,,,,
,MG,21.1,C,6,46,,,,,,,,,
,MG,21.1,D,1,26,,,,,,,,,
,MG,21.1,D,2,19,,,,,,,,,
,MG,21.1,D,3,20,23,28,,,,,,,
,MG,21.1,D,4,13,17,27,29,,,,,,
,MG,21.1,D,5,121,122,,,,,,,,
,MG,21.1,D,6,25,,,,,,,,,
,MG,21.2,A,1,NA,,,,,,,,,
,MG,21.2,A,2,83,92,,,,,,,,
,MG,21.2,A,3,66,68,78,80,,,,,,
,MG,21.2,A,4,64,,,,,,,,,
,MG,21.2,A,5,63,67,73,75,,,,,,
,MG,21.2,A,6,74,77,,,,,,,,
,MG,21.2,B,1,49,52,57,,,,,,,
,MG,21.2,B,2,44,48,50,,,,,,,
,MG,21.2,B,3,47,54,,,,,,,,
,MG,21.2,B,4,45,56,58,60,,,,,,
,MG,21.2,B,5,46,53,55,,,,,,,
,MG,21.2,B,6,41,,,,,,,,,
,MG,21.2,C,1,34,37,,,,,,,,
,MG,21.2,C,2,25,,,,,,,,,
,MG,21.2,C,3,27,38,,,,,,,,
,MG,21.2,C,4,30,36,35,,,,,,,
,MG,21.2,C,5,26,29,31,32,33,,,,,
,MG,21.2,C,6,28,,,,,,,,,
,MG,21.2,D,1,9,,,,,,,,,
,MG,21.2,D,2,1,8,11,,,,,,,
,MG,21.2,D,3,10,,,,,,,,,
,MG,21.2,D,4,4,,,,,,,,,
,MG,21.2,D,5,13,14,18,,,,,,,
,MG,21.2,D,6,NA,,,,,,,,,
,MG,22.1,A,1,172,,,,,,,,,
,MG,22.1,A,2,125,144,,,,,,,,
,MG,22.1,A,3,143,,,,,,,,,
,MG,22.1,A,4,120,118,,,,,,,,
,MG,22.1,A,5,121,,,,,,,,,
,MG,22.1,A,6,110,147,,,,,,,,
,MG,22.1,B,1,74,94,90,81,,,,,,
,MG,22.1,B,2,92,91,84,,,,,,,
,MG,22.1,B,3,82,76,95,93,89,,,,,
,MG,22.1,B,4,77,72,75,,,,,,,
,MG,22.1,B,5,85,86,79,,,,,,,
,MG,22.1,B,6,71,69,78,67,70,,,,,
,MG,22.1,C,1,56,57,,,,,,,,
,MG,22.1,C,2,58,,,,,,,,,
,MG,22.1,C,3,40,41,48,,,,,,,
,MG,22.1,C,4,55,61,63,62,,,,,,
,MG,22.1,C,5,54,60,,,,,,,,
,MG,22.1,C,6,38,45,46,47,,,,,,
,MG,22.1,D,1,8,15,13,,,,,,,
,MG,22.1,D,2,16,,,,,,,,,
,MG,22.1,D,3,18,23,,,,,,,,
,MG,22.1,D,4,4,9,21,,,,,,,
,MG,22.1,D,5,26,19,28,17,24,3,,,,
,MG,22.1,D,6,10,20,27,14,,,,,,
,MG,22.2,A,1,119,137,NA,,,,,,,
,MG,22.2,A,2,131,136,134,141,146,,,,,
,MG,22.2,A,3,125,103,156,,,,,,,
,MG,22.2,A,4,120,124,135,130,126,,,,,
,MG,22.2,A,5,121,113,138,,,,,,,
,MG,22.2,A,6,109,93,,,,,,,,
,MG,22.2,B,1,73,65,,,,,,,,
,MG,22.2,B,2,69,,,,,,,,,
,MG,22.2,B,3,70,74,78,,,,,,,
,MG,22.2,B,4,76,68,77,64,,,,,,
,MG,22.2,B,5,67,,,,,,,,,
,MG,22.2,B,6,71,79,60,63,66,,,,,
,MG,22.2,C,1,NA,,,,,,,,,
,MG,22.2,C,2,41,42,50,,,,,,,
,MG,22.2,C,3,35,38,47,,,,,,,
,MG,22.2,C,4,40,43,48,,,,,,,
,MG,22.2,C,5,37,46,51,,,,,,,
,MG,22.2,C,6,34,39,52,,,,,,,
,MG,22.2,D,1,16,5,27,,,,,,,
,MG,22.2,D,2,10,19,25,,,,,,,
,MG,22.2,D,3,7,9,,,,,,,,
,MG,22.2,D,4,20,22,,,,,,,,
,MG,22.2,D,5,15,2,,,,,,,,
,MG,22.2,D,6,6,17,13,14,23,11,,,,
,MG,23.1,A,1,77,82,88,90,94,97,99,,,
,MG,23.1,A,2,87,96,,,,,,,,
,MG,23.1,A,3,93,,,,,,,,,
,MG,23.1,A,4,72,76,85,84,,,,,,
,MG,23.1,A,5,73,79,80,91,98,95,,,,
,MG,23.1,A,6,75,81,92,86,89,,,,,
,MG,23.1,B,1,47,46,49,60,,,,,,
,MG,23.1,B,2,NA,,,,,,,,,
,MG,23.1,B,3,58,64,,,,,,,,
,MG,23.1,B,4,63,69,68,,,,,,,
,MG,23.1,B,5,51,52,57,59,50,,,,,
,MG,23.1,B,6,62,65,66,,,,,,,
,MG,23.1,C,1,31,40,36,27,23,,,,,
,MG,23.1,C,2,25,24,32,38,,,,,,
,MG,23.1,C,3,34,33,28,,,,,,,
,MG,23.1,C,4,26,37,42,,,,,,,
,MG,23.1,C,5,29,35,39,,,,,,,
,MG,23.1,C,6,30,41,,,,,,,,
,MG,23.1,D,1,17,19,,,,,,,,
,MG,23.1,D,2,15,18,20,22,,,,,,
,MG,23.1,D,3,10,,,,,,,,,
,MG,23.1,D,4,2,4,8,13,12,16,,,,
,MG,23.1,D,5,1,3,7,,,,,,,
,MG,23.1,D,6,6,14,,,,,,,,
,MG,23.2,A,1,86,91,92,103,,,,,,
,MG,23.2,A,2,88,,,,,,,,,
,MG,23.2,A,3,96,97,100,,,,,,,
,MG,23.2,A,4,93,99,,,,,,,,
,MG,23.2,A,5,89,87,94,90,,,,,,
,MG,23.2,A,6,104,,,,,,,,,
,MG,23.2,B,1,55,60,71,72,70,78,51,,,
,MG,23.2,B,2,77,76,81,,,,,,,
,MG,23.2,B,3,73,68,64,61,,,,,,
,MG,23.2,B,4,52,56,59,63,74,75,,,,
,MG,23.2,B,5,57,58,69,,,,,,,
,MG,23.2,B,6,62,66,67,,,,,,,
,MG,23.2,C,1,33,37,39,38,45,47,,,,
,MG,23.2,C,2,35,,,,,,,,,
,MG,23.2,C,3,41,46,44,,,,,,,
,MG,23.2,C,4,49,40,36,31,,,,,,
,MG,23.2,C,5,43,48,,,,,,,,
,MG,23.2,C,6,42,50,,,,,,,,
,MG,23.2,D,1,21,29,13,15,30,9,2,,,
,MG,23.2,D,2,6,17,,,,,,,,
,MG,23.2,D,3,18,28,,,,,,,,
,MG,23.2,D,4,7,14,19,11,27,,,,,
,MG,23.2,D,5,23,20,24,,,,,,,
,MG,23.2,D,6,26,25,16,12,5,,,,,
,MG,24.1,A,1,86,88,91,,,,,,,
,MG,24.1,A,2,,,,,,,,,,
,MG,24.1,A,3,,,,,,,,,,
,MG,24.1,A,4,81,87,94,98,92,99,,,,
,MG,24.1,A,5,78,84,89,,,,,,,
,MG,24.1,A,6,93,,,,,,,,,
,MG,24.1,B,1,64,57,56,,,,,,,
,MG,24.1,B,2,,,,,,,,,,
,MG,24.1,B,3,67,66,,,,,,,,
,MG,24.1,B,4,61,60,58,,,,,,,
,MG,24.1,B,5,63,54,50,,,,,,,
,MG,24.1,B,6,59,65,,,,,,,,
,MG,24.1,C,1,36,,,,,,,,,
,MG,24.1,C,2,38,41,,,,,,,,
,MG,24.1,C,3,37,43,,,,,,,,
,MG,24.1,C,4,35,45,40,,,,,,,
,MG,24.1,C,5,39,42,33,108,,,,,,
,MG,24.1,C,6,34,,,,,,,,,
,MG,24.1,D,1,6,,,,,,,,,
,MG,24.1,D,2,10,,,,,,,,,
,MG,24.1,D,3,27,20,24,,,,,,,
,MG,24.1,D,4,12,8,19,22,25,13,,,,
,MG,24.1,D,5,21,14,,,,,,,,
,MG,24.1,D,6,15,26,,,,,,,,
,MG,24.2,A,1,66,,,,,,,,,
,MG,24.2,A,2,75,,,,,,,,,
,MG,24.2,A,3,,,,,,,,,,
,MG,24.2,A,4,61,63,70,74,,,,,,
,MG,24.2,A,5,59,64,72,65,73,60,,,,
,MG,24.2,A,6,67,,,,,,,,,
,MG,24.2,B,1,51,,,,,,,,,
,MG,24.2,B,2,,,,,,,,,,
,MG,24.2,B,3,50,52,,,,,,,,
,MG,24.2,B,4,45,55,,,,,,,,
,MG,24.2,B,5,49,53,54,,,,,,,
,MG,24.2,B,6,47,,,,,,,,,
,MG,24.2,C,1,36,81,,,,,,,,
,MG,24.2,C,2,,,,,,,,,,
,MG,24.2,C,3,41,42,,,,,,,,
,MG,24.2,C,4,40,,,,,,,,,
,MG,24.2,C,5,37,32,38,,,,,,,
,MG,24.2,C,6,39,31,34,,,,,,,
,MG,24.2,D,1,14,,,,,,,,,
,MG,24.2,D,2,18,,,,,,,,,
,MG,24.2,D,3,20,,,,,,,,,
,MG,24.2,D,4,10,9,15,13,,,,,,
,MG,24.2,D,5,19,22,,,,,,,,
,MG,24.2,D,6,21,,,,,,,,,
,MG,25.1,A,1,106,98,102,,,,,,,
,MG,25.1,A,2,97,119,,,,,,,,
,MG,25.1,A,3,121,120,,,,,,,,
,MG,25.1,A,4,103,111,108,,,,,,,
,MG,25.1,A,5,92,94,,,,,,,,
,MG,25.1,A,6,91,,,,,,,,,
,MG,25.1,B,1,79,73,68,69,71,78,,,,
,MG,25.1,B,2,74,,,,,,,,,
,MG,25.1,B,3,76,66,,,,,,,,
,MG,25.1,B,4,72,77,,,,,,,,
,MG,25.1,B,5,75,,,,,,,,,
,MG,25.1,B,6,70,,,,,,,,,
,MG,25.1,C,1,44,52,58,60,62,63,54,61,,
,MG,25.1,C,2,57,,,,,,,,,
,MG,25.1,C,3,53,50,45,,,,,,,
,MG,25.1,C,4,51,,,,,,,,,
,MG,25.1,C,5,48,,,,,,,,,
,MG,25.1,C,6,46,49,55,56,,,,,,
,MG,25.1,D,1,34,27,16,33,38,,,,,
,MG,25.1,D,2,31,,,,,,,,,
,MG,25.1,D,3,22,,,,,,,,,
,MG,25.1,D,4,26,,,,,,,,,
,MG,25.1,D,5,23,,,,,,,,,
,MG,25.1,D,6,25,11,,,,,,,,
,MG,25.2,A,1,96,98,101,,,,,,,
,MG,25.2,A,2,88,,,,,,,,,
,MG,25.2,A,3,83,,,,,,,,,
,MG,25.2,A,4,,,,,,,,,,
,MG,25.2,A,5,81,,,,,,,,,
,MG,25.2,A,6,78,112,,,,,,,,
,MG,25.2,B,1,64,74,73,,,,,,,
,MG,25.2,B,2,69,,,,,,,,,
,MG,25.2,B,3,67,68,,,,,,,,
,MG,25.2,B,4,,,,,,,,,,
,MG,25.2,B,5,72,,,,,,,,,
,MG,25.2,B,6,65,71,113,,,,,,,
,MG,25.2,C,1,50,48,40,38,41,43,36,53,56,
,MG,25.2,C,2,42,,,,,,,,,
,MG,25.2,C,3,39,37,,,,,,,,
,MG,25.2,C,4,,,,,,,,,,
,MG,25.2,C,5,44,,,,,,,,,
,MG,25.2,C,6,51,55,54,49,114,,,,,
,MG,25.2,D,1,22,24,,,,,,,,
,MG,25.2,D,2,20,,,,,,,,,
,MG,25.2,D,3,8,13,9,11,15,19,,,,
,MG,25.2,D,4,,,,,,,,,,
,MG,25.2,D,5,25,7,,,,,,,,
,MG,25.2,D,6,14,,,,,,,,,
,MG,26.1,A,1,69,76,68,84,,,,,,
,MG,26.1,A,2,79,82,85,,,,,,,
,MG,26.1,A,3,86,77,,,,,,,,
,MG,26.1,A,4,72,71,73,,,,,,,
,MG,26.1,A,5,60,80,83,,,,,,,
,MG,26.1,A,6,67,75,62,,,,,,,
,MG,26.1,B,1,42,47,54,56,,,,,,
,MG,26.1,B,2,38,44,39,41,,,,,,
,MG,26.1,B,3,50,49,,,,,,,,
,MG,26.1,B,4,40,45,,,,,,,,
,MG,26.1,B,5,46,52,48,,,,,,,
,MG,26.1,B,6,51,,,,,,,,,
,MG,26.1,C,1,33,34,,,,,,,,
,MG,26.1,C,2,20,22,21,,,,,,,
,MG,26.1,C,3,23,27,31,,,,,,,
,MG,26.1,C,4,25,,,,,,,,,
,MG,26.1,C,5,24,30,32,35,28,26,29,,,
,MG,26.1,C,6,,,,,,,,,,
,MG,26.1,D,1,10,,,,,,,,,
,MG,26.1,D,2,6,17,,,,,,,,
,MG,26.1,D,3,8,9,16,14,,,,,,
,MG,26.1,D,4,3,12,11,,,,,,,
,MG,26.1,D,5,15,7,,,,,,,,
,MG,26.1,D,6,91,,,,,,,,,
,MG,26.2,A,1,69,66,71,75,,,,,,
,MG,26.2,A,2,74,79,81,,,,,,,
,MG,26.2,A,3,NA,,,,,,,,,
,MG,26.2,A,4,68,,,,,,,,,
,MG,26.2,A,5,61,67,63,,,,,,,
,MG,26.2,A,6,NA,,,,,,,,,
,MG,26.2,B,1,50,48,51,,,,,,,
,MG,26.2,B,2,46,47,,,,,,,,
,MG,26.2,B,3,57,,,,,,,,,
,MG,26.2,B,4,55,,,,,,,,,
,MG,26.2,B,5,53,49,45,41,42,,,,,
,MG,26.2,B,6,58,52,44,56,,,,,,
,MG,26.2,C,1,38,39,,,,,,,,
,MG,26.2,C,2,36,32,37,33,35,17,,,,
,MG,26.2,C,3,22,27,26,29,28,,,,,
,MG,26.2,C,4,18,25,,,,,,,,
,MG,26.2,C,5,23,24,30,34,,,,,,
,MG,26.2,C,6,20,31,16,,,,,,,
,MG,26.2,D,1,8,4,,,,,,,,
,MG,26.2,D,2,1,6,12,15,,,,,,
,MG,26.2,D,3,11,,,,,,,,,
,MG,26.2,D,4,9,,,,,,,,,
,MG,26.2,D,5,7,14,10,,,,,,,
,MG,26.2,D,6,2,3,5,,,,,,,
,MG,27.1,A,1,106,120,125,127,114,128,,,,
,MG,27.1,A,2,105,107,112,,,,,,,
,MG,27.1,A,3,101,104,108,116,111,,,,,
,MG,27.1,A,4,99,102,110,124,119,115,,,,
,MG,27.1,A,5,103,113,100,,,,,,,
,MG,27.1,A,6,89,93,98,122,,,,,,
,MG,27.1,B,1,79,81,86,85,76,,,,,
,MG,27.1,B,2,64,66,70,,,,,,,
,MG,27.1,B,3,73,74,82,71,75,84,,,,
,MG,27.1,B,4,62,60,61,72,69,68,83,,,
,MG,27.1,B,5,NA,,,,,,,,,
,MG,27.1,B,6,65,67,63,77,,,,,,
,MG,27.1,C,1,31,37,45,52,50,,,,,
,MG,27.1,C,2,35,34,26,40,,,,,,
,MG,27.1,C,3,42,39,,,,,,,,
,MG,27.1,C,4,43,41,51,53,56,58,,,,
,MG,27.1,C,5,46,27,32,,,,,,,
,MG,27.1,C,6,28,30,48,134,,,,,,
,MG,27.1,D,1,16,12,22,21,20,23,,,,
,MG,27.1,D,2,7,,,,,,,,,
,MG,27.1,D,3,10,6,11,15,,,,,,
,MG,27.1,D,4,14,9,,,,,,,,
,MG,27.1,D,5,8,18,19,,,,,,,
,MG,27.1,D,6,13,17,,,,,,,,
,MG,27.2,A,1,79,70,66,78,,,,,,
,MG,27.2,A,2,69,,,,,,,,,
,MG,27.2,A,3,77,72,71,,,,,,,
,MG,27.2,A,4,74,,,,,,,,,
,MG,27.2,A,5,67,68,65,,,,,,,
,MG,27.2,A,6,80,63,61,,,,,,,
,MG,27.2,B,1,45,53,58,,,,,,,
,MG,27.2,B,2,44,59,57,,,,,,,
,MG,27.2,B,3,51,56,,,,,,,,
,MG,27.2,B,4,55,54,49,,,,,,,
,MG,27.2,B,5,46,50,,,,,,,,
,MG,27.2,B,6,47,48,52,,,,,,,
,MG,27.2,C,1,25,26,32,29,40,,,,,
,MG,27.2,C,2,39,43,,,,,,,,
,MG,27.2,C,3,35,31,28,38,,,,,,
,MG,27.2,C,4,42,36,,,,,,,,
,MG,27.2,C,5,27,34,,,,,,,,
,MG,27.2,C,6,30,33,37,41,,,,,,
,MG,27.2,D,1,3,16,24,18,,,,,,
,MG,27.2,D,2,2,4,6,10,15,19,,,,
,MG,27.2,D,3,5,9,21,,,,,,,
,MG,27.2,D,4,14,,,,,,,,,
,MG,27.2,D,5,23,20,13,,,,,,,
,MG,27.2,D,6,7,12,22,11,,,,,,
,MG,28.1,A,1,64,69,79,83,75,85,86,87,,
,MG,28.1,A,2,73,74,,,,,,,,
,MG,28.1,A,3,81,,,,,,,,,
,MG,28.1,A,4,90,84,,,,,,,,
,MG,28.1,A,5,72,82,,,,,,,,
,MG,28.1,A,6,66,70,77,78,80,76,,,,
,MG,28.1,B,1,47,51,60,,,,,,,
,MG,28.1,B,2,59,,,,,,,,,
,MG,28.1,B,3,45,52,57,,,,,,,
,MG,28.1,B,4,44,49,56,62,,,,,,
,MG,28.1,B,5,43,48,53,55,,,,,,
,MG,28.1,B,6,46,50,54,58,61,,,,,
,MG,28.1,C,1,29,28,37,,,,,,,
,MG,28.1,C,2,34,38,,,,,,,,
,MG,28.1,C,3,30,27,,,,,,,,
,MG,28.1,C,4,32,26,35,41,,,,,,
,MG,28.1,C,5,25,24,36,,,,,,,
,MG,28.1,C,6,23,33,31,39,40,,,,,
,MG,28.1,D,1,4,14,17,21,19,,,,,
,MG,28.1,D,2,,,,,,,,,,
,MG,28.1,D,3,8,7,16,,,,,,,
,MG,28.1,D,4,6,11,20,22,,,,,,
,MG,28.1,D,5,13,18,10,,,,,,,
,MG,28.1,D,6,2,3,9,15,1,,,,,
,MG,28.2,A,1,77,81,86,88,,,,,,
,MG,28.2,A,2,83,,,,,,,,,
,MG,28.2,A,3,72,73,,,,,,,,
,MG,28.2,A,4,76,78,85,82,,,,,,
,MG,28.2,A,5,79,87,89,,,,,,,
,MG,28.2,A,6,84,80,75,90,91,,,,,
,MG,28.2,B,1,59,55,56,,,,,,,
,MG,28.2,B,2,70,,,,,,,,,
,MG,28.2,B,3,64,63,,,,,,,,
,MG,28.2,B,4,54,67,69,65,,,,,,
,MG,28.2,B,5,66,68,,,,,,,,
,MG,28.2,B,6,60,57,61,,,,,,,
,MG,28.2,C,1,34,41,38,47,,,,,,
,MG,28.2,C,2,36,,,,,,,,,
,MG,28.2,C,3,37,36,,,,,,,,
,MG,28.2,C,4,32,35,44,50,,,,,,
,MG,28.2,C,5,40,48,,,,,,,,
,MG,28.2,C,6,33,39,43,46,,,,,,
,MG,28.2,D,1,24,28,26,21,,,,,,
,MG,28.2,D,2,NA,,,,,,,,,
,MG,28.2,D,3,12,,,,,,,,,
,MG,28.2,D,4,4,20,23,,,,,,,
,MG,28.2,D,5,10,14,18,17,,,,,,
,MG,28.2,D,6,1,9,,,,,,,,
,MG,29.1,A,1,76,77,75,80,,,,,,
,MG,29.1,A,2,85,91,,,,,,,,
,MG,29.1,A,3,79,82,83,,,,,,,
,MG,29.1,A,4,100,,,,,,,,,
,MG,29.1,A,5,84,89,,,,,,,,
,MG,29.1,A,6,87,86,,,,,,,,
,MG,29.1,B,1,54,57,65,60,,,,,,
,MG,29.1,B,2,64,63,,,,,,,,
,MG,29.1,B,3,56,58,67,68,50,,,,,
,MG,29.1,B,4,55,,,,,,,,,
,MG,29.1,B,5,51,53,59,61,66,,,,,
,MG,29.1,B,6,52,62,,,,,,,,
,MG,29.1,C,1,33,41,47,48,45,,,,,
,MG,29.1,C,2,38,43,,,,,,,,
,MG,29.1,C,3,36,39,37,34,31,,,,,
,MG,29.1,C,4,42,44,,,,,,,,
,MG,29.1,C,5,28,29,32,35,,,,,,
,MG,29.1,C,6,30,46,40,,,,,,,
,MG,29.1,D,1,6,8,25,23,24,,,,,
,MG,29.1,D,2,3,13,12,4,21,,,,,
,MG,29.1,D,3,1,5,11,18,10,19,,,,
,MG,29.1,D,4,15,20,,,,,,,,
,MG,29.1,D,5,16,17,22,,,,,,,
,MG,29.1,D,6,14,9,,,,,,,,
,MG,29.2,A,1,113,115,131,,,,,,,
,MG,29.2,A,2,108,109,103,107,117,,,,,
,MG,29.2,A,3,106,102,111,105,,,,,,
,MG,29.2,A,4,121,127,126,,,,,,,
,MG,29.2,A,5,104,,,,,,,,,
,MG,29.2,A,6,132,,,,,,,,,
,MG,29.2,B,1,72,80,81,85,86,88,,,,
,MG,29.2,B,2,82,79,87,91,90,,,,,
,MG,29.2,B,3,61,62,78,74,,,,,,
,MG,29.2,B,4,77,66,,,,,,,,
,MG,29.2,B,5,75,64,71,65,68,,,,,
,MG,29.2,B,6,76,73,84,,,,,,,
,MG,29.2,C,1,47,52,55,56,59,,,,,
,MG,29.2,C,2,49,54,,,,,,,,
,MG,29.2,C,3,51,50,44,57,60,,,,,
,MG,29.2,C,4,45,,,,,,,,,
,MG,29.2,C,5,39,38,42,41,53,58,,,,
,MG,29.2,C,6,37,40,43,48,46,,,,,
,MG,29.2,D,1,20,26,29,32,34,,,,,
,MG,29.2,D,2,16,13,23,21,28,31,33,,,
,MG,29.2,D,3,10,4,2,5,27,,,,,
,MG,29.2,D,4,14,,,,,,,,,
,MG,29.2,D,5,7,18,11,24,15,,,,,
,MG,29.2,D,6,3,8,22,25,30,,,,,
,MG,30.1,A,1,90,89,91,93,112,111,105,,,
,MG,30.1,A,2,96,92,102,103,109,,,,,
,MG,30.1,A,3,107,114,115,117,116,,,,,
,MG,30.1,A,4,88,94,100,104,118,,,,,
,MG,30.1,A,5,97,95,110,106,,,,,,
,MG,30.1,A,6,101,98,99,108,113,,,,,
,MG,30.1,B,1,67,73,77,86,,,,,,
,MG,30.1,B,2,62,60,72,65,79,,,,,
,MG,30.1,B,3,64,74,82,76,80,,,,,
,MG,30.1,B,4,71,69,75,66,,,,,,
,MG,30.1,B,5,63,70,68,83,,,,,,
,MG,30.1,B,6,61,81,84,85,,,,,,
,MG,30.1,C,1,30,31,36,38,40,54,52,,,
,MG,30.1,C,2,53,47,43,58,56,55,,,,
,MG,30.1,C,3,37,35,42,49,51,,,,,
,MG,30.1,C,4,48,,,,,,,,,
,MG,30.1,C,5,33,46,50,,,,,,,
,MG,30.1,C,6,32,39,34,41,45,44,,,,
,MG,30.1,D,1,1,3,13,11,23,25,27,28,,
,MG,30.1,D,2,4,10,20,16,15,,,,,
,MG,30.1,D,3,14,22,26,,,,,,,
,MG,30.1,D,4,6,9,19,18,,,,,,
,MG,30.1,D,5,5,8,7,17,,,,,,
,MG,30.1,D,6,2,12,21,24,29,,,,,
,MG,30.2,A,1,88,98,85,81,90,96,83,,,
,MG,30.2,A,2,95,89,97,,,,,,,
,MG,30.2,A,3,86,92,99,,,,,,,
,MG,30.2,A,4,94,101,104,,,,,,,
,MG,30.2,A,5,87,82,102,,,,,,,
,MG,30.2,A,6,80,84,91,100,93,,,,,
,MG,30.2,B,1,72,71,70,61,74,,,,,
,MG,30.2,B,2,66,76,79,,,,,,,
,MG,30.2,B,3,75,64,78,73,,,,,,
,MG,30.2,B,4,67,62,63,,,,,,,
,MG,30.2,B,5,58,68,65,,,,,,,
,MG,30.2,B,6,57,59,60,69,77,,,,,
,MG,30.2,C,1,27,28,47,50,55,56,,,,
,MG,30.2,C,2,31,37,45,54,,,,,,
,MG,30.2,C,3,33,49,36,,,,,,,
,MG,30.2,C,4,30,35,43,48,39,40,,,,
,MG,30.2,C,5,32,29,34,42,,,,,,
,MG,30.2,C,6,46,41,44,38,26,53,52,51,,
,MG,30.2,D,1,13,6,10,25,21,12,,,,
,MG,30.2,D,2,17,5,2,,,,,,,
,MG,30.2,D,3,1,3,15,20,,,,,,
,MG,30.2,D,4,4,9,16,22,,,,,,
,MG,30.2,D,5,11,19,,,,,,,,
,MG,30.2,D,6,14,18,23,8,7,,,,,
,MG,31.1,A,1,83,87,97,102,108,92,,,,
,MG,31.1,A,2,89,91,82,,,,,,,
,MG,31.1,A,3,110,109,106,103,,,,,,
,MG,31.1,A,4,101,,,,,,,,,
,MG,31.1,A,5,84,85,,,,,,,,
,MG,31.1,A,6,86,111,105,,,,,,,
,MG,31.1,B,1,57,59,71,,,,,,,
,MG,31.1,B,2,67,68,60,,,,,,,
,MG,31.1,B,3,58,69,63,70,78,,,,,
,MG,31.1,B,4,66,,,,,,,,,
,MG,31.1,B,5,74,77,61,79,,,,,,
,MG,31.1,B,6,55,65,64,62,76,73,75,,,
,MG,31.1,C,1,45,36,38,42,32,,,,,
,MG,31.1,C,2,27,30,29,33,44,,,,,
,MG,31.1,C,3,51,46,41,48,52,,,,,
,MG,31.1,C,4,53,39,34,,,,,,,
,MG,31.1,C,5,50,40,31,35,28,,,,,
,MG,31.1,C,6,43,47,25,,,,,,,
,MG,31.1,D,1,18,12,11,15,21,,,,,
,MG,31.1,D,2,9,10,20,22,19,,,,,
,MG,31.1,D,3,4,2,3,,,,,,,
,MG,31.1,D,4,1,8,14,23,16,,,,,
,MG,31.1,D,5,5,13,17,,,,,,,
,MG,31.1,D,6,7,6,,,,,,,,
,MG,31.2,A,1,84,89,82,88,95,90,,,,
,MG,31.2,A,2,92,,,,,,,,,
,MG,31.2,A,3,76,78,85,80,81,,,,,
,MG,31.2,A,4,98,86,,,,,,,,
,MG,31.2,A,5,100,,,,,,,,,
,MG,31.2,A,6,77,,,,,,,,,
,MG,31.2,B,1,64,60,71,72,69,,,,,
,MG,31.2,B,2,48,49,59,46,73,,,,,
,MG,31.2,B,3,65,53,50,57,55,,,,,
,MG,31.2,B,4,56,54,61,,,,,,,
,MG,31.2,B,5,63,68,62,,,,,,,
,MG,31.2,B,6,45,44,47,58,70,,,,,
,MG,31.2,C,1,24,25,,,,,,,,
,MG,31.2,C,2,40,36,38,41,,,,,,
,MG,31.2,C,3,35,34,,,,,,,,
,MG,31.2,C,4,27,31,,,,,,,,
,MG,31.2,C,5,23,26,28,33,,,,,,
,MG,31.2,C,6,30,,,,,,,,,
,MG,31.2,D,1,15,11,16,19,,,,,,
,MG,31.2,D,2,4,12,14,18,,,,,,
,MG,31.2,D,3,8,6,17,21,,,,,,
,MG,31.2,D,4,20,,,,,,,,,
,MG,31.2,D,5,7,10,13,,,,,,,
,MG,31.2,D,6,1,3,5,,,,,,,
,MG,32.1,A,1,89,98,105,109,,,,,,
,MG,32.1,A,2,107,,,,,,,,,
,MG,32.1,A,3,82,96,102,90,99,,,,,
,MG,32.1,A,4,95,104,93,94,101,,,,,
,MG,32.1,A,5,86,97,100,,,,,,,
,MG,32.1,A,6,85,88,87,91,103,108,,,,
,MG,32.1,B,1,64,78,70,76,,,,,,
,MG,32.1,B,2,67,,,,,,,,,
,MG,32.1,B,3,71,73,80,74,,,,,,
,MG,32.1,B,4,61,68,72,77,,,,,,
,MG,32.1,B,5,62,63,69,79,66,,,,,
,MG,32.1,B,6,65,75,,,,,,,,
,MG,32.1,C,1,46,42,53,52,51,58,,,,
,MG,32.1,C,2,31,35,,,,,,,,
,MG,32.1,C,3,55,48,43,,,,,,,
,MG,32.1,C,4,49,40,38,45,50,,,,,
,MG,32.1,C,5,36,47,,,,,,,,
,MG,32.1,C,6,41,44,54,57,56,,,,,
,MG,32.1,D,1,14,18,22,26,,,,,,
,MG,32.1,D,2,,,,,,,,,,
,MG,32.1,D,3,15,21,17,12,25,,,,,
,MG,32.1,D,4,3,5,13,23,,,,,,
,MG,32.1,D,5,24,,,,,,,,,
,MG,32.1,D,6,10,19,16,11,8,20,,,,
,MG,32.2,A,1,74,63,66,81,87,,,,,
,MG,32.2,A,2,88,75,65,,,,,,,
,MG,32.2,A,3,62,70,78,85,,,,,,
,MG,32.2,A,4,71,68,86,84,,,,,,
,MG,32.2,A,5,73,77,,,,,,,,
,MG,32.2,A,6,69,67,64,82,79,,,,,
,MG,32.2,B,1,51,53,45,,,,,,,
,MG,32.2,B,2,54,58,,,,,,,,
,MG,32.2,B,3,59,56,,,,,,,,
,MG,32.2,B,4,55,49,,,,,,,,
,MG,32.2,B,5,48,46,,,,,,,,
,MG,32.2,B,6,50,47,57,,,,,,,
,MG,32.2,C,1,30,37,39,38,,,,,,
,MG,32.2,C,2,,,,,,,,,,
,MG,32.2,C,3,23,27,43,,,,,,,
,MG,32.2,C,4,24,41,40,36,42,,,,,
,MG,32.2,C,5,34,28,31,35,,,,,,
,MG,32.2,C,6,25,26,33,,,,,,,
,MG,32.2,D,1,12,16,18,21,,,,,,
,MG,32.2,D,2,,,,,,,,,,
,MG,32.2,D,3,9,7,13,20,,,,,,
,MG,32.2,D,4,10,17,19,14,,,,,,
,MG,32.2,D,5,8,,,,,,,,,
,MG,32.2,D,6,5,6,,,,,,,,
,MG,33.1,A,1,105,116,112,121,118,124,,,,
,MG,33.1,A,2,110,109,,,,,,,,
,MG,33.1,A,3,108,106,104,,,,,,,
,MG,33.1,A,4,,,,,,,,,,
,MG,33.1,A,5,102,107,123,,,,,,,
,MG,33.1,A,6,103,111,,,,,,,,
,MG,33.1,B,1,71,78,84,89,90,96,91,,,
,MG,33.1,B,2,86,81,75,,,,,,,
,MG,33.1,B,3,94,97,,,,,,,,
,MG,33.1,B,4,88,,,,,,,,,
,MG,33.1,B,5,79,73,70,77,72,74,82,87,83,92
,MG,33.1,B,6,76,95,93,,,,,,,
,MG,33.1,C,1,37,42,34,35,60,56,,,,
,MG,33.1,C,2,50,59,57,63,67,69,,,,
,MG,33.1,C,3,43,46,58,62,68,,,,,
,MG,33.1,C,4,41,45,55,61,,,,,,
,MG,33.1,C,5,33,36,39,52,53,47,48,40,,
,MG,33.1,C,6,38,49,44,51,,,,,,
,MG,33.1,D,1,8,4,7,18,15,13,19,27,,
,MG,33.1,D,2,20,16,25,22,,,,,,
,MG,33.1,D,3,24,26,,,,,,,,
,MG,33.1,D,4,14,11,,,,,,,,
,MG,33.1,D,5,6,12,10,23,30,31,1,,,
,MG,33.1,D,6,21,29,17,28,,,,,,
,MG,33.2,A,1,95,108,116,123,,,,,,
,MG,33.2,A,2,88,97,104,,,,,,,
,MG,33.2,A,3,85,94,99,107,109,111,112,119,,
,MG,33.2,A,4,87,98,124,122,125,,,,,
,MG,33.2,A,5,101,100,91,103,114,115,121,118,120,128
,MG,33.2,A,6,89,84,105,,,,,,,
,MG,33.2,B,1,64,63,70,79,,,,,,
,MG,33.2,B,2,62,76,,,,,,,,
,MG,33.2,B,3,61,69,71,73,65,81,82,,,
,MG,33.2,B,4,67,,,,,,,,,
,MG,33.2,B,5,74,72,75,68,58,60,,,,
,MG,33.2,B,6,66,78,,,,,,,,
,MG,33.2,C,1,37,33,48,46,44,42,,,,
,MG,33.2,C,2,28,29,47,53,51,55,43,,,
,MG,33.2,C,3,38,30,32,41,39,52,,,,
,MG,33.2,C,4,34,50,49,,,,,,,
,MG,33.2,C,5,27,56,,,,,,,,
,MG,33.2,C,6,25,31,36,40,35,,,,,
,MG,33.2,D,1,18,22,20,23,24,,,,,
,MG,33.2,D,2,13,7,11,12,,,,,,
,MG,33.2,D,3,3,6,,,,,,,,
,MG,33.2,D,4,17,9,19,,,,,,,
,MG,33.2,D,5,14,15,8,,,,,,,
,MG,33.2,D,6,10,16,5,,,,,,,
,MG,34.1,A,1,88,91,99,108,100,113,115,116,117,118
,MG,34.1,A,2,103,,,,,,,,,
,MG,34.1,A,3,92,90,102,105,114,,,,,
,MG,34.1,A,4,87,89,101,97,110,111,,,,
,MG,34.1,A,5,106,107,96,94,,,,,,
,MG,34.1,A,6,93,98,95,112,109,,,,,
,MG,34.1,B,1,67,77,81,83,,,,,,
,MG,34.1,B,2,82,,,,,,,,,
,MG,34.1,B,3,74,75,80,85,,,,,,
,MG,34.1,B,4,70,84,86,,,,,,,
,MG,34.1,B,5,68,65,63,76,79,,,,,
,MG,34.1,B,6,69,62,,,,,,,,
,MG,34.1,C,1,38,44,55,,,,,,,
,MG,34.1,C,2,40,,,,,,,,,
,MG,34.1,C,3,57,46,54,42,,,,,,
,MG,34.1,C,4,35,37,56,49,,,,,,
,MG,34.1,C,5,34,41,52,47,,,,,,
,MG,34.1,C,6,36,39,48,50,43,53,,,,
,MG,34.1,D,1,13,27,33,,,,,,,
,MG,34.1,D,2,21,26,,,,,,,,
,MG,34.1,D,3,18,32,30,31,,,,,,
,MG,34.1,D,4,3,10,14,20,25,29,28,,,
,MG,34.1,D,5,12,19,17,24,,,,,,
,MG,34.1,D,6,2,11,23,16,15,22,,,,
,MG,34.2,A,1,94,85,90,99,103,,,,,
,MG,34.2,A,2,96,,,,,,,,,
,MG,34.2,A,3,80,81,86,84,,,,,,
,MG,34.2,A,4,82,88,97,,,,,,,
,MG,34.2,A,5,83,92,91,,,,,,,
,MG,34.2,A,6,79,95,101,102,,,,,,
,MG,34.2,B,1,56,58,71,66,,,,,,
,MG,34.2,B,2,59,,,,,,,,,
,MG,34.2,B,3,63,64,68,70,73,,,,,
,MG,34.2,B,4,60,52,50,72,67,,,,,
,MG,34.2,B,5,49,54,57,51,62,,,,,
,MG,34.2,B,6,53,55,61,69,,,,,,
,MG,34.2,C,1,34,37,43,46,,,,,,
,MG,34.2,C,2,,,,,,,,,,
,MG,34.2,C,3,38,33,36,,,,,,,
,MG,34.2,C,4,35,42,47,48,,,,,,
,MG,34.2,C,5,32,45,40,,,,,,,
,MG,34.2,C,6,41,44,39,,,,,,,
,MG,34.2,D,1,13,11,17,26,28,27,,,,
,MG,34.2,D,2,24,2,,,,,,,,
,MG,34.2,D,3,3,8,19,12,,,,,,
,MG,34.2,D,4,6,15,20,14,,,,,,
,MG,34.2,D,5,1,10,18,25,21,,,,,
,MG,34.2,D,6,5,9,4,22,,,,,,
,MG,35.1,A,1,95,93,,,,,,,,
,MG,35.1,A,2,94,106,,,,,,,,
,MG,35.1,A,3,85,83,,,,,,,,
,MG,35.1,A,4,90,92,100,104,,,,,,
,MG,35.1,A,5,81,91,89,88,101,103,,,,
,MG,35.1,A,6,98,115,,,,,,,,
,MG,35.1,B,1,71,73,75,,,,,,,
,MG,35.1,B,2,57,59,64,56,,,,,,
,MG,35.1,B,3,66,68,,,,,,,,
,MG,35.1,B,4,70,,,,,,,,,
,MG,35.1,B,5,69,61,60,58,65,,,,,
,MG,35.1,B,6,67,62,55,72,,,,,,
,MG,35.1,C,1,36,40,42,47,,,,,,
,MG,35.1,C,2,33,44,50,51,52,,,,,
,MG,35.1,C,3,31,37,,,,,,,,
,MG,35.1,C,4,34,41,39,,,,,,,
,MG,35.1,C,5,45,46,48,49,,,,,,
,MG,35.1,C,6,35,30,38,32,43,,,,,
,MG,35.1,D,1,17,20,27,25,28,,,,,
,MG,35.1,D,2,13,18,29,,,,,,,
,MG,35.1,D,3,16,24,,,,,,,,
,MG,35.1,D,4,12,15,22,,,,,,,
,MG,35.1,D,5,6,7,14,21,,,,,,
,MG,35.1,D,6,4,9,5,8,11,10,19,23,26,
,MG,35.2,A,1,84,86,90,,,,,,,
,MG,35.2,A,2,62,76,74,70,81,78,,,,
,MG,35.2,A,3,85,,,,,,,,,
,MG,35.2,A,4,64,60,63,67,82,79,,,,
,MG,35.2,A,5,75,69,72,71,,,,,,
,MG,35.2,A,6,61,,,,,,,,,
,MG,35.2,B,1,54,51,59,,,,,,,
,MG,35.2,B,2,50,53,52,55,,,,,,
,MG,35.2,B,3,48,47,,,,,,,,
,MG,35.2,B,4,44,,,,,,,,,
,MG,35.2,B,5,43,46,49,58,57,56,,,,
,MG,35.2,B,6,91,,,,,,,,,
,MG,35.2,C,1,33,31,39,40,42,,,,,
,MG,35.2,C,2,24,25,32,38,,,,,,
,MG,35.2,C,3,26,35,,,,,,,,
,MG,35.2,C,4,29,30,,,,,,,,
,MG,35.2,C,5,27,28,34,,,,,,,
,MG,35.2,C,6,26,27,41,,,,,,,
,MG,35.2,D,1,2,1,3,12,11,,,,,
,MG,35.2,D,2,17,10,13,,,,,,,
,MG,35.2,D,3,5,,,,,,,,,
,MG,35.2,D,4,7,6,4,9,,,,,,
,MG,35.2,D,5,20,8,16,21,23,,,,,
,MG,35.2,D,6,19,18,22,15,14,,,,,
,MG,36.1,A,1,103,102,112,121,120,,,,,
,MG,36.1,A,2,116,124,129,130,125,123,127,,,
,MG,36.1,A,3,105,100,98,99,106,126,,,,
,MG,36.1,A,4,117,110,107,131,118,122,,,,
,MG,36.1,A,5,109,119,113,115,,,,,,
,MG,36.1,A,6,111,101,114,,,,,,,
,MG,36.1,B,1,68,69,77,83,84,91,86,,,
,MG,36.1,B,2,71,70,78,85,92,89,93,,,
,MG,36.1,B,3,79,73,76,88,,,,,,
,MG,36.1,B,4,82,87,90,94,,,,,,
,MG,36.1,B,5,75,74,,,,,,,,
,MG,36.1,B,6,72,81,80,,,,,,,
,MG,36.1,C,1,46,49,60,61,58,65,64,67,,
,MG,36.1,C,2,50,43,47,56,,,,,,
,MG,36.1,C,3,53,45,57,54,62,,,,,
,MG,36.1,C,4,36,41,42,51,,,,,,
,MG,36.1,C,5,38,55,52,48,59,63,,,,
,MG,36.1,C,6,37,44,40,,,,,,,
,MG,36.1,D,1,8,3,16,15,28,33,34,,,
,MG,36.1,D,2,2,13,19,18,25,29,,,,
,MG,36.1,D,3,5,10,23,,,,,,,
,MG,36.1,D,4,6,20,17,14,30,,,,,
,MG,36.1,D,5,7,12,9,21,27,31,32,,,
,MG,36.1,D,6,22,134,,,,,,,,
,MG,36.2,A,1,102,105,107,120,127,123,136,,,
,MG,36.2,A,2,115,114,128,133,,,,,,
,MG,36.2,A,3,100,118,132,135,,,,,,
,MG,36.2,A,4,119,110,124,129,,,,,,
,MG,36.2,A,5,101,113,116,103,117,125,131,,,
,MG,36.2,A,6,112,104,122,111,130,,,,,
,MG,36.2,B,1,62,67,84,82,89,,,,,
,MG,36.2,B,2,73,83,78,,,,,,,
,MG,36.2,B,3,66,79,74,65,91,,,,,
,MG,36.2,B,4,64,70,71,80,86,88,,,,
,MG,36.2,B,5,61,72,59,85,76,87,95,,,
,MG,36.2,B,6,68,75,77,,,,,,,
,MG,36.2,C,1,37,39,52,,,,,,,
,MG,36.2,C,2,29,34,42,41,,,,,,
,MG,36.2,C,3,26,31,36,33,40,44,54,,,
,MG,36.2,C,4,43,47,38,,,,,,,
,MG,36.2,C,5,35,49,46,50,,,,,,
,MG,36.2,C,6,27,32,30,48,53,,,,,
,MG,36.2,D,1,5,8,14,18,,,,,,
,MG,36.2,D,2,15,12,17,20,,,,,,
,MG,36.2,D,3,4,13,10,,,,,,,
,MG,36.2,D,4,7,9,21,23,,,,,,
,MG,36.2,D,5,3,11,,,,,,,,
,MG,36.2,D,6,19,6,,,,,,,,
,MG,37.1,A,1,123,,,,,,,,,
,MG,37.1,A,2,122,129,145,181,,,,,,
,MG,37.1,A,3,146,158,157,136,182,,,,,
,MG,37.1,A,4,165,130,118,125,,,,,,
,MG,37.1,A,5,141,134,,,,,,,,
,MG,37.1,A,6,128,,,,,,,,,
,MG,37.1,B,1,80,89,101,,,,,,,
,MG,37.1,B,2,93,94,77,98,102,,,,,
,MG,37.1,B,3,91,88,107,99,87,,,,,
,MG,37.1,B,4,82,,,,,,,,,
,MG,37.1,B,5,79,83,78,85,,,,,,
,MG,37.1,B,6,100,97,90,81,,,,,,
,MG,37.1,C,1,51,50,63,61,66,,,,,
,MG,37.1,C,2,43,48,55,57,65,183,,,,
,MG,37.1,C,3,59,54,56,64,,,,,,
,MG,37.1,C,4,49,52,58,,,,,,,
,MG,37.1,C,5,70,40,,,,,,,,
,MG,37.1,C,6,60,46,42,72,,,,,,
,MG,37.1,D,1,30,33,37,,,,,,,
,MG,37.1,D,2,25,27,,,,,,,,
,MG,37.1,D,3,3,29,32,36,,,,,,
,MG,37.1,D,4,,,,,,,,,,
,MG,37.1,D,5,16,14,35,,,,,,,
,MG,37.1,D,6,22,17,,,,,,,,
,MG,37.2,A,1,90,97,93,100,123,,,,,
,MG,37.2,A,2,107,118,,,,,,,,
,MG,37.2,A,3,95,111,113,115,,,,,,
,MG,37.2,A,4,103,,,,,,,,,
,MG,37.2,A,5,92,106,,,,,,,,
,MG,37.2,A,6,124,,,,,,,,,
,MG,37.2,B,1,62,63,67,75,,,,,,
,MG,37.2,B,2,NA,,,,,,,,,
,MG,37.2,B,3,66,74,76,,,,,,,
,MG,37.2,B,4,69,77,,,,,,,,
,MG,37.2,B,5,61,60,73,72,65,,,,,
,MG,37.2,B,6,59,68,,,,,,,,
,MG,37.2,C,1,41,48,51,47,44,,,,,
,MG,37.2,C,2,31,26,37,50,,,,,,
,MG,37.2,C,3,28,34,39,49,38,,,,,
,MG,37.2,C,4,43,52,,,,,,,,
,MG,37.2,C,5,32,35,,,,,,,,
,MG,37.2,C,6,27,33,36,125,126,127,,,,
,MG,37.2,D,1,8,9,13,17,,,,,,
,MG,37.2,D,2,12,20,,,,,,,,
,MG,37.2,D,3,18,16,19,21,,,,,,
,MG,37.2,D,4,23,,,,,,,,,
,MG,37.2,D,5,6,11,14,15,,,,,,
,MG,37.2,D,6,128,,,,,,,,,
,SP,38.1,D,6,188,199,191,204,,,,,,
,SP,38.1,D,5,179,194,,,,,,,,
,SP,38.1,D,4,NA,,,,,,,,,
,SP,38.1,D,3,174,177,178,175,184,,,,,
,SP,38.1,D,2,183,,,,,,,,,
,SP,38.1,D,1,NA,,,,,,,,,
,SP,38.1,C,6,134,142,138,157,167,166,,,,
,SP,38.1,C,5,NA,,,,,,,,,
,SP,38.1,C,4,143,146,151,162,,,,,,
,SP,38.1,C,3,136,145,159,155,150,152,,,,
,SP,38.1,C,2,148,149,154,160,,,,,,
,SP,38.1,C,1,235,236,,,,,,,,
,SP,38.1,B,6,89,91,104,118,,,,,,
,SP,38.1,B,5,NA,,,,,,,,,
,SP,38.1,B,4,94,99,98,92,84,83,80,,,
,SP,38.1,B,3,85,93,82,,,,,,,
,SP,38.1,B,2,97,90,,,,,,,,
,SP,38.1,B,1,237,,,,,,,,,
,SP,38.1,A,6,2,19,5,28,33,29,61,54,60,
,SP,38.1,A,5,16,59,,,,,,,,
,SP,38.1,A,4,32,42,,,,,,,,
,SP,38.1,A,3,8,20,31,56,51,,,,,
,SP,38.1,A,2,10,17,21,27,,,,,,
,SP,38.1,A,1,1,24,39,53,62,,,,,
,SP,38.2,D,6,123,138,139,,,,,,,
,SP,38.2,D,5,140,,,,,,,,,
,SP,38.2,D,4,136,145,155,,,,,,,
,SP,38.2,D,3,135,145,130,132,,,,,,
,SP,38.2,D,2,151,,,,,,,,,
,SP,38.2,D,1,131,163,,,,,,,,
,SP,38.2,C,6,100,,,,,,,,,
,SP,38.2,C,5,NA,,,,,,,,,
,SP,38.2,C,4,111,108,109,112,,,,,,
,SP,38.2,C,3,119,120,,,,,,,,
,SP,38.2,C,2,NA,,,,,,,,,
,SP,38.2,C,1,102,105,,,,,,,,
,SP,38.2,B,6,70,60,56,164,,,,,,
,SP,38.2,B,5,NA,,,,,,,,,
,SP,38.2,B,4,85,,,,,,,,,
,SP,38.2,B,3,NA,,,,,,,,,
,SP,38.2,B,2,61,84,,,,,,,,
,SP,38.2,B,1,68,74,64,,,,,,,
,SP,38.2,A,6,11,25,,,,,,,,
,SP,38.2,A,5,18,45,39,,,,,,,
,SP,38.2,A,4,36,33,,,,,,,,
,SP,38.2,A,3,21,40,43,,,,,,,
,SP,38.2,A,2,34,,,,,,,,,
,SP,38.2,A,1,NA,,,,,,,,,
,SP,39.1,D,6,85,87,91,102,109,,,,,
,SP,39.1,D,5,94,90,,,,,,,,
,SP,39.1,D,4,93,100,,,,,,,,
,SP,39.1,D,3,NA,,,,,,,,,
,SP,39.1,D,2,101,103,111,,,,,,,
,SP,39.1,D,1,83,86,89,96,123,,,,,
,SP,39.1,C,6,69,72,73,76,79,,,,,
,SP,39.1,C,5,70,,,,,,,,,
,SP,39.1,C,4,66,68,74,,,,,,,
,SP,39.1,C,3,67,,,,,,,,,
,SP,39.1,C,2,78,,,,,,,,,
,SP,39.1,C,1,65,,,,,,,,,
,SP,39.1,B,6,124,57,,,,,,,,
,SP,39.1,B,5,62,,,,,,,,,
,SP,39.1,B,4,55,53,51,,,,,,,
,SP,39.1,B,3,58,60,,,,,,,,
,SP,39.1,B,2,59,54,46,47,,,,,,
,SP,39.1,B,1,48,50,52,56,,,,,,
,SP,39.1,A,6,18,33,,,,,,,,
,SP,39.1,A,5,26,37,,,,,,,,
,SP,39.1,A,4,22,31,32,,,,,,,
,SP,39.1,A,3,14,15,20,23,,,,,,
,SP,39.1,A,2,30,,,,,,,,,
,SP,39.1,A,1,13,21,29,28,125,126,127,,,
,SP,39.2,D,6,80,86,85,,,,,,,
,SP,39.2,D,5,81,84,88,93,95,,,,,
,SP,39.2,D,4,87,90,,,,,,,,
,SP,39.2,D,3,96,97,,,,,,,,
,SP,39.2,D,2,78,,,,,,,,,
,SP,39.2,D,1,79,83,82,94,89,,,,,
,SP,39.2,C,6,64,66,63,,,,,,,
,SP,39.2,C,5,56,57,58,,,,,,,
,SP,39.2,C,4,60,75,,,,,,,,
,SP,39.2,C,3,61,65,68,71,,,,,,
,SP,39.2,C,2,69,,,,,,,,,
,SP,39.2,C,1,62,67,70,,,,,,,
,SP,39.2,B,6,52,53,55,,,,,,,
,SP,39.2,B,5,NA,,,,,,,,,
,SP,39.2,B,4,51,54,,,,,,,,
,SP,39.2,B,3,48,49,,,,,,,,
,SP,39.2,B,2,45,46,,,,,,,,
,SP,39.2,B,1,40,41,42,43,44,47,,,,
,SP,39.2,A,6,32,,,,,,,,,
,SP,39.2,A,5,15,9,8,11,,,,,,
,SP,39.2,A,4,13,31,24,,,,,,,
,SP,39.2,A,3,104,,,,,,,,,
,SP,39.2,A,2,12,19,21,,,,,,,
,SP,39.2,A,1,10,14,27,26,23,29,36,,,
,SP,40.1,D,6,187,188,190,189,,,,,,
,SP,40.1,D,5,147,151,163,171,174,,,,,
,SP,40.1,D,4,NA,,,,,,,,,
,SP,40.1,D,3,130,,,,,,,,,
,SP,40.1,D,2,NA,,,,,,,,,
,SP,40.1,D,1,141,150,,,,,,,,
,SP,40.1,C,6,94,95,98,100,102,104,109,113,115,
,SP,40.1,C,5,105,106,107,108,116,,,,,
,SP,40.1,C,4,97,103,114,,,,,,,
,SP,40.1,C,3,121,123,,,,,,,,
,SP,40.1,C,2,NA,,,,,,,,,
,SP,40.1,C,1,99,112,,,,,,,,
,SP,40.1,B,6,59,64,66,81,85,70,,,,
,SP,40.1,B,5,60,65,69,,,,,,,
,SP,40.1,B,4,72,,,,,,,,,
,SP,40.1,B,3,61,68,80,84,,,,,,
,SP,40.1,B,2,82,,,,,,,,,
,SP,40.1,B,1,NA,,,,,,,,,
,SP,40.1,A,6,39,40,29,28,41,,,,,
,SP,40.1,A,5,17,24,26,30,34,37,35,5,,
,SP,40.1,A,4,NA,,,,,,,,,
,SP,40.1,A,3,38,31,21,14,15,19,,,,
,SP,40.1,A,2,18,20,,,,,,,,
,SP,40.1,A,1,32,43,,,,,,,,
,SP,40.2,D,6,148,,,,,,,,,
,SP,40.2,D,5,145,155,,,,,,,,
,SP,40.2,D,4,NA,,,,,,,,,
,SP,40.2,D,3,149,,,,,,,,,
,SP,40.2,D,2,176,177,,,,,,,,
,SP,40.2,D,1,NA,,,,,,,,,
,SP,40.2,C,6,104,117,,,,,,,,
,SP,40.2,C,5,108,109,111,124,123,,,,,
,SP,40.2,C,4,103,,,,,,,,,
,SP,40.2,C,3,101,107,114,,,,,,,
,SP,40.2,C,2,113,116,,,,,,,,
,SP,40.2,C,1,96,100,119,178,,,,,,
,SP,40.2,B,6,60,81,73,84,82,,,,,
,SP,40.2,B,5,67,79,78,61,49,,,,,
,SP,40.2,B,4,65,66,71,63,64,,,,,
,SP,40.2,B,3,50,53,70,86,,,,,,
,SP,40.2,B,2,62,77,76,,,,,,,
,SP,40.2,B,1,58,68,75,,,,,,,
,SP,40.2,A,6,30,179,180,181,,,,,,
,SP,40.2,A,5,12,13,27,19,36,,,,,
,SP,40.2,A,4,NA,,,,,,,,,
,SP,40.2,A,3,11,20,23,28,,,,,,
,SP,40.2,A,2,15,18,,,,,,,,
,SP,40.2,A,1,5,22,24,35,,,,,,
,SP,41.1,D,6,113,96,95,,,,,,,
,SP,41.1,D,5,109,115,108,100,,,,,,
,SP,41.1,D,4,NA,,,,,,,,,
,SP,41.1,D,3,107,,,,,,,,,
,SP,41.1,D,2,106,99,98,93,,,,,,
,SP,41.1,D,1,92,105,94,110,102,,,,,
,SP,41.1,C,6,83,75,72,67,68,,,,,
,SP,41.1,C,5,66,70,84,,,,,,,
,SP,41.1,C,4,74,,,,,,,,,
,SP,41.1,C,3,71,82,137,,,,,,,
,SP,41.1,C,2,73,,,,,,,,,
,SP,41.1,C,1,NA,,,,,,,,,
,SP,41.1,B,6,37,35,46,31,52,,,,,
,SP,41.1,B,5,36,47,42,65,,,,,,
,SP,41.1,B,4,38,,,,,,,,,
,SP,41.1,B,3,51,48,45,55,57,,,,,
,SP,41.1,B,2,58,56,,,,,,,,
,SP,41.1,B,1,32,39,43,53,44,31,33,40,49,
,SP,41.1,A,6,8,19,24,5,16,,,,,
,SP,41.1,A,5,138,9,14,,,,,,,
,SP,41.1,A,4,12,,,,,,,,,
,SP,41.1,A,3,10,,,,,,,,,
,SP,41.1,A,2,15,17,20,,,,,,,
,SP,41.1,A,1,6,,,,,,,,,
,SP,41.2,D,6,141,148,176,,,,,,,
,SP,41.2,D,5,144,159,161,155,,,,,,
,SP,41.2,D,4,152,,,,,,,,,
,SP,41.2,D,3,145,146,157,151,,,,,,
,SP,41.2,D,2,NA,,,,,,,,,
,SP,41.2,D,1,140,139,,,,,,,,
,SP,41.2,C,6,101,117,109,,,,,,,
,SP,41.2,C,5,102,110,118,113,,,,,,
,SP,41.2,C,4,112,,,,,,,,,
,SP,41.2,C,3,108,122,129,127,,,,,,
,SP,41.2,C,2,106,123,120,,,,,,,
,SP,41.2,C,1,115,125,128,130,,,,,,
,SP,41.2,B,6,54,45,84,177,,,,,,
,SP,41.2,B,5,57,,,,,,,,,
,SP,41.2,B,4,NA,,,,,,,,,
,SP,41.2,B,3,61,74,73,85,,,,,,
,SP,41.2,B,2,41,,,,,,,,,
,SP,41.2,B,1,86,71,,,,,,,,
,SP,41.2,A,6,23,11,30,16,,,,,,
,SP,41.2,A,5,NA,,,,,,,,,
,SP,41.2,A,4,20,,,,,,,,,
,SP,41.2,A,3,18,,,,,,,,,
,SP,41.2,A,2,19,22,,,,,,,,
,SP,41.2,A,1,24,,,,,,,,,
,SP,42.1,D,6,NA,,,,,,,,,
,SP,42.1,D,5,NA,,,,,,,,,
,SP,42.1,D,4,208,212,203,,,,,,,
,SP,42.1,D,3,190,202,198,195,201,,,,,
,SP,42.1,D,2,200,197,192,189,,,,,,
,SP,42.1,D,1,214,207,228,229,230,231,,,,
,SP,42.1,C,6,158,,,,,,,,,
,SP,42.1,C,5,155,165,170,173,147,,,,,
,SP,42.1,C,4,175,163,154,153,159,,,,,
,SP,42.1,C,3,NA,,,,,,,,,
,SP,42.1,C,2,164,,,,,,,,,
,SP,42.1,C,1,148,166,162,174,146,,,,,
,SP,42.1,B,6,85,,,,,,,,,
,SP,42.1,B,5,83,105,113,107,,,,,,
,SP,42.1,B,4,118,101,,,,,,,,
,SP,42.1,B,3,84,95,116,134,127,,,,,
,SP,42.1,B,2,87,123,137,,,,,,,
,SP,42.1,B,1,76,86,90,88,111,122,112,125,,
,SP,42.1,A,6,NA,,,,,,,,,
,SP,42.1,A,5,16,53,24,21,63,15,38,,,
,SP,42.1,A,4,43,42,28,60,,,,,,
,SP,42.1,A,3,NA,,,,,,,,,
,SP,42.1,A,2,54,57,56,46,25,19,,,,
,SP,42.1,A,1,18,29,44,48,52,,,,,
,SP,42.2,D,6,139,,,,,,,,,
,SP,42.2,D,5,147,155,160,153,,,,,,
,SP,42.2,D,4,132,135,154,130,,,,,,
,SP,42.2,D,3,134,145,146,149,,,,,,
,SP,42.2,D,2,150,148,138,,,,,,,
,SP,42.2,D,1,129,131,133,141,137,,,,,
,SP,42.2,C,6,115,,,,,,,,,
,SP,42.2,C,5,92,102,,,,,,,,
,SP,42.2,C,4,100,101,103,99,,,,,,
,SP,42.2,C,3,104,116,,,,,,,,
,SP,42.2,C,2,96,107,110,,,,,,,
,SP,42.2,C,1,98,105,106,117,119,,,,,
,SP,42.2,B,6,NA,,,,,,,,,
,SP,42.2,B,5,62,68,,,,,,,,
,SP,42.2,B,4,59,66,69,63,,,,,,
,SP,42.2,B,3,77,88,87,,,,,,,
,SP,42.2,B,2,58,61,73,74,82,84,83,,,
,SP,42.2,B,1,67,72,81,76,90,80,86,,,
,SP,42.2,A,6,NA,,,,,,,,,
,SP,42.2,A,5,25,24,,,,,,,,
,SP,42.2,A,4,22,3,172,,,,,,,
,SP,42.2,A,3,21,43,30,38,,,,,,
,SP,42.2,A,2,23,27,46,,,,,,,
,SP,42.2,A,1,173,17,42,49,37,39,45,,,
,SP,43.1,D,6,112,121,111,127,,,,,,
,SP,43.1,D,5,NA,,,,,,,,,
,SP,43.1,D,4,126,129,123,,,,,,,
,SP,43.1,D,3,122,,,,,,,,,
,SP,43.1,D,2,124,125,120,117,115,114,116,,,
,SP,43.1,D,1,119,118,,,,,,,,
,SP,43.1,C,6,105,,,,,,,,,
,SP,43.1,C,5,NA,,,,,,,,,
,SP,43.1,C,4,97,104,,,,,,,,
,SP,43.1,C,3,98,,,,,,,,,
,SP,43.1,C,2,101,99,93,96,94,,,,,
,SP,43.1,C,1,91,102,100,106,,,,,,
,SP,43.1,B,6,84,76,62,60,56,54,,,,
,SP,43.1,B,5,NA,,,,,,,,,
,SP,43.1,B,4,67,81,72,,,,,,,
,SP,43.1,B,3,NA,,,,,,,,,
,SP,43.1,B,2,59,71,65,80,61,,,,,
,SP,43.1,B,1,55,57,75,69,77,,,,,
,SP,43.1,A,6,44,10,19,138,139,,,,,
,SP,43.1,A,5,NA,,,,,,,,,
,SP,43.1,A,4,17,18,34,38,45,,,,,
,SP,43.1,A,3,NA,,,,,,,,,
,SP,43.1,A,2,6,24,46,,,,,,,
,SP,43.1,A,1,27,32,23,,,,,,,
,SP,43.2,D,6,97,102,,,,,,,,
,SP,43.2,D,5,NA,,,,,,,,,
,SP,43.2,D,4,83,85,90,96,88,,,,,
,SP,43.2,D,3,NA,,,,,,,,,
,SP,43.2,D,2,82,91,,,,,,,,
,SP,43.2,D,1,80,77,,,,,,,,
,SP,43.2,C,6,61,66,70,71,,,,,,
,SP,43.2,C,5,NA,,,,,,,,,
,SP,43.2,C,4,58,,,,,,,,,
,SP,43.2,C,3,62,,,,,,,,,
,SP,43.2,C,2,57,,,,,,,,,
,SP,43.2,C,1,59,65,68,,,,,,,
,SP,43.2,B,6,35,53,55,,,,,,,
,SP,43.2,B,5,NA,,,,,,,,,
,SP,43.2,B,4,46,,,,,,,,,
,SP,43.2,B,3,NA,,,,,,,,,
,SP,43.2,B,2,47,50,45,,,,,,,
,SP,43.2,B,1,39,44,33,,,,,,,
,SP,43.2,A,6,23,12,15,,,,,,,
,SP,43.2,A,5,NA,,,,,,,,,
,SP,43.2,A,4,14,4,9,25,,,,,,
,SP,43.2,A,3,7,10,19,,,,,,,
,SP,43.2,A,2,22,17,6,5,8,20,,,,
,SP,43.2,A,1,3,11,24,,,,,,,
,SP,44.1,D,6,224,199,204,192,,,,,,
,SP,44.1,D,5,200,,,,,,,,,
,SP,44.1,D,4,228,,,,,,,,,
,SP,44.1,D,3,208,194,205,212,229,,,,,
,SP,44.1,D,2,201,,,,,,,,,
,SP,44.1,D,1,255,217,206,197,196,,,,,
,SP,44.1,C,6,145,121,172,176,256,,,,,
,SP,44.1,C,5,178,153,139,135,,,,,,
,SP,44.1,C,4,160,,,,,,,,,
,SP,44.1,C,3,132,140,146,168,170,175,169,149,,
,SP,44.1,C,2,154,171,166,,,,,,,
,SP,44.1,C,1,141,134,129,,,,,,,
,SP,44.1,B,6,96,102,114,104,,,,,,
,SP,44.1,B,5,105,107,101,81,,,,,,
,SP,44.1,B,4,93,,,,,,,,,
,SP,44.1,B,3,111,110,109,116,119,122,,,,
,SP,44.1,B,2,95,103,84,,,,,,,
,SP,44.1,B,1,91,94,100,,,,,,,
,SP,44.1,A,6,31,46,45,53,,,,,,
,SP,44.1,A,5,15,19,26,18,52,49,61,257,,
,SP,44.1,A,4,35,,,,,,,,,
,SP,44.1,A,3,30,43,55,66,62,,,,,
,SP,44.1,A,2,57,44,34,24,33,,,,,
,SP,44.1,A,1,10,28,36,47,,,,,,
,SP,44.2,D,6,172,174,,,,,,,,
,SP,44.2,D,5,179,177,203,178,,,,,,
,SP,44.2,D,4,171,181,,,,,,,,
,SP,44.2,D,3,185,189,195,193,,,,,,
,SP,44.2,D,2,176,192,196,,,,,,,
,SP,44.2,D,1,169,216,,,,,,,,
,SP,44.2,C,6,217,,,,,,,,,
,SP,44.2,C,5,133,155,132,150,,,,,,
,SP,44.2,C,4,143,,,,,,,,,
,SP,44.2,C,3,127,129,135,142,131,151,,,,
,SP,44.2,C,2,218,,,,,,,,,
,SP,44.2,C,1,128,,,,,,,,,
,SP,44.2,B,6,69,,,,,,,,,
,SP,44.2,B,5,81,97,87,100,106,,,,,
,SP,44.2,B,4,63,,,,,,,,,
,SP,44.2,B,3,61,64,65,72,85,73,92,88,83,
,SP,44.2,B,2,75,86,93,,,,,,,
,SP,44.2,B,1,70,80,94,89,219,,,,,
,SP,44.2,A,6,9,,,,,,,,,
,SP,44.2,A,5,31,48,50,,,,,,,
,SP,44.2,A,4,NA,,,,,,,,,
,SP,44.2,A,3,30,40,34,,,,,,,
,SP,44.2,A,2,32,42,46,,,,,,,
,SP,44.2,A,1,16,22,36,43,,,,,,
,SP,45.1,D,6,111,114,115,108,,,,,,
,SP,45.1,D,5,94,99,403,104,112,113,,,,
,SP,45.1,D,4,109,106,,,,,,,,
,SP,45.1,D,3,93,102,,,,,,,,
,SP,45.1,D,2,92,,,,,,,,,
,SP,45.1,D,1,NA,,,,,,,,,
,SP,45.1,C,6,79,80,83,85,87,,,,,
,SP,45.1,C,5,78,84,,,,,,,,
,SP,45.1,C,4,74,76,81,86,,,,,,
,SP,45.1,C,3,82,,,,,,,,,
,SP,45.1,C,2,72,,,,,,,,,
,SP,45.1,C,1,88,73,,,,,,,,
,SP,45.1,B,6,53,64,58,61,67,69,,,,
,SP,45.1,B,5,48,59,,,,,,,,
,SP,45.1,B,4,55,51,62,,,,,,,
,SP,45.1,B,3,45,56,,,,,,,,
,SP,45.1,B,2,52,54,46,,,,,,,
,SP,45.1,B,1,44,57,,,,,,,,
,SP,45.1,A,6,32,29,23,26,19,,,,,
,SP,45.1,A,5,37,40,41,,,,,,,
,SP,45.1,A,4,16,25,,,,,,,,
,SP,45.1,A,3,17,18,30,31,30,34,5,,,
,SP,45.1,A,2,39,28,21,120,,,,,,
,SP,45.1,A,1,24,20,34,,,,,,,
,SP,45.2,D,6,159,168,199,200,,,,,,
,SP,45.2,D,5,129,132,162,148,,,,,,
,SP,45.2,D,4,127,,,,,,,,,
,SP,45.2,D,3,128,126,144,,,,,,,
,SP,45.2,D,2,134,201,202,,,,,,,
,SP,45.2,D,1,131,,,,,,,,,
,SP,45.2,C,6,88,95,107,113,,,,,,
,SP,45.2,C,5,92,101,111,,,,,,,
,SP,45.2,C,4,203,,,,,,,,,
,SP,45.2,C,3,84,,,,,,,,,
,SP,45.2,C,2,97,99,87,93,,,,,,
,SP,45.2,C,1,86,100,,,,,,,,
,SP,45.2,B,6,NA,,,,,,,,,
,SP,45.2,B,5,NA,,,,,,,,,
,SP,45.2,B,4,58,,,,,,,,,
,SP,45.2,B,3,67,70,69,66,,,,,,
,SP,45.2,B,2,50,,,,,,,,,
,SP,45.2,B,1,55,,,,,,,,,
,SP,45.2,A,6,12,,,,,,,,,
,SP,45.2,A,5,19,30,34,25,35,44,32,47,,
,SP,45.2,A,4,15,204,,,,,,,,
,SP,45.2,A,3,6,21,41,,,,,,,
,SP,45.2,A,2,27,,,,,,,,,
,SP,45.2,A,1,7,18,45,10,,,,,,
,SP,46.1,D,6,144,139,,,,,,,,
,SP,46.1,D,5,146,,,,,,,,,
,SP,46.1,D,4,NA,,,,,,,,,
,SP,46.1,D,3,135,168,,,,,,,,
,SP,46.1,D,2,137,169,,,,,,,,
,SP,46.1,D,1,170,,,,,,,,,
,SP,46.1,C,6,116,,,,,,,,,
,SP,46.1,C,5,97,,,,,,,,,
,SP,46.1,C,4,100,102,98,,,,,,,
,SP,46.1,C,3,103,110,101,106,,,,,,
,SP,46.1,C,2,94,96,104,105,,,,,,
,SP,46.1,C,1,99,107,,,,,,,,
,SP,46.1,B,6,62,61,,,,,,,,
,SP,46.1,B,5,63,,,,,,,,,
,SP,46.1,B,4,59,,,,,,,,,
,SP,46.1,B,3,58,77,73,74,,,,,,
,SP,46.1,B,2,55,60,68,69,,,,,,
,SP,46.1,B,1,66,,,,,,,,,
,SP,46.1,A,6,47,,,,,,,,,
,SP,46.1,A,5,4,42,20,26,,,,,,
,SP,46.1,A,4,24,19,17,,,,,,,
,SP,46.1,A,3,46,34,32,22,25,6,,,,
,SP,46.1,A,2,18,33,44,,,,,,,
,SP,46.1,A,1,2,,,,,,,,,
,SP,46.2,D,6,89,100,,,,,,,,
,SP,46.2,D,5,78,,,,,,,,,
,SP,46.2,D,4,NA,,,,,,,,,
,SP,46.2,D,3,97,96,98,123,,,,,,
,SP,46.2,D,2,80,82,86,,,,,,,
,SP,46.2,D,1,79,124,,,,,,,,
,SP,46.2,C,6,59,,,,,,,,,
,SP,46.2,C,5,NA,,,,,,,,,
,SP,46.2,C,4,NA,,,,,,,,,
,SP,46.2,C,3,NA,,,,,,,,,
,SP,46.2,C,2,68,,,,,,,,,
,SP,46.2,C,1,62,65,,,,,,,,
,SP,46.2,B,6,37,42,50,38,,,,,,
,SP,46.2,B,5,NA,,,,,,,,,
,SP,46.2,B,4,39,,,,,,,,,
,SP,46.2,B,3,51,,,,,,,,,
,SP,46.2,B,2,32,33,,,,,,,,
,SP,46.2,B,1,35,44,,,,,,,,
,SP,46.2,A,6,NA,,,,,,,,,
,SP,46.2,A,5,NA,,,,,,,,,
,SP,46.2,A,4,14,,,,,,,,,
,SP,46.2,A,3,9,12,15,17,19,,,,,
,SP,46.2,A,2,22,20,,,,,,,,
,SP,46.2,A,1,10,,,,,,,,,
,SP,47.1,D,6,112,125,,,,,,,,
,SP,47.1,D,5,109,110,115,121,120,122,126,,,
,SP,47.1,D,4,NA,,,,,,,,,
,SP,47.1,D,3,133,,,,,,,,,
,SP,47.1,D,2,107,116,128,131,129,130,,,,
,SP,47.1,D,1,106,108,119,147,,,,,,
,SP,47.1,C,6,69,97,79,,,,,,,
,SP,47.1,C,5,70,87,77,,,,,,,
,SP,47.1,C,4,NA,,,,,,,,,
,SP,47.1,C,3,NA,,,,,,,,,
,SP,47.1,C,2,64,65,86,73,,,,,,
,SP,47.1,C,1,63,82,,,,,,,,
,SP,47.1,B,6,35,,,,,,,,,
,SP,47.1,B,5,44,42,,,,,,,,
,SP,47.1,B,4,NA,,,,,,,,,
,SP,47.1,B,3,NA,,,,,,,,,
,SP,47.1,B,2,34,43,46,,,,,,,
,SP,47.1,B,1,36,49,,,,,,,,
,SP,47.1,A,6,5,22,30,,,,,,,
,SP,47.1,A,5,11,26,25,,,,,,,
,SP,47.1,A,4,NA,,,,,,,,,
,SP,47.1,A,3,NA,,,,,,,,,
,SP,47.1,A,2,17,148,,,,,,,,
,SP,47.1,A,1,21,,,,,,,,,
,SP,47.2,D,6,126,137,,,,,,,,
,SP,47.2,D,5,129,130,134,,,,,,,
,SP,47.2,D,4,NA,,,,,,,,,
,SP,47.2,D,3,133,140,,,,,,,,
,SP,47.2,D,2,127,138,132,148,,,,,,
,SP,47.2,D,1,135,149,,,,,,,,
,SP,47.2,C,6,86,83,100,101,150,,,,,
,SP,47.2,C,5,81,91,84,93,97,113,115,,,
,SP,47.2,C,4,NA,,,,,,,,,
,SP,47.2,C,3,82,92,108,,,,,,,
,SP,47.2,C,2,76,85,88,96,114,,,,,
,SP,47.2,C,1,151,152,105,,,,,,,
,SP,47.2,B,6,48,54,61,,,,,,,
,SP,47.2,B,5,44,52,65,67,,,,,,
,SP,47.2,B,4,NA,,,,,,,,,
,SP,47.2,B,3,56,64,,,,,,,,
,SP,47.2,B,2,42,49,68,,,,,,,
,SP,47.2,B,1,50,,,,,,,,,
,SP,47.2,A,6,11,20,,,,,,,,
,SP,47.2,A,5,27,8,,,,,,,,
,SP,47.2,A,4,NA,,,,,,,,,
,SP,47.2,A,3,15,17,,,,,,,,
,SP,47.2,A,2,28,153,,,,,,,,
,SP,47.2,A,1,154,,,,,,,,,
,SP,48.1,D,6,117,112,,,,,,,,
,SP,48.1,D,5,109,108,115,120,,,,,,
,SP,48.1,D,4,116,,,,,,,,,
,SP,48.1,D,3,NA,,,,,,,,,
,SP,48.1,D,2,101,104,114,111,118,,,,,
,SP,48.1,D,1,NA,,,,,,,,,
,SP,48.1,C,6,75,82,87,91,,,,,,
,SP,48.1,C,5,80,86,83,,,,,,,
,SP,48.1,C,4,NA,,,,,,,,,
,SP,48.1,C,3,NA,,,,,,,,,
,SP,48.1,C,2,77,88,84,,,,,,,
,SP,48.1,C,1,NA,,,,,,,,,
,SP,48.1,B,6,38,53,,,,,,,,
,SP,48.1,B,5,61,65,,,,,,,,
,SP,48.1,B,4,58,59,,,,,,,,
,SP,48.1,B,3,NA,,,,,,,,,
,SP,48.1,B,2,41,42,46,60,63,62,,,,
,SP,48.1,B,1,50,,,,,,,,,
,SP,48.1,A,6,NA,,,,,,,,,
,SP,48.1,A,5,20,17,24,23,32,33,29,,,
,SP,48.1,A,4,12,,,,,,,,,
,SP,48.1,A,3,14,18,,,,,,,,
,SP,48.1,A,2,16,27,21,21,130,,,,,
,SP,48.1,A,1,10,11,15,,,,,,,
,SP,48.2,D,6,116,118,119,,,,,,,
,SP,48.2,D,5,115,117,120,,,,,,,
,SP,48.2,D,4,123,,,,,,,,,
,SP,48.2,D,3,NA,,,,,,,,,
,SP,48.2,D,2,124,121,122,,,,,,,
,SP,48.2,D,1,125,,,,,,,,,
,SP,48.2,C,6,79,92,,,,,,,,
,SP,48.2,C,5,85,84,83,89,94,,,,,
,SP,48.2,C,4,78,90,87,,,,,,,
,SP,48.2,C,3,NA,,,,,,,,,
,SP,48.2,C,2,80,77,,,,,,,,
,SP,48.2,C,1,82,,,,,,,,,
,SP,48.2,B,6,66,62,60,,,,,,,
,SP,48.2,B,5,63,,,,,,,,,
,SP,48.2,B,4,58,65,,,,,,,,
,SP,48.2,B,3,NA,,,,,,,,,
,SP,48.2,B,2,51,54,,,,,,,,
,SP,48.2,B,1,55,148,,,,,,,,
,SP,48.2,A,6,18,28,,,,,,,,
,SP,48.2,A,5,31,20,,,,,,,,
,SP,48.2,A,4,27,,,,,,,,,
,SP,48.2,A,3,NA,,,,,,,,,
,SP,48.2,A,2,24,38,149,,,,,,,
,SP,48.2,A,1,17,,,,,,,,,
,SP,49.1,D,6,215,,,,,,,,,
,SP,49.1,D,5,196,200,222,225,,,,,,
,SP,49.1,D,4,198,202,219,224,261,,,,,
,SP,49.1,D,3,217,,,,,,,,,
,SP,49.1,D,2,214,,,,,,,,,
,SP,49.1,D,1,262,263,,,,,,,,
,SP,49.1,C,6,128,135,148,,,,,,,
,SP,49.1,C,5,151,152,159,156,,,,,,
,SP,49.1,C,4,124,142,153,,,,,,,
,SP,49.1,C,3,147,136,,,,,,,,
,SP,49.1,C,2,NA,,,,,,,,,
,SP,49.1,C,1,121,134,140,146,155,163,264,,,
,SP,49.1,B,6,78,96,,,,,,,,
,SP,49.1,B,5,84,86,92,91,95,,,,,
,SP,49.1,B,4,69,80,88,103,,,,,,
,SP,49.1,B,3,265,266,,,,,,,,
,SP,49.1,B,2,NA,,,,,,,,,
,SP,49.1,B,1,70,75,101,110,107,,,,,
,SP,49.1,A,6,30,42,,,,,,,,
,SP,49.1,A,5,26,49,56,55,52,,,,,
,SP,49.1,A,4,36,47,51,,,,,,,
,SP,49.1,A,3,NA,,,,,,,,,
,SP,49.1,A,2,38,34,,,,,,,,
,SP,49.1,A,1,32,54,,,,,,,,
,SP,49.2,D,6,217,225,,,,,,,,
,SP,49.2,D,5,246,,,,,,,,,
,SP,49.2,D,4,222,232,,,,,,,,
,SP,49.2,D,3,221,230,228,238,240,,,,,
,SP,49.2,D,2,226,223,,,,,,,,
,SP,49.2,D,1,216,231,209,247,,,,,,
,SP,49.2,C,6,170,182,176,185,188,,,,,
,SP,49.2,C,5,177,183,,,,,,,,
,SP,49.2,C,4,172,186,190,,,,,,,
,SP,49.2,C,3,NA,,,,,,,,,
,SP,49.2,C,2,157,,,,,,,,,
,SP,49.2,C,1,168,155,,,,,,,,
,SP,49.2,B,6,109,122,,,,,,,,
,SP,49.2,B,5,119,127,130,131,137,,,,,
,SP,49.2,B,4,105,132,133,,,,,,,
,SP,49.2,B,3,128,123,120,134,143,,,,,
,SP,49.2,B,2,108,115,125,,,,,,,
,SP,49.2,B,1,102,107,,,,,,,,
,SP,49.2,A,6,19,36,,,,,,,,
,SP,49.2,A,5,55,74,53,43,92,,,,,
,SP,49.2,A,4,40,48,68,77,60,,,,,
,SP,49.2,A,3,56,,,,,,,,,
,SP,49.2,A,2,39,45,59,,,,,,,
,SP,49.2,A,1,6,62,,,,,,,,
,SP,50.1,D,6,131,,,,,,,,,
,SP,50.1,D,5,125,123,132,147,113,,,,,
,SP,50.1,D,4,NA,,,,,,,,,
,SP,50.1,D,3,129,136,,,,,,,,
,SP,50.1,D,2,148,149,,,,,,,,
,SP,50.1,D,1,122,150,151,152,,,,,,
,SP,50.1,C,6,80,,,,,,,,,
,SP,50.1,C,5,91,,,,,,,,,
,SP,50.1,C,4,NA,,,,,,,,,
,SP,50.1,C,3,88,,,,,,,,,
,SP,50.1,C,2,74,75,92,93,,,,,,
,SP,50.1,C,1,70,73,83,84,153,90,,,,
,SP,50.1,B,6,46,,,,,,,,,
,SP,50.1,B,5,53,,,,,,,,,
,SP,50.1,B,4,NA,,,,,,,,,
,SP,50.1,B,3,154,,,,,,,,,
,SP,50.1,B,2,43,41,,,,,,,,
,SP,50.1,B,1,34,24,,,,,,,,
,SP,50.1,A,6,17,,,,,,,,,
,SP,50.1,A,5,NA,,,,,,,,,
,SP,50.1,A,4,13,19,,,,,,,,
,SP,50.1,A,3,9,15,155,156,,,,,,
,SP,50.1,A,2,8,21,,,,,,,,
,SP,50.1,A,1,22,157,158,,,,,,,
,SP,50.2,D,6,NA,,,,,,,,,
,SP,50.2,D,5,80,,,,,,,,,
,SP,50.2,D,4,NA,,,,,,,,,
,SP,50.2,D,3,NA,,,,,,,,,
,SP,50.2,D,2,77,82,,,,,,,,
,SP,50.2,D,1,NA,,,,,,,,,
,SP,50.2,C,6,69,,,,,,,,,
,SP,50.2,C,5,68,67,,,,,,,,
,SP,50.2,C,4,66,,,,,,,,,
,SP,50.2,C,3,71,,,,,,,,,
,SP,50.2,C,2,58,61,,,,,,,,
,SP,50.2,C,1,62,57,93,94,,,,,,
,SP,50.2,B,6,44,,,,,,,,,
,SP,50.2,B,5,30,37,41,95,,,,,,
,SP,50.2,B,4,NA,,,,,,,,,
,SP,50.2,B,3,48,,,,,,,,,
,SP,50.2,B,2,43,47,,,,,,,,
,SP,50.2,B,1,NA,,,,,,,,,
,SP,50.2,A,6,15,,,,,,,,,
,SP,50.2,A,5,7,14,,,,,,,,
,SP,50.2,A,4,NA,,,,,,,,,
,SP,50.2,A,3,8,,,,,,,,,
,SP,50.2,A,2,11,12,18,,,,,,,
,SP,50.2,A,1,23,26,,,,,,,,