scorer,plate,row,column,ROI,,,,,,,,
MG,6.1,A,1,8,,,,,,,,
MG,6.1,A,2,7,,,,,,,,
MG,6.1,A,3,11,14,,,,,,,
MG,6.1,A,4,9,,,,,,,,
MG,6.1,A,5,13,15,,,,,,,
MG,6.1,A,6,12,,,,,,,,
MG,6.1,B,1,33,29,48,,,,,,
MG,6.1,B,2,26,,,,,,,,
MG,6.1,B,3,37,40,39,,,,,,
MG,6.1,B,4,18,43,46,,,,,,
MG,6.1,B,5,24,32,35,36,,,,,
MG,6.1,B,6,30,44,,,,,,,
MG,6.1,C,1,97,,,,,,,,
MG,6.1,C,2,55,,,,,,,,
MG,6.1,C,3,54,59,58,,,,,,
MG,6.1,C,4,57,,,,,,,,
MG,6.1,C,5,63,,,,,,,,
MG,6.1,C,6,62,65,64,,,,,,
MG,6.1,D,1,70,80,84,85,,,,,
MG,6.1,D,2,68,76,,,,,,,
MG,6.1,D,3,69,,,,,,,,
MG,6.1,D,4,75,81,78,,,,,,
MG,6.1,D,5,73,74,,,,,,,
MG,6.1,D,6,79,,,,,,,,
MG,6.2,A,1,26,,,,,,,,
MG,6.2,A,2,9,,,,,,,,
MG,6.2,A,3,15,18,21,,,,,,
MG,6.2,A,4,22,24,,,,,,,
MG,6.2,A,5,12,,,,,,,,
MG,6.2,A,6,14,28,,,,,,,
MG,6.2,B,1,34,38,,,,,,,
MG,6.2,B,2,36,,,,,,,,
MG,6.2,B,3,35,39,,,,,,,
MG,6.2,B,4,37,,,,,,,,
MG,6.2,B,5,33,32,,,,,,,
MG,6.2,B,6,31,,,,,,,,
MG,6.2,C,1,64,,,,,,,,
MG,6.2,C,2,44,51,,,,,,,
MG,6.2,C,3,46,49,,,,,,,
MG,6.2,C,4,45,48,,,,,,,
MG,6.2,C,5,43,,,,,,,,
MG,6.2,C,6,42,47,,,,,,,
MG,6.2,D,1,65,,,,,,,,
MG,6.2,D,2,61,,,,,,,,
MG,6.2,D,3,54,,,,,,,,
MG,6.2,D,4,57,55,58,,,,,,
MG,6.2,D,5,53,62,,,,,,,
MG,6.2,D,6,59,,,,,,,,
MG,7.1,A,1,8,,,,,,,,
MG,7.1,A,2,6,9,,,,,,,
MG,7.1,A,3,5,7,,,,,,,
MG,7.1,A,4,10,14,,,,,,,
MG,7.1,A,5,12,11,1,,,,,,
MG,7.1,A,6,13,,,,,,,,
MG,7.1,B,1,17,22,,,,,,,
MG,7.1,B,2,20,23,29,,,,,,
MG,7.1,B,3,21,27,,,,,,,
MG,7.1,B,4,25,24,,,,,,,
MG,7.1,B,5,19,,,,,,,,
MG,7.1,B,6,18,,,,,,,,
MG,7.1,C,1,32,34,,,,,,,
MG,7.1,C,2,35,,,,,,,,
MG,7.1,C,3,33,38,,,,,,,
MG,7.1,C,4,37,40,,,,,,,
MG,7.1,C,5,36,41,42,,,,,,
MG,7.1,C,6,31,,,,,,,,
MG,7.1,D,1,46,47,51,49,,,,,
MG,7.1,D,2,45,52,54,,,,,,
MG,7.1,D,3,48,,,,,,,,
MG,7.1,D,4,56,57,,,,,,,
MG,7.1,D,5,55,,,,,,,,
MG,7.1,D,6,50,,,,,,,,
MG,7.2,A,1,14,,,,,,,,
MG,7.2,A,2,9,,,,,,,,
MG,7.2,A,3,10,16,18,,,,,,
MG,7.2,A,4,13,,,,,,,,
MG,7.2,A,5,1,15,17,,,,,,
MG,7.2,A,6,12,,,,,,,,
MG,7.2,B,1,26,25,,,,,,,
MG,7.2,B,2,31,23,,,,,,,
MG,7.2,B,3,24,21,,,,,,,
MG,7.2,B,4,29,30,32,33,,,,,
MG,7.2,B,5,20,22,,,,,,,
MG,7.2,B,6,27,,,,,,,,
MG,7.2,C,1,34,39,44,,,,,,
MG,7.2,C,2,38,43,,,,,,,
MG,7.2,C,3,37,,,,,,,,
MG,7.2,C,4,42,40,,,,,,,
MG,7.2,C,5,35,36,,,,,,,
MG,7.2,C,6,41,45,,,,,,,
MG,7.2,D,1,55,,,,,,,,
MG,7.2,D,2,49,47,,,,,,,
MG,7.2,D,3,52,,,,,,,,
MG,7.2,D,4,50,54,,,,,,,
MG,7.2,D,5,48,,,,,,,,
MG,7.2,D,6,51,,,,,,,,
MG,8.1,A,1,3,9,,,,,,,
MG,8.1,A,2,2,,,,,,,,
MG,8.1,A,3,4,,,,,,,,
MG,8.1,A,4,8,6,,,,,,,
MG,8.1,A,5,5,,,,,,,,
MG,8.1,A,6,7,,,,,,,,
MG,8.1,B,1,15,,,,,,,,
MG,8.1,B,2,14,19,,,,,,,
MG,8.1,B,3,13,11,20,18,22,,,,
MG,8.1,B,4,12,,,,,,,,
MG,8.1,B,5,17,,,,,,,,
MG,8.1,B,6,21,,,,,,,,
MG,8.1,C,1,29,36,,,,,,,
MG,8.1,C,2,24,32,,,,,,,
MG,8.1,C,3,23,35,,,,,,,
MG,8.1,C,4,25,26,28,30,34,33,,,
MG,8.1,C,5,27,,,,,,,,
MG,8.1,C,6,37,31,,,,,,,
MG,8.1,D,1,45,,,,,,,,
MG,8.1,D,2,38,46,44,42,,,,,
MG,8.1,D,3,39,,,,,,,,
MG,8.1,D,4,43,41,48,,,,,,
MG,8.1,D,5,40,,,,,,,,
MG,8.1,D,6,47,,,,,,,,
MG,8.2,A,1,7,,,,,,,,
MG,8.2,A,2,4,6,,,,,,,
MG,8.2,A,3,3,,,,,,,,
MG,8.2,A,4,2,,,,,,,,
MG,8.2,A,5,1,,,,,,,,
MG,8.2,A,6,5,,,,,,,,
MG,8.2,B,1,14,,,,,,,,
MG,8.2,B,2,9,11,15,12,17,19,,,
MG,8.2,B,3,18,22,,,,,,,
MG,8.2,B,4,10,,,,,,,,
MG,8.2,B,5,16,20,,,,,,,
MG,8.2,B,6,13,21,,,,,,,
MG,8.2,C,1,27,,,,,,,,
MG,8.2,C,2,23,31,34,,,,,,
MG,8.2,C,3,24,33,,,,,,,
MG,8.2,C,4,32,29,,,,,,,
MG,8.2,C,5,25,30,,,,,,,
MG,8.2,C,6,26,28,,,,,,,
MG,8.2,D,1,49,48,,,,,,,
MG,8.2,D,2,35,39,36,37,47,,,,
MG,8.2,D,3,43,45,,,,,,,
MG,8.2,D,4,38,41,44,,,,,,
MG,8.2,D,5,42,46,,,,,,,
MG,8.2,D,6,40,,,,,,,,
MG,9.1,A,1,5,6,,,,,,,
MG,9.1,A,2,8,,,,,,,,
MG,9.1,A,3,4,,,,,,,,
MG,9.1,A,4,2,9,,,,,,,
MG,9.1,A,5,7,,,,,,,,
MG,9.1,A,6,3,,,,,,,,
MG,9.1,B,1,25,28,,,,,,,
MG,9.1,B,2,31,,,,,,,,
MG,9.1,B,3,24,,,,,,,,
MG,9.1,B,4,29,26,,,,,,,
MG,9.1,B,5,22,15,,,,,,,
MG,9.1,B,6,23,,,,,,,,
MG,9.1,C,1,39,40,45,53,,,,,
MG,9.1,C,2,46,43,,,,,,,
MG,9.1,C,3,38,42,,,,,,,
MG,9.1,C,4,37,,,,,,,,
MG,9.1,C,5,36,41,,,,,,,
MG,9.1,C,6,44,,,,,,,,
MG,9.1,D,1,72,78,80,,,,,,
MG,9.1,D,2,68,77,,,,,,,
MG,9.1,D,3,70,75,,,,,,,
MG,9.1,D,4,74,85,,,,,,,
MG,9.1,D,5,64,,,,,,,,
MG,9.1,D,6,81,79,,,,,,,
MG,9.2,A,1,13,21,22,,,,,,
MG,9.2,A,2,16,18,,,,,,,
MG,9.2,A,3,15,17,,,,,,,
MG,9.2,A,4,1,6,,,,,,,
MG,9.2,A,5,19,8,10,,,,,,
MG,9.2,A,6,11,,,,,,,,
MG,9.2,B,1,25,27,31,30,,,,,
MG,9.2,B,2,23,34,35,,,,,,
MG,9.2,B,3,26,,,,,,,,
MG,9.2,B,4,32,,,,,,,,
MG,9.2,B,5,24,,,,,,,,
MG,9.2,B,6,29,33,,,,,,,
MG,9.2,C,1,40,44,,,,,,,
MG,9.2,C,2,36,37,,,,,,,
MG,9.2,C,3,43,,,,,,,,
MG,9.2,C,4,41,,,,,,,,
MG,9.2,C,5,39,38,45,,,,,,
MG,9.2,C,6,42,,,,,,,,
MG,9.2,D,1,49,50,,,,,,,
MG,9.2,D,2,48,,,,,,,,
MG,9.2,D,3,46,,,,,,,,
MG,9.2,D,4,52,,,,,,,,
MG,9.2,D,5,47,53,,,,,,,
MG,9.2,D,6,51,,,,,,,,
MG,10.1,A,1,6,,,,,,,,
MG,10.1,A,2,1,3,,,,,,,
MG,10.1,A,3,7,,,,,,,,
MG,10.1,A,4,8,5,9,,,,,,
MG,10.1,A,5,4,,,,,,,,
MG,10.1,A,6,2,,,,,,,,
MG,10.1,B,1,17,14,,,,,,,
MG,10.1,B,2,10,12,,,,,,,
MG,10.1,B,3,11,,,,,,,,
MG,10.1,B,4,16,18,19,,,,,,
MG,10.1,B,5,13,,,,,,,,
MG,10.1,B,6,15,,,,,,,,
MG,10.1,C,1,26,29,,,,,,,
MG,10.1,C,2,23,,,,,,,,
MG,10.1,C,3,27,,,,,,,,
MG,10.1,C,4,28,,,,,,,,
MG,10.1,C,5,24,30,,,,,,,
MG,10.1,C,6,22,25,32,,,,,,
MG,10.1,D,1,45,,,,,,,,
MG,10.1,D,2,41,,,,,,,,
MG,10.1,D,3,42,,,,,,,,
MG,10.1,D,4,47,48,,,,,,,
MG,10.1,D,5,40,,,,,,,,
MG,10.1,D,6,36,39,44,54,,,,,
MG,10.2,A,1,11,,,,,,,,
MG,10.2,A,2,6,,,,,,,,
MG,10.2,A,3,4,,,,,,,,
MG,10.2,A,4,14,5,13,10,9,,,,
MG,10.2,A,5,2,8,7,12,,,,,
MG,10.2,A,6,3,15,,,,,,,
MG,10.2,B,1,19,,,,,,,,
MG,10.2,B,2,26,,,,,,,,
MG,10.2,B,3,20,,,,,,,,
MG,10.2,B,4,22,25,,,,,,,
MG,10.2,B,5,23,,,,,,,,
MG,10.2,B,6,21,24,27,,,,,,
MG,10.2,C,1,44,37,,,,,,,
MG,10.2,C,2,35,,,,,,,,
MG,10.2,C,3,43,48,,,,,,,
MG,10.2,C,4,34,33,42,46,45,47,,,
MG,10.2,C,5,40,,,,,,,,
MG,10.2,C,6,39,38,41,,,,,,
MG,10.2,D,1,64,,,,,,,,
MG,10.2,D,2,49,63,,,,,,,
MG,10.2,D,3,57,59,,,,,,,
MG,10.2,D,4,55,65,,,,,,,
MG,10.2,D,5,61,,,,,,,,
MG,10.2,D,6,58,53,,,,,,,
MG,11.1,A,1,15,,,,,,,,
MG,11.1,A,2,9,7,6,,,,,,
MG,11.1,A,3,10,18,,,,,,,
MG,11.1,A,4,11,13,14,16,,,,,
MG,11.1,A,5,12,,,,,,,,
MG,11.1,A,6,5,4,,,,,,,
MG,11.1,B,1,29,,,,,,,,
MG,11.1,B,2,31,32,37,,,,,,
MG,11.1,B,3,34,24,,,,,,,
MG,11.1,B,4,26,28,30,,,,,,
MG,11.1,B,5,21,23,,,,,,,
MG,11.1,B,6,27,,,,,,,,
MG,11.1,C,1,51,,,,,,,,
MG,11.1,C,2,46,,,,,,,,
MG,11.1,C,3,48,52,,,,,,,
MG,11.1,C,4,50,53,,,,,,,
MG,11.1,C,5,49,57,,,,,,,
MG,11.1,C,6,47,56,,,,,,,
MG,11.1,D,1,78,83,,,,,,,
MG,11.1,D,2,81,,,,,,,,
MG,11.1,D,3,71,,,,,,,,
MG,11.1,D,4,76,79,,,,,,,
MG,11.1,D,5,70,72,74,,,,,,
MG,11.1,D,6,69,68,,,,,,,
MG,11.2,A,1,12,27,,,,,,,
MG,11.2,A,2,20,,,,,,,,
MG,11.2,A,3,17,,,,,,,,
MG,11.2,A,4,14,23,22,,,,,,
MG,11.2,A,5,11,7,,,,,,,
MG,11.2,A,6,6,21,,,,,,,
MG,11.2,B,1,35,,,,,,,,
MG,11.2,B,2,47,46,42,40,,,,,
MG,11.2,B,3,93,,,,,,,,
MG,11.2,B,4,37,43,45,,,,,,
MG,11.2,B,5,33,41,44,,,,,,
MG,11.2,B,6,32,36,,,,,,,
MG,11.2,C,1,57,55,,,,,,,
MG,11.2,C,2,54,61,59,,,,,,
MG,11.2,C,3,58,,,,,,,,
MG,11.2,C,4,51,50,56,49,60,,,,
MG,11.2,C,5,53,63,,,,,,,
MG,11.2,C,6,48,52,,,,,,,
MG,11.2,D,1,69,85,83,79,,,,,
MG,11.2,D,2,88,78,82,,,,,,
MG,11.2,D,3,71,,,,,,,,
MG,11.2,D,4,73,72,75,81,,,,,
MG,11.2,D,5,66,,,,,,,,
MG,11.2,D,6,84,86,,,,,,,
MG,12.1,A,1,14,16,,,,,,,
MG,12.1,A,2,10,,,,,,,,
MG,12.1,A,3,15,,,,,,,,
MG,12.1,A,4,8,9,,,,,,,
MG,12.1,A,5,13,,,,,,,,
MG,12.1,A,6,17,,,,,,,,
MG,12.1,B,1,26,,,,,,,,
MG,12.1,B,2,31,33,,,,,,,
MG,12.1,B,3,32,,,,,,,,
MG,12.1,B,4,29,,,,,,,,
MG,12.1,B,5,24,,,,,,,,
MG,12.1,B,6,27,25,,,,,,,
MG,12.1,C,1,51,56,,,,,,,
MG,12.1,C,2,43,48,52,,,,,,
MG,12.1,C,3,49,58,,,,,,,
MG,12.1,C,4,50,53,55,,,,,,
MG,12.1,C,5,46,,,,,,,,
MG,12.1,C,6,45,,,,,,,,
MG,12.1,D,1,69,72,,,,,,,
MG,12.1,D,2,62,63,68,74,,,,,
MG,12.1,D,3,64,,,,,,,,
MG,12.1,D,4,66,,,,,,,,
MG,12.1,D,5,70,,,,,,,,
MG,12.1,D,6,71,,,,,,,,
MG,12.2,A,1,22,26,28,34,35,,,,
MG,12.2,A,2,32,25,,,,,,,
MG,12.2,A,3,31,,,,,,,,
MG,12.2,A,4,27,16,,,,,,,
MG,12.2,A,5,5,,,,,,,,
MG,12.2,A,6,21,30,,,,,,,
MG,12.2,B,1,47,48,,,,,,,
MG,12.2,B,2,46,,,,,,,,
MG,12.2,B,3,42,49,50,,,,,,
MG,12.2,B,4,44,,,,,,,,
MG,12.2,B,5,43,,,,,,,,
MG,12.2,B,6,101,102,,,,,,,
MG,12.2,C,1,57,,,,,,,,
MG,12.2,C,2,68,66,75,,,,,,
MG,12.2,C,3,67,69,71,,,,,,
MG,12.2,C,4,58,59,61,,,,,,
MG,12.2,C,5,62,63,64,65,73,,,,
MG,12.2,C,6,56,,,,,,,,
MG,12.2,D,1,91,,,,,,,,
MG,12.2,D,2,90,,,,,,,,
MG,12.2,D,3,85,87,,,,,,,
MG,12.2,D,4,92,93,,,,,,,
MG,12.2,D,5,88,89,94,,,,,,
MG,12.2,D,6,86,,,,,,,,
MG,13.1,A,1,4,12,11,,,,,,
MG,13.1,A,2,10,7,9,,,,,,
MG,13.1,A,3,3,,,,,,,,
MG,13.1,A,4,,,,,,,,,
MG,13.1,A,5,2,,,,,,,,
MG,13.1,A,6,6,8,,,,,,,
MG,13.1,B,1,22,35,,,,,,,
MG,13.1,B,2,26,33,28,30,,,,,
MG,13.1,B,3,23,,,,,,,,
MG,13.1,B,4,,,,,,,,,
MG,13.1,B,5,25,32,,,,,,,
MG,13.1,B,6,24,27,29,31,,,,,
MG,13.1,C,1,47,,,,,,,,
MG,13.1,C,2,40,44,,,,,,,
MG,13.1,C,3,43,,,,,,,,
MG,13.1,C,4,46,50,,,,,,,
MG,13.1,C,5,39,42,49,48,53,,,,
MG,13.1,C,6,38,45,52,51,,,,,
MG,13.1,D,1,61,63,65,79,,,,,
MG,13.1,D,2,70,74,75,,,,,,
MG,13.1,D,3,66,72,,,,,,,
MG,13.1,D,4,64,,,,,,,,
MG,13.1,D,5,59,62,,,,,,,
MG,13.1,D,6,60,,,,,,,,
MG,13.2,A,1,11,,,,,,,,
MG,13.2,A,2,8,12,,,,,,,
MG,13.2,A,3,9,,,,,,,,
MG,13.2,A,4,13,14,,,,,,,
MG,13.2,A,5,7,,,,,,,,
MG,13.2,A,6,10,15,,,,,,,
MG,13.2,B,1,32,24,17,,,,,,
MG,13.2,B,2,27,,,,,,,,
MG,13.2,B,3,30,,,,,,,,
MG,13.2,B,4,20,25,29,,,,,,
MG,13.2,B,5,23,,,,,,,,
MG,13.2,B,6,28,,,,,,,,
MG,13.2,C,1,46,45,,,,,,,
MG,13.2,C,2,49,58,,,,,,,
MG,13.2,C,3,52,,,,,,,,
MG,13.2,C,4,44,,,,,,,,
MG,13.2,C,5,50,,,,,,,,
MG,13.2,C,6,41,,,,,,,,
MG,13.2,D,1,66,,,,,,,,
MG,13.2,D,2,68,88,87,94,,,,,
MG,13.2,D,3,72,86,,,,,,,
MG,13.2,D,4,83,,,,,,,,
MG,13.2,D,5,80,74,75,63,62,,,,
MG,13.2,D,6,71,79,,,,,,,
MG,14.1,A,1,23,22,,,,,,,
MG,14.1,A,2,11,,,,,,,,
MG,14.1,A,3,17,20,,,,,,,
MG,14.1,A,4,15,,,,,,,,
MG,14.1,A,5,12,6,21,,,,,,
MG,14.1,A,6,7,19,,,,,,,
MG,14.1,B,1,40,120,,,,,,,
MG,14.1,B,2,37,44,,,,,,,
MG,14.1,B,3,41,,,,,,,,
MG,14.1,B,4,34,,,,,,,,
MG,14.1,B,5,39,,,,,,,,
MG,14.1,B,6,43,,,,,,,,
MG,14.1,C,1,52,49,,,,,,,
MG,14.1,C,2,57,,,,,,,,
MG,14.1,C,3,61,,,,,,,,
MG,14.1,C,4,56,55,,,,,,,
MG,14.1,C,5,58,59,65,67,68,,,,
MG,14.1,C,6,54,64,63,62,,,,,
MG,14.1,D,1,79,86,100,,,,,,
MG,14.1,D,2,88,,,,,,,,
MG,14.1,D,3,83,,,,,,,,
MG,14.1,D,4,87,104,121,122,123,,,,
MG,14.1,D,5,90,92,,,,,,,
MG,14.1,D,6,91,95,99,96,,,,,
MG,14.2,A,1,36,37,,,,,,,
MG,14.2,A,2,35,38,,,,,,,
MG,14.2,A,3,,,,,,,,,
MG,14.2,A,4,19,32,33,,,,,,
MG,14.2,A,5,41,34,23,27,,,,,
MG,14.2,A,6,21,22,25,28,,,,,
MG,14.2,B,1,85,79,84,,,,,,
MG,14.2,B,2,64,72,80,70,,,,,
MG,14.2,B,3,78,,,,,,,,
MG,14.2,B,4,53,66,,,,,,,
MG,14.2,B,5,88,100,96,,,,,,
MG,14.2,B,6,65,76,27,86,89,,,,
MG,14.2,C,1,120,,,,,,,,
MG,14.2,C,2,117,,,,,,,,
MG,14.2,C,3,116,,,,,,,,
MG,14.2,C,4,118,111,114,,,,,,
MG,14.2,C,5,112,,,,,,,,
MG,14.2,C,6,113,107,165,,,,,,
MG,14.2,D,1,138,166,,,,,,,
MG,14.2,D,2,137,,,,,,,,
MG,14.2,D,3,143,,,,,,,,
MG,14.2,D,4,134,,,,,,,,
MG,14.2,D,5,133,141,,,,,,,
MG,14.2,D,6,135,145,144,132,147,,,,
MG,15.1,A,1,21,20,17,,,,,,
MG,15.1,A,2,7,,,,,,,,
MG,15.1,A,3,10,,,,,,,,
MG,15.1,A,4,6,15,14,,,,,,
MG,15.1,A,5,9,13,,,,,,,
MG,15.1,A,6,8,,,,,,,,
MG,15.1,B,1,29,,,,,,,,
MG,15.1,B,2,26,32,,,,,,,
MG,15.1,B,3,25,31,,,,,,,
MG,15.1,B,4,30,,,,,,,,
MG,15.1,B,5,27,,,,,,,,
MG,15.1,B,6,28,24,,,,,,,
MG,15.1,C,1,40,,,,,,,,
MG,15.1,C,2,45,50,,,,,,,
MG,15.1,C,3,33,34,35,36,47,,,,
MG,15.1,C,4,43,,,,,,,,
MG,15.1,C,5,39,44,,,,,,,
MG,15.1,C,6,37,38,42,46,49,48,,,
MG,15.1,D,1,60,67,,,,,,,
MG,15.1,D,2,53,,,,,,,,
MG,15.1,D,3,62,,,,,,,,
MG,15.1,D,4,56,58,63,,,,,,
MG,15.1,D,5,61,54,,,,,,,
MG,15.1,D,6,59,57,55,,,,,,
MG,15.2,A,1,4,9,,,,,,,
MG,15.2,A,2,3,7,,,,,,,
MG,15.2,A,3,8,10,,,,,,,
MG,15.2,A,4,6,,,,,,,,
MG,15.2,A,5,5,,,,,,,,
MG,15.2,A,6,2,,,,,,,,
MG,15.2,B,1,19,,,,,,,,
MG,15.2,B,2,13,21,23,,,,,,
MG,15.2,B,3,22,,,,,,,,
MG,15.2,B,4,16,15,12,11,,,,,
MG,15.2,B,5,18,24,,,,,,,
MG,15.2,B,6,14,17,20,,,,,,
MG,15.2,C,1,43,42,44,,,,,,
MG,15.2,C,2,27,28,39,,,,,,
MG,15.2,C,3,30,36,,,,,,,
MG,15.2,C,4,33,,,,,,,,
MG,15.2,C,5,37,34,,,,,,,
MG,15.2,C,6,29,31,32,35,38,40,,,
MG,15.2,D,1,53,,,,,,,,
MG,15.2,D,2,54,58,60,63,,,,,
MG,15.2,D,3,51,46,,,,,,,
MG,15.2,D,4,57,,,,,,,,
MG,15.2,D,5,47,,,,,,,,
MG,15.2,D,6,49,48,50,55,52,56,59,62,64
MG,16.1,A,1,20,18,19,23,,,,,
MG,16.1,A,2,16,,,,,,,,
MG,16.1,A,3,25,,,,,,,,
MG,16.1,A,4,26,,,,,,,,
MG,16.1,A,5,24,,,,,,,,
MG,16.1,A,6,17,,,,,,,,
MG,16.1,B,1,36,,,,,,,,
MG,16.1,B,2,32,,,,,,,,
MG,16.1,B,3,33,35,,,,,,,
MG,16.1,B,4,34,,,,,,,,
MG,16.1,B,5,31,,,,,,,,
MG,16.1,B,6,30,,,,,,,,
MG,16.1,C,1,53,,,,,,,,
MG,16.1,C,2,52,59,,,,,,,
MG,16.1,C,3,44,47,50,55,,,,,
MG,16.1,C,4,43,58,63,92,,,,,
MG,16.1,C,5,49,48,,,,,,,
MG,16.1,C,6,45,,,,,,,,
MG,16.1,D,1,85,88,,,,,,,
MG,16.1,D,2,80,,,,,,,,
MG,16.1,D,3,83,87,,,,,,,
MG,16.1,D,4,75,77,76,,,,,,
MG,16.1,D,5,81,84,78,,,,,,
MG,16.1,D,6,82,86,,,,,,,
MG,16.2,A,1,10,,,,,,,,
MG,16.2,A,2,5,,,,,,,,
MG,16.2,A,3,15,14,,,,,,,
MG,16.2,A,4,11,,,,,,,,
MG,16.2,A,5,17,21,,,,,,,
MG,16.2,A,6,7,8,13,,,,,,
MG,16.2,B,1,37,,,,,,,,
MG,16.2,B,2,31,39,,,,,,,
MG,16.2,B,3,35,28,27,,,,,,
MG,16.2,B,4,85,,,,,,,,
MG,16.2,B,5,34,,,,,,,,
MG,16.2,B,6,30,,,,,,,,
MG,16.2,C,1,46,,,,,,,,
MG,16.2,C,2,44,41,,,,,,,
MG,16.2,C,3,51,54,53,56,58,59,,,
MG,16.2,C,4,52,60,86,,,,,,
MG,16.2,C,5,48,49,,,,,,,
MG,16.2,C,6,45,87,,,,,,,
MG,16.2,D,1,79,82,,,,,,,
MG,16.2,D,2,76,,,,,,,,
MG,16.2,D,3,75,80,83,,,,,,
MG,16.2,D,4,73,,,,,,,,
MG,16.2,D,5,78,74,,,,,,,
MG,16.2,D,6,77,,,,,,,,
MG,17.1,A,1,22,20,,,,,,,
MG,17.1,A,2,14,15,,,,,,,
MG,17.1,A,3,12,23,,,,,,,
MG,17.1,A,4,10,,,,,,,,
MG,17.1,A,5,11,17,,,,,,,
MG,17.1,A,6,13,18,16,,,,,,
MG,17.1,B,1,29,27,,,,,,,
MG,17.1,B,2,24,,,,,,,,
MG,17.1,B,3,31,37,30,43,,,,,
MG,17.1,B,4,26,44,34,28,35,33,,,
MG,17.1,B,5,25,41,36,38,39,42,45,,
MG,17.1,B,6,32,,,,,,,,
MG,17.1,C,1,52,55,57,,,,,,
MG,17.1,C,2,59,60,62,66,67,,,,
MG,17.1,C,3,53,61,65,64,,,,,
MG,17.1,C,4,58,,,,,,,,
MG,17.1,C,5,51,,,,,,,,
MG,17.1,C,6,54,,,,,,,,
MG,17.1,D,1,78,,,,,,,,
MG,17.1,D,2,70,74,,,,,,,
MG,17.1,D,3,69,71,,,,,,,
MG,17.1,D,4,68,73,,,,,,,
MG,17.1,D,5,72,76,,,,,,,
MG,17.1,D,6,75,,,,,,,,
MG,17.2,A,1,7,10,12,,,,,,
MG,17.2,A,2,3,9,,,,,,,
MG,17.2,A,3,4,,,,,,,,
MG,17.2,A,4,1,6,,,,,,,
MG,17.2,A,5,5,8,,,,,,,
MG,17.2,A,6,11,,,,,,,,
MG,17.2,B,1,28,,,,,,,,
MG,17.2,B,2,25,,,,,,,,
MG,17.2,B,3,24,21,26,32,29,,,,
MG,17.2,B,4,27,31,30,33,,,,,
MG,17.2,B,5,19,17,18,22,23,,,,
MG,17.2,B,6,16,,,,,,,,
MG,17.2,C,1,49,,,,,,,,
MG,17.2,C,2,42,,,,,,,,
MG,17.2,C,3,46,,,,,,,,
MG,17.2,C,4,43,48,,,,,,,
MG,17.2,C,5,40,,,,,,,,
MG,17.2,C,6,45,,,,,,,,
MG,17.2,D,1,65,70,68,71,,,,,
MG,17.2,D,2,63,,,,,,,,
MG,17.2,D,3,66,,,,,,,,
MG,17.2,D,4,56,60,85,,,,,,
MG,17.2,D,5,58,,,,,,,,
MG,17.2,D,6,61,,,,,,,,
MG,18.1,A,1,14,,,,,,,,
MG,18.1,A,2,18,,,,,,,,
MG,18.1,A,3,22,20,21,16,,,,,
MG,18.1,A,4,12,,,,,,,,
MG,18.1,A,5,15,,,,,,,,
MG,18.1,A,6,10,17,23,,,,,,
MG,18.1,B,1,32,,,,,,,,
MG,18.1,B,2,30,34,,,,,,,
MG,18.1,B,3,31,33,35,,,,,,
MG,18.1,B,4,28,,,,,,,,
MG,18.1,B,5,29,37,36,41,,,,,
MG,18.1,B,6,24,38,40,39,42,,,,
MG,18.1,C,1,52,,,,,,,,
MG,18.1,C,2,50,64,66,47,48,107,,,
MG,18.1,C,3,58,59,,,,,,,
MG,18.1,C,4,57,,,,,,,,
MG,18.1,C,5,56,,,,,,,,
MG,18.1,C,6,46,49,54,,,,,,
MG,18.1,D,1,78,91,92,,,,,,
MG,18.1,D,2,90,,,,,,,,
MG,18.1,D,3,88,108,,,,,,,
MG,18.1,D,4,83,81,,,,,,,
MG,18.1,D,5,80,,,,,,,,
MG,18.1,D,6,89,,,,,,,,
MG,18.2,A,1,18,,,,,,,,
MG,18.2,A,2,14,,,,,,,,
MG,18.2,A,3,13,16,20,19,24,27,,,
MG,18.2,A,4,25,,,,,,,,
MG,18.2,A,5,15,28,,,,,,,
MG,18.2,A,6,17,26,,,,,,,
MG,18.2,B,1,40,,,,,,,,
MG,18.2,B,2,43,,,,,,,,
MG,18.2,B,3,45,,,,,,,,
MG,18.2,B,4,38,36,,,,,,,
MG,18.2,B,5,35,,,,,,,,
MG,18.2,B,6,34,39,42,29,30,,,,
MG,18.2,C,1,55,60,62,,,,,,
MG,18.2,C,2,58,,,,,,,,
MG,18.2,C,3,48,59,,,,,,,
MG,18.2,C,4,51,57,,,,,,,
MG,18.2,C,5,47,54,,,,,,,
MG,18.2,C,6,50,56,64,,,,,,
MG,18.2,D,1,83,103,78,,,,,,
MG,18.2,D,2,71,,,,,,,,
MG,18.2,D,3,86,,,,,,,,
MG,18.2,D,4,75,,,,,,,,
MG,18.2,D,5,74,,,,,,,,
MG,18.2,D,6,76,82,80,,,,,,
MG,19.1,A,1,8,,,,,,,,
MG,19.1,A,2,5,,,,,,,,
MG,19.1,A,3,6,,,,,,,,
MG,19.1,A,4,2,,,,,,,,
MG,19.1,A,5,3,4,,,,,,,
MG,19.1,A,6,9,7,,,,,,,
MG,19.1,B,1,18,,,,,,,,
MG,19.1,B,2,19,,,,,,,,
MG,19.1,B,3,13,,,,,,,,
MG,19.1,B,4,10,16,12,20,,,,,
MG,19.1,B,5,21,22,,,,,,,
MG,19.1,B,6,11,15,14,17,,,,,
MG,19.1,C,1,28,,,,,,,,
MG,19.1,C,2,23,,,,,,,,
MG,19.1,C,3,26,,,,,,,,
MG,19.1,C,4,24,30,,,,,,,
MG,19.1,C,5,27,29,31,,,,,,
MG,19.1,C,6,25,,,,,,,,
MG,19.1,D,1,36,,,,,,,,
MG,19.1,D,2,38,,,,,,,,
MG,19.1,D,3,41,43,49,,,,,,
MG,19.1,D,4,37,40,45,,,,,,
MG,19.1,D,5,35,34,,,,,,,
MG,19.1,D,6,32,33,,,,,,,
MG,19.2,A,1,10,,,,,,,,
MG,19.2,A,2,16,23,,,,,,,
MG,19.2,A,3,8,,,,,,,,
MG,19.2,A,4,22,15,7,95,,,,,
MG,19.2,A,5,4,5,17,,,,,,
MG,19.2,A,6,9,,,,,,,,
MG,19.2,B,1,39,40,,,,,,,
MG,19.2,B,2,43,,,,,,,,
MG,19.2,B,3,30,35,,,,,,,
MG,19.2,B,4,36,38,41,,,,,,
MG,19.2,B,5,31,34,37,42,44,,,,
MG,19.2,B,6,28,32,,,,,,,
MG,19.2,C,1,53,,,,,,,,
MG,19.2,C,2,,,,,,,,,
MG,19.2,C,3,46,52,55,59,,,,,
MG,19.2,C,4,54,56,57,,,,,,
MG,19.2,C,5,47,51,58,60,62,61,,,
MG,19.2,C,6,49,50,,,,,,,
MG,19.2,D,1,70,73,,,,,,,
MG,19.2,D,2,75,,,,,,,,
MG,19.2,D,3,77,,,,,,,,
MG,19.2,D,4,68,80,76,,,,,,
MG,19.2,D,5,78,69,,,,,,,
MG,19.2,D,6,71,,,,,,,,
DL,1.1,A,6,,,,,,,,,
DL,1.1,A,5,4,,,,,,,,
DL,1.1,A,4,6,1,,,,,,,
DL,1.1,A,3,7,,,,,,,,
DL,1.1,A,2,5,,,,,,,,
DL,1.1,A,1,3,,,,,,,,
DL,1.1,B,6,17,,,,,,,,
DL,1.1,B,5,10,12,,,,,,,
DL,1.1,B,4,13,14,,,,,,,
DL,1.1,B,3,11,,,,,,,,
DL,1.1,B,2,15,,,,,,,,
DL,1.1,B,1,16,19,8,,,,,,
DL,1.1,C,6,25,,,,,,,,
DL,1.1,C,5,21,,,,,,,,
DL,1.1,C,4,23,,,,,,,,
DL,1.1,C,3,26,,,,,,,,
DL,1.1,C,2,22,,,,,,,,
DL,1.1,C,1,24,,,,,,,,
DL,1.1,D,6,33,,,,,,,,
DL,1.1,D,5,28,,,,,,,,
DL,1.1,D,4,35,32,,,,,,,
DL,1.1,D,3,30,,,,,,,,
DL,1.1,D,2,34,,,,,,,,
DL,1.1,D,1,29,31,,,,,,,
DL,1.2,A,6,6,,,,,,,,
DL,1.2,A,5,4,,,,,,,,
DL,1.2,A,4,10,,,,,,,,
DL,1.2,A,3,12,13,,,,,,,
DL,1.2,A,2,11,,,,,,,,
DL,1.2,A,1,9,,,,,,,,
DL,1.2,B,6,21,,,,,,,,
DL,1.2,B,5,18,,,,,,,,
DL,1.2,B,4,17,,,,,,,,
DL,1.2,B,3,24,23,,,,,,,
DL,1.2,B,2,14,,,,,,,,
DL,1.2,B,1,22,19,,,,,,,
DL,1.2,C,6,38,42,,,,,,,
DL,1.2,C,5,36,,,,,,,,
DL,1.2,C,4,30,32,29,,,,,,
DL,1.2,C,3,41,39,31,37,45,46,,,
DL,1.2,C,2,28,34,33,40,,,,,
DL,1.2,C,1,35,44,,,,,,,
DL,1.2,D,6,56,,,,,,,,
DL,1.2,D,5,63,,,,,,,,
DL,1.2,D,4,62,64,67,,,,,,
DL,1.2,D,3,69,,,,,,,,
DL,1.2,D,2,51,,,,,,,,
DL,1.2,D,1,65,54,52,,,,,,
DL,2.1,A,6,12,,,,,,,,
DL,2.1,A,5,14,,,,,,,,
DL,2.1,A,4,11,,,,,,,,
DL,2.1,A,3,10,,,,,,,,
DL,2.1,A,2,15,,,,,,,,
DL,2.1,A,1,19,,,,,,,,
DL,2.1,B,6,30,,,,,,,,
DL,2.1,B,5,31,28,,,,,,,
DL,2.1,B,4,33,,,,,,,,
DL,2.1,B,3,32,,,,,,,,
DL,2.1,B,2,34,35,29,,,,,,
DL,2.1,B,1,27,,,,,,,,
DL,2.1,C,6,46,,,,,,,,
DL,2.1,C,5,39,41,,,,,,,
DL,2.1,C,4,40,,,,,,,,
DL,2.1,C,3,42,,,,,,,,
DL,2.1,C,2,44,,,,,,,,
DL,2.1,C,1,43,,,,,,,,
DL,2.1,D,6,59,,,,,,,,
DL,2.1,D,5,55,57,58,,,,,,
DL,2.1,D,4,60,,,,,,,,
DL,2.1,D,3,53,61,,,,,,,
DL,2.1,D,2,50,,,,,,,,
DL,2.1,D,1,54,,,,,,,,
DL,2.2,A,6,20,,,,,,,,
DL,2.2,A,5,21,,,,,,,,
DL,2.2,A,4,18,,,,,,,,
DL,2.2,A,3,16,,,,,,,,
DL,2.2,A,2,1,27,,,,,,,
DL,2.2,A,1,12,,,,,,,,
DL,2.2,B,6,32,,,,,,,,
DL,2.2,B,5,37,,,,,,,,
DL,2.2,B,4,33,,,,,,,,
DL,2.2,B,3,35,34,31,,,,,,
DL,2.2,B,2,28,29,,,,,,,
DL,2.2,B,1,30,,,,,,,,
DL,2.2,C,6,43,,,,,,,,
DL,2.2,C,5,42,40,45,,,,,,
DL,2.2,C,4,48,47,41,,,,,,
DL,2.2,C,3,39,,,,,,,,
DL,2.2,C,2,46,,,,,,,,
DL,2.2,C,1,38,,,,,,,,
DL,2.2,D,6,57,,,,,,,,
DL,2.2,D,5,53,56,,,,,,,
DL,2.2,D,4,55,,,,,,,,
DL,2.2,D,3,51,50,,,,,,,
DL,2.2,D,2,54,,,,,,,,
DL,2.2,D,1,52,,,,,,,,
DL,3.1,A,6,9,,,,,,,,
DL,3.1,A,5,7,,,,,,,,
DL,3.1,A,4,5,12,,,,,,,
DL,3.1,A,3,14,,,,,,,,
DL,3.1,A,2,10,,,,,,,,
DL,3.1,A,1,11,8,6,13,,,,,
DL,3.1,B,6,28,19,33,,,,,,
DL,3.1,B,5,22,,,,,,,,
DL,3.1,B,4,18,24,,,,,,,
DL,3.1,B,3,32,23,,,,,,,
DL,3.1,B,2,21,,,,,,,,
DL,3.1,B,1,27,,,,,,,,
DL,3.1,C,6,43,,,,,,,,
DL,3.1,C,5,34,52,,,,,,,
DL,3.1,C,4,42,46,,,,,,,
DL,3.1,C,3,40,48,49,,,,,,
DL,3.1,C,2,38,36,,,,,,,
DL,3.1,C,1,44,45,69,74,,,,,
DL,3.1,D,6,62,65,64,,,,,,
DL,3.1,D,5,54,,,,,,,,
DL,3.1,D,4,60,,,,,,,,
DL,3.1,D,3,55,,,,,,,,
DL,3.1,D,2,56,66,,,,,,,
DL,3.1,D,1,57,,,,,,,,
DL,3.2,A,6,7,,,,,,,,
DL,3.2,A,5,10,,,,,,,,
DL,3.2,A,4,8,,,,,,,,
DL,3.2,A,3,5,,,,,,,,
DL,3.2,A,2,11,9,,,,,,,
DL,3.2,A,1,6,12,,,,,,,
DL,3.2,B,6,20,25,,,,,,,
DL,3.2,B,5,23,,,,,,,,
DL,3.2,B,4,28,,,,,,,,
DL,3.2,B,3,30,22,,,,,,,
DL,3.2,B,2,22,29,21,33,,,,,
DL,3.2,B,1,24,31,,,,,,,
DL,3.2,C,6,38,37,41,,,,,,
DL,3.2,C,5,45,,,,,,,,
DL,3.2,C,4,47,,,,,,,,
DL,3.2,C,3,44,,,,,,,,
DL,3.2,C,2,39,,,,,,,,
DL,3.2,C,1,43,46,42,,,,,,
DL,3.2,D,6,71,,,,,,,,
DL,3.2,D,5,67,,,,,,,,
DL,3.2,D,4,63,65,,,,,,,
DL,3.2,D,3,70,74,,,,,,,
DL,3.2,D,2,60,,,,,,,,
DL,3.2,D,1,69,58,66,72,79,80,,,
DL,4.1,A,6,14,9,,,,,,,
DL,4.1,A,5,76,,,,,,,,
DL,4.1,A,4,12,21,,,,,,,
DL,4.1,A,3,16,20,,,,,,,
DL,4.1,A,2,11,,,,,,,,
DL,4.1,A,1,15,,,,,,,,
DL,4.1,B,6,67,,,,,,,,
DL,4.1,B,5,33,41,,,,,,,
DL,4.1,B,4,36,,,,,,,,
DL,4.1,B,3,35,,,,,,,,
DL,4.1,B,2,38,,,,,,,,
DL,4.1,B,1,34,,,,,,,,
DL,4.1,C,6,43,51,,,,,,,
DL,4.1,C,5,46,53,,,,,,,
DL,4.1,C,4,45,,,,,,,,
DL,4.1,C,3,47,55,,,,,,,
DL,4.1,C,2,50,49,42,,,,,,
DL,4.1,C,1,48,,,,,,,,
DL,4.1,D,6,58,69,,,,,,,
DL,4.1,D,5,64,,,,,,,,
DL,4.1,D,4,66,72,,,,,,,
DL,4.1,D,3,62,67,,,,,,,
DL,4.1,D,2,59,61,,,,,,,
DL,4.1,D,1,60,,,,,,,,
DL,4.2,A,6,4,6,,,,,,,
DL,4.2,A,5,8,9,,,,,,,
DL,4.2,A,4,13,,,,,,,,
DL,4.2,A,3,11,,,,,,,,
DL,4.2,A,2,5,1,2,,,,,,
DL,4.2,A,1,12,7,10,,,,,,
DL,4.2,B,6,15,62,18,26,31,,,,
DL,4.2,B,5,23,20,,,,,,,
DL,4.2,B,4,28,,,,,,,,
DL,4.2,B,3,29,25,,,,,,,
DL,4.2,B,2,21,22,,,,,,,
DL,4.2,B,1,27,,,,,,,,
DL,4.2,C,6,32,,,,,,,,
DL,4.2,C,5,41,40,,,,,,,
DL,4.2,C,4,33,34,,,,,,,
DL,4.2,C,3,37,42,,,,,,,
DL,4.2,C,2,36,,,,,,,,
DL,4.2,C,1,39,,,,,,,,
DL,4.2,D,6,47,49,,,,,,,
DL,4.2,D,5,53,,,,,,,,
DL,4.2,D,4,51,44,,,,,,,
DL,4.2,D,3,52,50,46,,,,,,
DL,4.2,D,2,43,48,54,55,56,57,59,,
DL,4.2,D,1,45,,,,,,,,
DL,5.1,A,6,10,,,,,,,,
DL,5.1,A,5,7,12,,,,,,,
DL,5.1,A,4,4,,,,,,,,
DL,5.1,A,3,8,20,,,,,,,
DL,5.1,A,2,,,,,,,,,
DL,5.1,A,1,11,13,14,16,,,,,
DL,5.1,B,6,27,,,,,,,,
DL,5.1,B,5,29,,,,,,,,
DL,5.1,B,4,25,,,,,,,,
DL,5.1,B,3,14,28,31,33,,,,,
DL,5.1,B,2,,,,,,,,,
DL,5.1,B,1,32,30,,,,,,,
DL,5.1,C,6,37,,,,,,,,
DL,5.1,C,5,38,40,42,45,,,,,
DL,5.1,C,4,41,,,,,,,,
DL,5.1,C,3,39,,,,,,,,
DL,5.1,C,2,44,,,,,,,,
DL,5.1,C,1,43,36,48,47,,,,,
DL,5.1,D,6,50,,,,,,,,
DL,5.1,D,5,51,54,57,,,,,,
DL,5.1,D,4,52,61,,,,,,,
DL,5.1,D,3,49,56,,,,,,,
DL,5.1,D,2,53,58,59,,,,,,
DL,5.1,D,1,55,60,62,,,,,,
DL,5.2,A,6,11,,,,,,,,
DL,5.2,A,5,6,,,,,,,,
DL,5.2,A,4,15,10,,,,,,,
DL,5.2,A,3,8,,,,,,,,
DL,5.2,A,2,,,,,,,,,
DL,5.2,A,1,13,14,16,12,,,,,
DL,5.2,B,6,26,28,,,,,,,
DL,5.2,B,5,23,,,,,,,,
DL,5.2,B,4,27,,,,,,,,
DL,5.2,B,3,18,22,,,,,,,
DL,5.2,B,2,,,,,,,,,
DL,5.2,B,1,20,30,32,,,,,,
DL,5.2,C,6,38,,,,,,,,
DL,5.2,C,5,36,,,,,,,,
DL,5.2,C,4,39,,,,,,,,
DL,5.2,C,3,40,,,,,,,,
DL,5.2,C,2,,,,,,,,,
DL,5.2,C,1,42,37,,,,,,,
DL,5.2,D,6,45,53,44,,,,,,
DL,5.2,D,5,51,,,,,,,,
DL,5.2,D,4,46,,,,,,,,
DL,5.2,D,3,54,47,,,,,,,
DL,5.2,D,2,48,52,,,,,,,
DL,5.2,D,1,50,,,,,,,,
DL,36.1,A,6,14,6,,,,,,,
DL,36.1,A,5,2,3,18,16,15,,,,
DL,36.1,A,4,5,17,,,,,,,
DL,36.1,A,3,7,9,,,,,,,
DL,36.1,A,2,11,,,,,,,,
DL,36.1,A,1,20,19,21,12,,,,,
DL,36.1,B,6,34,,,,,,,,
DL,36.1,B,5,32,24,,,,,,,
DL,36.1,B,4,28,35,,,,,,,
DL,36.1,B,3,30,31,36,40,,,,,
DL,36.1,B,2,23,25,27,33,37,39,,,
DL,36.1,B,1,29,38,,,,,,,
DL,36.1,C,6,46,,,,,,,,
DL,36.1,C,5,42,45,50,,,,,,
DL,36.1,C,4,47,,,,,,,,
DL,36.1,C,3,43,51,53,,,,,,
DL,36.1,C,2,49,,,,,,,,
DL,36.1,C,1,44,,,,,,,,
DL,36.1,D,6,64,,,,,,,,
DL,36.1,D,5,60,,,,,,,,
DL,36.1,D,4,63,,,,,,,,
DL,36.1,D,3,59,56,,,,,,,
DL,36.1,D,2,61,58,62,66,67,,,,
DL,36.1,D,1,65,57,,,,,,,
DL,36.2,A,6,7,,,,,,,,
DL,36.2,A,5,13,14,12,16,,,,,
DL,36.2,A,4,4,,,,,,,,
DL,36.2,A,3,6,15,,,,,,,
DL,36.2,A,2,8,11,,,,,,,
DL,36.2,A,1,9,10,,,,,,,
DL,36.2,B,6,22,,,,,,,,
DL,36.2,B,5,21,21,24,,,,,,
DL,36.2,B,4,28,19,,,,,,,
DL,36.2,B,3,23,29,31,30,,,,,
DL,36.2,B,2,27,,,,,,,,
DL,36.2,B,1,25,20,,,,,,,
DL,36.2,C,6,35,39,,,,,,,
DL,36.2,C,5,45,47,,,,,,,
DL,36.2,C,4,36,40,,,,,,,
DL,36.2,C,3,41,37,46,32,46,,,,
DL,36.2,C,2,43,49,,,,,,,
DL,36.2,C,1,33,34,,,,,,,
DL,36.2,D,6,56,,,,,,,,
DL,36.2,D,5,52,,,,,,,,
DL,36.2,D,4,55,,,,,,,,
DL,36.2,D,3,57,,,,,,,,
DL,36.2,D,2,54,58,,,,,,,
DL,36.2,D,1,59,,,,,,,,
DL,37.1,A,6,8,,,,,,,,
DL,37.1,A,5,5,11,,,,,,,
DL,37.1,A,4,15,21,,,,,,,
DL,37.1,A,3,14,13,20,,,,,,
DL,37.1,A,2,17,10,,,,,,,
DL,37.1,A,1,12,16,18,19,,,,,
DL,37.1,B,6,80,29,38,,,,,,
DL,37.1,B,5,32,,,,,,,,
DL,37.1,B,4,34,,,,,,,,
DL,37.1,B,3,30,40,41,35,,,,,
DL,37.1,B,2,36,31,33,43,,,,,
DL,37.1,B,1,39,42,,,,,,,
DL,37.1,C,6,47,,,,,,,,
DL,37.1,C,5,57,,,,,,,,
DL,37.1,C,4,48,51,54,53,,,,,
DL,37.1,C,3,46,49,58,52,,,,,
DL,37.1,C,2,61,59,62,69,,,,,
DL,37.1,C,1,50,55,56,60,,,,,
DL,37.1,D,6,78,,,,,,,,
DL,37.1,D,5,71,76,,,,,,,
DL,37.1,D,4,,,,,,,,,
DL,37.1,D,3,72,73,77,,,,,,
DL,37.1,D,2,75,74,79,,,,,,
DL,37.1,D,1,80,81,,,,,,,
DL,37.2,A,6,16,,,,,,,,
DL,37.2,A,5,20,22,,,,,,,
DL,37.2,A,4,19,,,,,,,,
DL,37.2,A,3,18,,,,,,,,
DL,37.2,A,2,27,29,30,,,,,,
DL,37.2,A,1,26,25,24,,,,,,
DL,37.2,B,6,37,,,,,,,,
DL,37.2,B,5,40,43,,,,,,,
DL,37.2,B,4,39,,,,,,,,
DL,37.2,B,3,44,45,,,,,,,
DL,37.2,B,2,38,42,,,,,,,
DL,37.2,B,1,41,,,,,,,,
DL,37.2,C,6,69,58,73,,,,,,
DL,37.2,C,5,59,54,,,,,,,
DL,37.2,C,4,51,,,,,,,,
DL,37.2,C,3,62,68,72,,,,,,
DL,37.2,C,2,66,63,,,,,,,
DL,37.2,C,1,64,60,67,,,,,,
DL,37.2,D,6,87,90,94,,,,,,
DL,37.2,D,5,85,102,,,,,,,
DL,37.2,D,4,93,,,,,,,,
DL,37.2,D,3,92,,,,,,,,
DL,37.2,D,2,88,,,,,,,,
DL,37.2,D,1,86,89,,,,,,,
DL,38.1,A,6,11,17,21,28,32,,,,
DL,38.1,A,5,30,,,,,,,,
DL,38.1,A,4,22,19,27,29,,,,,
DL,38.1,A,3,12,16,,,,,,,
DL,38.1,A,2,13,,,,,,,,
DL,38.1,A,1,14,10,20,23,31,,,,
DL,38.1,B,6,51,46,,,,,,,
DL,38.1,B,5,50,47,,,,,,,
DL,38.1,B,4,43,44,,,,,,,
DL,38.1,B,3,41,52,,,,,,,
DL,38.1,B,2,38,,,,,,,,
DL,38.1,B,1,45,40,49,,,,,,
DL,38.1,C,6,65,71,72,74,,,,,
DL,38.1,C,5,60,67,,,,,,,
DL,38.1,C,4,57,,,,,,,,
DL,38.1,C,3,63,61,,,,,,,
DL,38.1,C,2,62,70,,,,,,,
DL,38.1,C,1,56,58,59,76,,,,,
DL,38.1,D,6,91,95,,,,,,,
DL,38.1,D,5,83,,,,,,,,
DL,38.1,D,4,88,,,,,,,,
DL,38.1,D,3,94,97,,,,,,,
DL,38.1,D,2,82,,,,,,,,
DL,38.1,D,1,78,89,79,93,,,,,
DL,38.2,A,6,7,9,,,,,,,
DL,38.2,A,5,12,,,,,,,,
DL,38.2,A,4,5,,,,,,,,
DL,38.2,A,3,6,,,,,,,,
DL,38.2,A,2,4,,,,,,,,
DL,38.2,A,1,8,11,,,,,,,
DL,38.2,B,6,18,,,,,,,,
DL,38.2,B,5,19,22,,,,,,,
DL,38.2,B,4,17,,,,,,,,
DL,38.2,B,3,16,23,,,,,,,
DL,38.2,B,2,20,,,,,,,,
DL,38.2,B,1,14,15,24,,,,,,
DL,38.2,C,6,28,29,,,,,,,
DL,38.2,C,5,23,33,,,,,,,
DL,38.2,C,4,31,,,,,,,,
DL,38.2,C,3,27,,,,,,,,
DL,38.2,C,2,26,30,,,,,,,
DL,38.2,C,1,25,,,,,,,,
DL,38.2,D,6,35,45,48,,,,,,
DL,38.2,D,5,38,,,,,,,,
DL,38.2,D,4,41,46,,,,,,,
DL,38.2,D,3,47,43,,,,,,,
DL,38.2,D,2,42,,,,,,,,
DL,38.2,D,1,39,40,,,,,,,
DL,39.1,A,6,10,17,18,,,,,,
DL,39.1,A,5,7,13,14,19,,,,,
DL,39.1,A,4,11,,,,,,,,
DL,39.1,A,3,3,9,12,15,,,,,
DL,39.1,A,2,5,,,,,,,,
DL,39.1,A,1,8,16,,,,,,,
DL,39.1,B,6,30,25,20,32,,,,,
DL,39.1,B,5,27,23,,,,,,,
DL,39.1,B,4,24,,,,,,,,
DL,39.1,B,3,29,31,,,,,,,
DL,39.1,B,2,26,21,28,,,,,,
DL,39.1,B,1,22,33,,,,,,,
DL,39.1,C,6,41,35,43,,,,,,
DL,39.1,C,5,36,44,37,,,,,,
DL,39.1,C,4,42,47,,,,,,,
DL,39.1,C,3,38,,,,,,,,
DL,39.1,C,2,40,34,,,,,,,
DL,39.1,C,1,46,45,,,,,,,
DL,39.1,D,6,50,51,,,,,,,
DL,39.1,D,5,55,58,,,,,,,
DL,39.1,D,4,49,56,,,,,,,
DL,39.1,D,3,53,57,,,,,,,
DL,39.1,D,2,54,,,,,,,,
DL,39.1,D,1,48,52,,,,,,,
MG,39.2,A,1,13,16,,,,,,,
MG,39.2,A,2,15,,,,,,,,
MG,39.2,A,3,21,23,,,,,,,
MG,39.2,A,4,18,,,,,,,,
MG,39.2,A,5,19,,,,,,,,
MG,39.2,A,6,17,14,,,,,,,
MG,39.2,B,1,28,30,,,,,,,
MG,39.2,B,2,25,,,,,,,,
MG,39.2,B,3,32,,,,,,,,
MG,39.2,B,4,29,34,36,,,,,,
MG,39.2,B,5,24,26,33,,,,,,
MG,39.2,B,6,27,35,31,,,,,,
MG,39.2,C,1,40,,,,,,,,
MG,39.2,C,2,43,,,,,,,,
MG,39.2,C,3,41,39,46,38,,,,,
MG,39.2,C,4,42,45,,,,,,,
MG,39.2,C,5,44,,,,,,,,
MG,39.2,C,6,37,,,,,,,,
MG,39.2,D,1,50,57,,,,,,,
MG,39.2,D,2,48,,,,,,,,
MG,39.2,D,3,55,,,,,,,,
MG,39.2,D,4,51,56,,,,,,,
MG,39.2,D,5,49,53,,,,,,,
MG,39.2,D,6,58,,,,,,,,
DL,40.1,A,6,23,12,,,,,,,
DL,40.1,A,5,6,21,22,,,,,,
DL,40.1,A,4,24,17,,,,,,,
DL,40.1,A,3,11,10,26,9,14,,,,
DL,40.1,A,2,7,,,,,,,,
DL,40.1,A,1,19,27,,,,,,,
DL,40.1,B,6,30,37,32,40,,,,,
DL,40.1,B,5,31,,,,,,,,
DL,40.1,B,4,35,34,,,,,,,
DL,40.1,B,3,33,,,,,,,,
DL,40.1,B,2,38,,,,,,,,
DL,40.1,B,1,39,36,,,,,,,
DL,40.1,C,6,43,44,49,54,55,,,,
DL,40.1,C,5,42,41,,,,,,,
DL,40.1,C,4,47,53,,,,,,,
DL,40.1,C,3,46,51,,,,,,,
DL,40.1,C,2,48,52,,,,,,,
DL,40.1,C,1,45,56,57,,,,,,
DL,40.1,D,6,63,,,,,,,,
DL,40.1,D,5,65,69,,,,,,,
DL,40.1,D,4,58,62,,,,,,,
DL,40.1,D,3,68,,,,,,,,
DL,40.1,D,2,59,61,60,64,,,,,
DL,40.1,D,1,67,,,,,,,,
DL,40.2,A,6,4,,,,,,,,
DL,40.2,A,5,2,,,,,,,,
DL,40.2,A,4,12,11,,,,,,,
DL,40.2,A,3,8,9,,,,,,,
DL,40.2,A,2,10,6,,,,,,,
DL,40.2,A,1,3,1,5,,,,,,
DL,40.2,B,6,15,23,,,,,,,
DL,40.2,B,5,13,16,,,,,,,
DL,40.2,B,4,20,21,22,,,,,,
DL,40.2,B,3,17,,,,,,,,
DL,40.2,B,2,18,19,25,24,,,,,
DL,40.2,B,1,14,,,,,,,,
DL,40.2,C,6,30,28,,,,,,,
DL,40.2,C,5,26,33,,,,,,,
DL,40.2,C,4,29,32,,,,,,,
DL,40.2,C,3,31,,,,,,,,
DL,40.2,C,2,35,,,,,,,,
DL,40.2,C,1,27,36,,,,,,,
DL,40.2,D,6,37,,,,,,,,
DL,40.2,D,5,38,44,,,,,,,
DL,40.2,D,4,42,43,,,,,,,
DL,40.2,D,3,39,45,46,,,,,,
DL,40.2,D,2,,,,,,,,,
DL,40.2,D,1,41,,,,,,,,
DL,41.1,A,6,9,17,23,34,26,,,,
DL,41.1,A,5,15,21,,,,,,,
DL,41.1,A,4,13,,,,,,,,
DL,41.1,A,3,10,25,,,,,,,
DL,41.1,A,2,16,22,,,,,,,
DL,41.1,A,1,14,19,,,,,,,
DL,41.1,B,6,39,45,,,,,,,
DL,41.1,B,5,35,41,,,,,,,
DL,41.1,B,4,37,,,,,,,,
DL,41.1,B,3,44,43,,,,,,,
DL,41.1,B,2,48,42,38,33,34,36,,,
DL,41.1,B,1,29,,,,,,,,
DL,41.1,C,6,52,62,,,,,,,
DL,41.1,C,5,50,53,60,56,,,,,
DL,41.1,C,4,57,64,63,69,70,67,,,
DL,41.1,C,3,65,58,,,,,,,
DL,41.1,C,2,55,61,71,,,,,,
DL,41.1,C,1,59,54,,,,,,,
DL,41.1,D,6,79,,,,,,,,
DL,41.1,D,5,76,,,,,,,,
DL,41.1,D,4,80,77,,,,,,,
DL,41.1,D,3,82,,,,,,,,
DL,41.1,D,2,74,,,,,,,,
DL,41.1,D,1,75,,,,,,,,
DL,41.2,A,6,21,,,,,,,,
DL,41.2,A,5,20,32,,,,,,,
DL,41.2,A,4,22,,,,,,,,
DL,41.2,A,3,17,28,,,,,,,
DL,41.2,A,2,25,,,,,,,,
DL,41.2,A,1,29,,,,,,,,
DL,41.2,B,6,36,39,,,,,,,
DL,41.2,B,5,41,48,46,52,,,,,
DL,41.2,B,4,42,49,50,,,,,,
DL,41.2,B,3,37,45,,,,,,,
DL,41.2,B,2,40,47,,,,,,,
DL,41.2,B,1,43,35,,,,,,,
DL,41.2,C,6,63,58,53,,,,,,
DL,41.2,C,5,54,,,,,,,,
DL,41.2,C,4,57,,,,,,,,
DL,41.2,C,3,56,60,,,,,,,
DL,41.2,C,2,59,,,,,,,,
DL,41.2,C,1,61,,,,,,,,
DL,41.2,D,6,74,71,,,,,,,
DL,41.2,D,5,68,69,78,,,,,,
DL,41.2,D,4,72,,,,,,,,
DL,41.2,D,3,75,79,,,,,,,
DL,41.2,D,2,73,76,,,,,,,
DL,41.2,D,1,70,,,,,,,,
DL,42.1,A,6,14,16,24,,,,,,
DL,42.1,A,5,11,17,22,19,20,25,26,,
DL,42.1,A,4,18,27,,,,,,,
DL,42.1,A,3,10,,,,,,,,
DL,42.1,A,2,21,,,,,,,,
DL,42.1,A,1,15,23,,,,,,,
DL,42.1,B,6,33,,,,,,,,
DL,42.1,B,5,41,42,37,,,,,,
DL,42.1,B,4,40,,,,,,,,
DL,42.1,B,3,35,32,,,,,,,
DL,42.1,B,2,31,34,,,,,,,
DL,42.1,B,1,30,38,39,,,,,,
DL,42.1,C,6,54,,,,,,,,
DL,42.1,C,5,55,60,,,,,,,
DL,42.1,C,4,46,57,53,,,,,,
DL,42.1,C,3,56,,,,,,,,
DL,42.1,C,2,52,,,,,,,,
DL,42.1,C,1,58,51,61,59,44,43,,,
DL,42.1,D,6,67,68,,,,,,,
DL,42.1,D,5,75,,,,,,,,
DL,42.1,D,4,64,72,74,,,,,,
DL,42.1,D,3,71,73,,,,,,,
DL,42.1,D,2,69,,,,,,,,
DL,42.1,D,1,65,,,,,,,,
DL,42.2,A,6,8,,,,,,,,
DL,42.2,A,5,4,3,9,,,,,,
DL,42.2,A,4,1,6,,,,,,,
DL,42.2,A,3,5,,,,,,,,
DL,42.2,A,2,7,,,,,,,,
DL,42.2,A,1,10,12,,,,,,,
DL,42.2,B,6,15,,,,,,,,
DL,42.2,B,5,23,,,,,,,,
DL,42.2,B,4,19,,,,,,,,
DL,42.2,B,3,20,22,,,,,,,
DL,42.2,B,2,17,18,,,,,,,
DL,42.2,B,1,21,26,25,24,,,,,
DL,42.2,C,6,31,,,,,,,,
DL,42.2,C,5,35,29,,,,,,,
DL,42.2,C,4,30,,,,,,,,
DL,42.2,C,3,36,,,,,,,,
DL,42.2,C,2,33,37,,,,,,,
DL,42.2,C,1,34,32,,,,,,,
DL,42.2,D,6,40,46,49,,,,,,
DL,42.2,D,5,38,39,41,,,,,,
DL,42.2,D,4,44,,,,,,,,
DL,42.2,D,3,42,,,,,,,,
DL,42.2,D,2,48,50,,,,,,,
DL,42.2,D,1,47,43,,,,,,,
DL,43.1,A,6,2,4,9,17,,,,,
DL,43.1,A,5,14,10,5,,,,,,
DL,43.1,A,4,7,8,16,21,,,,,
DL,43.1,A,3,6,13,18,,,,,,
DL,43.1,A,2,11,19,,,,,,,
DL,43.1,A,1,12,15,20,22,,,,,
DL,43.1,B,6,24,26,37,,,,,,
DL,43.1,B,5,34,35,,,,,,,
DL,43.1,B,4,23,27,32,,,,,,
DL,43.1,B,3,29,,,,,,,,
DL,43.1,B,2,31,30,,,,,,,
DL,43.1,B,1,33,28,25,,,,,,
DL,43.1,C,6,47,48,,,,,,,
DL,43.1,C,5,40,45,,,,,,,
DL,43.1,C,4,42,39,46,,,,,,
DL,43.1,C,3,41,,,,,,,,
DL,43.1,C,2,44,51,50,52,,,,,
DL,43.1,C,1,49,43,,,,,,,
DL,43.1,D,6,54,57,,,,,,,
DL,43.1,D,5,64,,,,,,,,
DL,43.1,D,4,61,,,,,,,,
DL,43.1,D,3,59,,,,,,,,
DL,43.1,D,2,55,56,62,,,,,,
DL,43.1,D,1,58,,,,,,,,
DL,43.2,A,6,7,4,,,,,,,
DL,43.2,A,5,,,,,,,,,
DL,43.2,A,4,5,,,,,,,,
DL,43.2,A,3,6,,,,,,,,
DL,43.2,A,2,3,8,,,,,,,
DL,43.2,A,1,9,10,,,,,,,
DL,43.2,B,6,43,22,,,,,,,
DL,43.2,B,5,,,,,,,,,
DL,43.2,B,4,17,,,,,,,,
DL,43.2,B,3,20,24,,,,,,,
DL,43.2,B,2,16,21,,,,,,,
DL,43.2,B,1,19,23,18,,,,,,
DL,43.2,C,6,28,,,,,,,,
DL,43.2,C,5,27,29,,,,,,,
DL,43.2,C,4,35,,,,,,,,
DL,43.2,C,3,30,33,,,,,,,
DL,43.2,C,2,31,26,,,,,,,
DL,43.2,C,1,34,32,,,,,,,
DL,43.2,D,6,36,41,39,,,,,,
DL,43.2,D,5,,,,,,,,,
DL,43.2,D,4,37,,,,,,,,
DL,43.2,D,3,38,,,,,,,,
DL,43.2,D,2,42,,,,,,,,
DL,43.2,D,1,40,,,,,,,,
DL,44.1,A,6,9,,,,,,,,
DL,44.1,A,5,8,6,11,15,,,,,
DL,44.1,A,4,12,,,,,,,,
DL,44.1,A,3,17,14,,,,,,,
DL,44.1,A,2,5,7,10,16,,,,,
DL,44.1,A,1,4,13,,,,,,,
DL,44.1,B,6,42,43,40,38,33,,,,
DL,44.1,B,5,39,37,19,,,,,,
DL,44.1,B,4,31,,,,,,,,
DL,44.1,B,3,30,26,,,,,,,
DL,44.1,B,2,20,32,,,,,,,
DL,44.1,B,1,29,,,,,,,,
DL,44.1,C,6,55,61,49,,,,,,
DL,44.1,C,5,59,51,58,,,,,,
DL,44.1,C,4,65,,,,,,,,
DL,44.1,C,3,53,63,,,,,,,
DL,44.1,C,2,62,66,50,,,,,,
DL,44.1,C,1,47,57,69,,,,,,
DL,44.1,D,6,82,,,,,,,,
DL,44.1,D,5,81,85,89,,,,,,
DL,44.1,D,4,87,,,,,,,,
DL,44.1,D,3,86,83,78,,,,,,
DL,44.1,D,2,84,92,,,,,,,
DL,44.1,D,1,90,88,,,,,,,
DL,44.2,A,6,10,,,,,,,,
DL,44.2,A,5,6,,,,,,,,
DL,44.2,A,4,8,2,,,,,,,
DL,44.2,A,3,5,,,,,,,,
DL,44.2,A,2,7,4,11,,,,,,
DL,44.2,A,1,3,9,12,,,,,,
DL,44.2,B,6,20,24,,,,,,,
DL,44.2,B,5,16,17,21,28,,,,,
DL,44.2,B,4,15,23,,,,,,,
DL,44.2,B,3,22,27,29,,,,,,
DL,44.2,B,2,19,25,,,,,,,
DL,44.2,B,1,18,26,,,,,,,
DL,44.2,C,6,32,38,,,,,,,
DL,44.2,C,5,39,46,,,,,,,
DL,44.2,C,4,36,,,,,,,,
DL,44.2,C,3,35,40,,,,,,,
DL,44.2,C,2,44,45,,,,,,,
DL,44.2,C,1,49,30,33,34,37,,,,
DL,44.2,D,6,54,,,,,,,,
DL,44.2,D,5,58,53,,,,,,,
DL,44.2,D,4,66,69,,,,,,,
DL,44.2,D,3,67,74,,,,,,,
DL,44.2,D,2,55,65,,,,,,,
DL,44.2,D,1,63,70,,,,,,,
DL,45.1,A,6,15,25,,,,,,,
DL,45.1,A,5,6,19,23,,,,,,
DL,45.1,A,4,11,10,9,,,,,,
DL,45.1,A,3,12,16,,,,,,,
DL,45.1,A,2,14,17,20,22,,,,,
DL,45.1,A,1,21,18,13,24,,,,,
DL,45.1,B,6,34,31,27,,,,,,
DL,45.1,B,5,38,36,,,,,,,
DL,45.1,B,4,35,,,,,,,,
DL,45.1,B,3,32,,,,,,,,
DL,45.1,B,2,28,,,,,,,,
DL,45.1,B,1,29,37,,,,,,,
DL,45.1,C,6,41,42,43,49,,,,,
DL,45.1,C,5,51,52,,,,,,,
DL,45.1,C,4,45,44,,,,,,,
DL,45.1,C,3,47,,,,,,,,
DL,45.1,C,2,48,,,,,,,,
DL,45.1,C,1,46,,,,,,,,
DL,45.1,D,6,61,68,,,,,,,
DL,45.1,D,5,58,60,66,,,,,,
DL,45.1,D,4,55,59,67,,,,,,
DL,45.1,D,3,62,64,63,,,,,,
DL,45.1,D,2,54,,,,,,,,
DL,45.1,D,1,65,56,57,,,,,,
DL,45.2,A,6,6,,,,,,,,
DL,45.2,A,5,2,9,14,,,,,,
DL,45.2,A,4,15,16,,,,,,,
DL,45.2,A,3,7,11,13,,,,,,
DL,45.2,A,2,3,5,,,,,,,
DL,45.2,A,1,8,10,17,,,,,,
DL,45.2,B,6,,,,,,,,,
DL,45.2,B,5,29,33,34,,,,,,
DL,45.2,B,4,28,31,32,,,,,,
DL,45.2,B,3,25,27,,,,,,,
DL,45.2,B,2,21,22,24,,,,,,
DL,45.2,B,1,26,,,,,,,,
DL,45.2,C,6,40,44,51,,,,,,
DL,45.2,C,5,36,46,47,,,,,,
DL,45.2,C,4,43,45,,,,,,,
DL,45.2,C,3,48,,,,,,,,
DL,45.2,C,2,39,,,,,,,,
DL,45.2,C,1,41,49,,,,,,,
DL,45.2,D,6,56,59,63,,,,,,
DL,45.2,D,5,54,62,,,,,,,
DL,45.2,D,4,66,,,,,,,,
DL,45.2,D,3,55,60,57,,,,,,
DL,45.2,D,2,53,,,,,,,,
DL,45.2,D,1,65,58,,,,,,,
DL,46.1,A,6,9,,,,,,,,
DL,46.1,A,5,18,,,,,,,,
DL,46.1,A,4,8,14,13,,,,,,
DL,46.1,A,3,22,28,29,25,,,,,
DL,46.1,A,2,11,23,17,26,,,,,
DL,46.1,A,1,6,,,,,,,,
DL,46.1,B,6,40,118,,,,,,,
DL,46.1,B,5,43,52,,,,,,,
DL,46.1,B,4,46,44,,,,,,,
DL,46.1,B,3,49,,,,,,,,
DL,46.1,B,2,39,53,,,,,,,
DL,46.1,B,1,51,,,,,,,,
DL,46.1,C,6,70,74,77,,,,,,
DL,46.1,C,5,66,,,,,,,,
DL,46.1,C,4,64,67,65,,,,,,
DL,46.1,C,3,72,75,,,,,,,
DL,46.1,C,2,68,,,,,,,,
DL,46.1,C,1,61,69,,,,,,,
DL,46.1,D,6,100,,,,,,,,
DL,46.1,D,5,89,,,,,,,,
DL,46.1,D,4,95,103,,,,,,,
DL,46.1,D,3,96,11,,,,,,,
DL,46.1,D,2,86,94,,,,,,,
DL,46.1,D,1,91,97,105,,,,,,
DL,46.2,A,6,14,,,,,,,,
DL,46.2,A,5,19,,,,,,,,
DL,46.2,A,4,18,,,,,,,,
DL,46.2,A,3,15,17,,,,,,,
DL,46.2,A,2,16,,,,,,,,
DL,46.2,A,1,12,,,,,,,,
DL,46.2,B,6,32,34,,,,,,,
DL,46.2,B,5,35,,,,,,,,
DL,46.2,B,4,31,,,,,,,,
DL,46.2,B,3,26,25,,,,,,,
DL,46.2,B,2,28,,,,,,,,
DL,46.2,B,1,33,29,,,,,,,
DL,46.2,C,6,48,53,,,,,,,
DL,46.2,C,5,52,,,,,,,,
DL,46.2,C,4,47,49,,,,,,,
DL,46.2,C,3,50,,,,,,,,
DL,46.2,C,2,54,,,,,,,,
DL,46.2,C,1,51,,,,,,,,
DL,46.2,D,6,66,75,,,,,,,
DL,46.2,D,5,61,,,,,,,,
DL,46.2,D,4,69,68,,,,,,,
DL,46.2,D,3,62,59,63,,,,,,
DL,46.2,D,2,73,74,,,,,,,
DL,46.2,D,1,71,78,,,,,,,
DL,47.1,A,6,18,19,26,33,,,,,
DL,47.1,A,5,24,32,,,,,,,
DL,47.1,A,4,39,40,,,,,,,
DL,47.1,A,3,34,29,30,,,,,,
DL,47.1,A,2,23,10,,,,,,,
DL,47.1,A,1,28,,,,,,,,
DL,47.1,B,6,57,68,,,,,,,
DL,47.1,B,5,55,64,,,,,,,
DL,47.1,B,4,61,62,,,,,,,
DL,47.1,B,3,60,53,59,,,,,,
DL,47.1,B,2,52,63,,,,,,,
DL,47.1,B,1,58,,,,,,,,
DL,47.1,C,6,76,85,105,,,,,,
DL,47.1,C,5,79,,,,,,,,
DL,47.1,C,4,82,89,91,96,,,,,
DL,47.1,C,3,100,92,,,,,,,
DL,47.1,C,2,81,,,,,,,,
DL,47.1,C,1,77,86,83,,,,,,
DL,47.1,D,6,119,121,132,,,,,,
DL,47.1,D,5,130,,,,,,,,
DL,47.1,D,4,138,,,,,,,,
DL,47.1,D,3,128,137,,,,,,,
DL,47.1,D,2,123,139,131,,,,,,
DL,47.1,D,1,125,126,135,,,,,,
DL,47.2,A,6,14,20,,,,,,,
DL,47.2,A,5,25,,,,,,,,
DL,47.2,A,4,32,28,34,,,,,,
DL,47.2,A,3,15,17,,,,,,,
DL,47.2,A,2,22,37,42,,,,,,
DL,47.2,A,1,26,,,,,,,,
DL,47.2,B,6,47,58,,,,,,,
DL,47.2,B,5,57,63,,,,,,,
DL,47.2,B,4,56,50,52,54,,,,,
DL,47.2,B,3,55,,,,,,,,
DL,47.2,B,2,61,67,70,74,,,,,
DL,47.2,B,1,62,60,,,,,,,
DL,47.2,C,6,86,99,,,,,,,
DL,47.2,C,5,84,98,,,,,,,
DL,47.2,C,4,90,100,102,,,,,,
DL,47.2,C,3,83,96,94,,,,,,
DL,47.2,C,2,89,103,,,,,,,
DL,47.2,C,1,91,106,,,,,,,
DL,47.2,D,6,116,118,,,,,,,
DL,47.2,D,5,113,,,,,,,,
DL,47.2,D,4,119,120,121,,,,,,
DL,47.2,D,3,117,,,,,,,,
DL,47.2,D,2,115,,,,,,,,
DL,47.2,D,1,114,,,,,,,,
DL,48.1,A,6,11,13,,,,,,,
DL,48.1,A,5,10,,,,,,,,
DL,48.1,A,4,4,,,,,,,,
DL,48.1,A,3,,,,,,,,,
DL,48.1,A,2,7,12,,,,,,,
DL,48.1,A,1,5,6,9,8,,,,,
DL,48.1,B,6,20,28,29,,,,,,
DL,48.1,B,5,25,,,,,,,,
DL,48.1,B,4,23,,,,,,,,
DL,48.1,B,3,27,32,35,26,,,,,
DL,48.1,B,2,21,33,34,,,,,,
DL,48.1,B,1,24,30,,,,,,,
DL,48.1,C,6,39,41,42,48,,,,,
DL,48.1,C,5,46,,,,,,,,
DL,48.1,C,4,43,,,,,,,,
DL,48.1,C,3,40,44,,,,,,,
DL,48.1,C,2,47,49,50,,,,,,
DL,48.1,C,1,45,,,,,,,,
DL,48.1,D,6,64,67,,,,,,,
DL,48.1,D,5,62,,,,,,,,
DL,48.1,D,4,63,,,,,,,,
DL,48.1,D,3,68,,,,,,,,
DL,48.1,D,2,58,69,,,,,,,
DL,48.1,D,1,65,71,,,,,,,
DL,48.2,A,6,11,13,,,,,,,
DL,48.2,A,5,9,5,,,,,,,
DL,48.2,A,4,6,,,,,,,,
DL,48.2,A,3,12,,,,,,,,
DL,48.2,A,2,10,,,,,,,,
DL,48.2,A,1,8,14,,,,,,,
DL,48.2,B,6,19,23,,,,,,,
DL,48.2,B,5,22,17,,,,,,,
DL,48.2,B,4,20,16,,,,,,,
DL,48.2,B,3,24,25,26,,,,,,
DL,48.2,B,2,18,,,,,,,,
DL,48.2,B,1,21,,,,,,,,
DL,48.2,C,6,32,38,,,,,,,
DL,48.2,C,5,30,37,,,,,,,
DL,48.2,C,4,29,34,,,,,,,
DL,48.2,C,3,33,35,,,,,,,
DL,48.2,C,2,31,39,,,,,,,
DL,48.2,C,1,36,,,,,,,,
DL,48.2,D,6,42,47,,,,,,,
DL,48.2,D,5,41,44,,,,,,,
DL,48.2,D,4,45,,,,,,,,
DL,48.2,D,3,,,,,,,,,
DL,48.2,D,2,40,43,46,,,,,,
DL,48.2,D,1,48,49,,,,,,,
DL,49.1,A,6,3,,,,,,,,
DL,49.1,A,5,8,9,,,,,,,
DL,49.1,A,4,7,11,17,,,,,,
DL,49.1,A,3,13,,,,,,,,
DL,49.1,A,2,10,14,,,,,,,
DL,49.1,A,1,12,15,16,,,,,,
DL,49.1,B,6,21,25,,,,,,,
DL,49.1,B,5,29,,,,,,,,
DL,49.1,B,4,23,28,36,,,,,,
DL,49.1,B,3,33,,,,,,,,
DL,49.1,B,2,22,27,,,,,,,
DL,49.1,B,1,24,30,35,31,32,,,,
DL,49.1,C,6,39,50,,,,,,,
DL,49.1,C,5,49,47,53,52,54,,,,
DL,49.1,C,4,41,,,,,,,,
DL,49.1,C,3,45,,,,,,,,
DL,49.1,C,2,48,,,,,,,,
DL,49.1,C,1,51,46,,,,,,,
DL,49.1,D,6,58,,,,,,,,
DL,49.1,D,5,63,64,,,,,,,
DL,49.1,D,4,60,59,66,,,,,,
DL,49.1,D,3,61,65,,,,,,,
DL,49.1,D,2,62,,,,,,,,
DL,49.1,D,1,67,,,,,,,,
DL,49.2,A,6,16,18,,,,,,,
DL,49.2,A,5,5,15,19,13,,,,,
DL,49.2,A,4,26,25,20,22,,,,,
DL,49.2,A,3,23,27,,,,,,,
DL,49.2,A,2,24,17,,,,,,,
DL,49.2,A,1,14,21,7,,,,,,
DL,49.2,B,6,64,65,,,,,,,
DL,49.2,B,5,52,41,53,54,60,,,,
DL,49.2,B,4,63,48,69,,,,,,
DL,49.2,B,3,62,,,,,,,,
DL,49.2,B,2,45,56,,,,,,,
DL,49.2,B,1,49,58,,,,,,,
DL,49.2,C,6,74,81,85,,,,,,
DL,49.2,C,5,83,,,,,,,,
DL,49.2,C,4,77,87,86,78,,,,,
DL,49.2,C,3,75,,,,,,,,
DL,49.2,C,2,73,80,,,,,,,
DL,49.2,C,1,82,79,,,,,,,
DL,49.2,D,6,101,105,,,,,,,
DL,49.2,D,5,98,99,,,,,,,
DL,49.2,D,4,102,,,,,,,,
DL,49.2,D,3,103,,,,,,,,
DL,49.2,D,2,104,107,,,,,,,
DL,49.2,D,1,106,109,,,,,,,
DL,50.1,A,6,11,,,,,,,,
DL,50.1,A,5,5,14,,,,,,,
DL,50.1,A,4,15,,,,,,,,
DL,50.1,A,3,16,12,7,,,,,,
DL,50.1,A,2,6,,,,,,,,
DL,50.1,A,1,8,13,,,,,,,
DL,50.1,B,6,26,,,,,,,,
DL,50.1,B,5,20,,,,,,,,
DL,50.1,B,4,28,29,,,,,,,
DL,50.1,B,3,22,24,,,,,,,
DL,50.1,B,2,27,,,,,,,,
DL,50.1,B,1,30,25,,,,,,,
DL,50.1,C,6,35,,,,,,,,
DL,50.1,C,5,32,37,34,,,,,,
DL,50.1,C,4,38,,,,,,,,
DL,50.1,C,3,36,,,,,,,,
DL,50.1,C,2,33,41,,,,,,,
DL,50.1,C,1,42,31,39,,,,,,
DL,50.1,D,6,50,,,,,,,,
DL,50.1,D,5,53,,,,,,,,
DL,50.1,D,4,45,51,,,,,,,
DL,50.1,D,3,48,,,,,,,,
DL,50.1,D,2,52,,,,,,,,
DL,50.1,D,1,47,,,,,,,,
DL,50.2,A,6,10,17,19,,,,,,
DL,50.2,A,5,8,5,,,,,,,
DL,50.2,A,4,13,,,,,,,,
DL,50.2,A,3,2,,,,,,,,
DL,50.2,A,2,11,9,,,,,,,
DL,50.2,A,1,7,4,16,,,,,,
DL,50.2,B,6,33,,,,,,,,
DL,50.2,B,5,24,28,,,,,,,
DL,50.2,B,4,30,32,35,,,,,,
DL,50.2,B,3,23,,,,,,,,
DL,50.2,B,2,40,,,,,,,,
DL,50.2,B,1,31,34,29,,,,,,
DL,50.2,C,6,53,56,,,,,,,
DL,50.2,C,5,46,,,,,,,,
DL,50.2,C,4,51,,,,,,,,
DL,50.2,C,3,55,,,,,,,,
DL,50.2,C,2,50,59,,,,,,,
DL,50.2,C,1,57,47,,,,,,,
DL,50.2,D,6,76,79,,,,,,,
DL,50.2,D,5,66,80,,,,,,,
DL,50.2,D,4,71,73,75,,,,,,
DL,50.2,D,3,67,74,,,,,,,
DL,50.2,D,2,69,77,,,,,,,
DL,50.2,D,1,81,,,,,,,,
DL,20.1,A,6,2,,,,,,,,
DL,20.1,A,5,7,4,,,,,,,
DL,20.1,A,4,5,,,,,,,,
DL,20.1,A,3,3,,,,,,,,
DL,20.1,A,2,8,,,,,,,,
DL,20.1,A,1,1,,,,,,,,
DL,20.1,B,6,10,14,,,,,,,
DL,20.1,B,5,9,,,,,,,,
DL,20.1,B,4,13,,,,,,,,
DL,20.1,B,3,16,,,,,,,,
DL,20.1,B,2,11,,,,,,,,
DL,20.1,B,1,12,15,,,,,,,
DL,20.1,C,6,20,23,,,,,,,
DL,20.1,C,5,22,,,,,,,,
DL,20.1,C,4,21,,,,,,,,
DL,20.1,C,3,18,,,,,,,,
DL,20.1,C,2,17,,,,,,,,
DL,20.1,C,1,19,,,,,,,,
DL,20.1,D,6,26,27,,,,,,,
DL,20.1,D,5,33,34,,,,,,,
DL,20.1,D,4,29,,,,,,,,
DL,20.1,D,3,28,,,,,,,,
DL,20.1,D,2,30,,,,,,,,
DL,20.1,D,1,25,,,,,,,,
DL,20.2,A,6,6,,,,,,,,
DL,20.2,A,5,10,,,,,,,,
DL,20.2,A,4,9,,,,,,,,
DL,20.2,A,3,12,7,11,,,,,,
DL,20.2,A,2,8,11,13,,,,,,
DL,20.2,A,1,5,,,,,,,,
DL,20.2,B,6,21,23,,,,,,,
DL,20.2,B,5,15,19,22,,,,,,
DL,20.2,B,4,14,,,,,,,,
DL,20.2,B,3,18,17,,,,,,,
DL,20.2,B,2,20,,,,,,,,
DL,20.2,B,1,16,,,,,,,,
DL,20.2,C,6,24,28,,,,,,,
DL,20.2,C,5,27,,,,,,,,
DL,20.2,C,4,25,31,,,,,,,
DL,20.2,C,3,30,26,,,,,,,
DL,20.2,C,2,32,,,,,,,,
DL,20.2,C,1,29,,,,,,,,
DL,20.2,D,6,43,49,46,,,,,,
DL,20.2,D,5,51,,,,,,,,
DL,20.2,D,4,42,47,,,,,,,
DL,20.2,D,3,45,48,,,,,,,
DL,20.2,D,2,39,,,,,,,,
DL,20.2,D,1,44,,,,,,,,
SP,21.1,D,6,51,56,58,,,,,,
SP,21.1,D,5,55,62,,,,,,,
SP,21.1,D,4,50,52,,,,,,,
SP,21.1,D,3,54,63,60,,,,,,
SP,21.1,D,2,59,,,,,,,,
SP,21.1,D,1,57,53,,,,,,,
SP,21.1,C,6,29,38,,,,,,,
SP,21.1,C,5,33,32,30,,,,,,
SP,21.1,C,4,31,43,,,,,,,
SP,21.1,C,3,37,44,,,,,,,
SP,21.1,C,2,35,40,,,,,,,
SP,21.1,C,1,28,,,,,,,,
SP,21.1,B,6,NA,,,,,,,,
SP,21.1,B,5,17,16,,,,,,,
SP,21.1,B,4,76,24,23,,,,,,
SP,21.1,B,3,22,25,,,,,,,
SP,21.1,B,2,15,,,,,,,,
SP,21.1,B,1,20,19,,,,,,,
SP,21.1,A,6,NA,,,,,,,,
SP,21.1,A,5,6,,,,,,,,
SP,21.1,A,4,5,10,,,,,,,
SP,21.1,A,3,7,11,,,,,,,
SP,21.1,A,2,4,,,,,,,,
SP,21.1,A,1,8,,,,,,,,
SP,21.2,D,6,NA,,,,,,,,
SP,21.2,D,5,75,76,80,,,,,,
SP,21.2,D,4,NA,,,,,,,,
SP,21.2,D,3,74,,,,,,,,
SP,21.2,D,2,82,83,,,,,,,
SP,21.2,D,1,79,,,,,,,,
SP,21.2,C,6,61,66,,,,,,,
SP,21.2,C,5,68,,,,,,,,
SP,21.2,C,4,60,63,,,,,,,
SP,21.2,C,3,71,70,,,,,,,
SP,21.2,C,2,62,,,,,,,,
SP,21.2,C,1,67,,,,,,,,
SP,21.2,B,6,50,56,,,,,,,
SP,21.2,B,5,47,,,,,,,,
SP,21.2,B,4,52,54,,,,,,,
SP,21.2,B,3,49,,,,,,,,
SP,21.2,B,2,53,,,,,,,,
SP,21.2,B,1,51,55,57,,,,,,
SP,21.2,A,6,30,,,,,,,,
SP,21.2,A,5,36,,,,,,,,
SP,21.2,A,4,26,37,38,,,,,,
SP,21.2,A,3,28,34,5,,,,,,
SP,21.2,A,2,24,43,,,,,,,
SP,21.2,A,1,39,,,,,,,,
SP,22.1,D,6,72,83,,,,,,,
SP,22.1,D,5,77,81,84,74,,,,,
SP,22.1,D,4,80,82,,,,,,,
SP,22.1,D,3,78,,,,,,,,
SP,22.1,D,2,75,,,,,,,,
SP,22.1,D,1,79,,,,,,,,
SP,22.1,C,6,61,63,,,,,,,
SP,22.1,C,5,102,103,,,,,,,
SP,22.1,C,4,45,,,,,,,,
SP,22.1,C,3,48,55,57,,,,,,
SP,22.1,C,2,56,,,,,,,,
SP,22.1,C,1,51,,,,,,,,
SP,22.1,B,6,33,,,,,,,,
SP,22.1,B,5,38,,,,,,,,
SP,22.1,B,4,37,40,,,,,,,
SP,22.1,B,3,35,,,,,,,,
SP,22.1,B,2,39,,,,,,,,
SP,22.1,B,1,34,,,,,,,,
SP,22.1,A,6,13,,,,,,,,
SP,22.1,A,5,15,,,,,,,,
SP,22.1,A,4,20,21,,,,,,,
SP,22.1,A,3,25,26,,,,,,,
SP,22.1,A,2,19,22,,,,,,,
SP,22.1,A,1,24,,,,,,,,
SP,22.2,D,6,87,90,,,,,,,
SP,22.2,D,5,93,84,,,,,,,
SP,22.2,D,4,92,91,,,,,,,
SP,22.2,D,3,94,,,,,,,,
SP,22.2,D,2,95,,,,,,,,
SP,22.2,D,1,83,96,,,,,,,
SP,22.2,C,6,55,59,69,,,,,,
SP,22.2,C,5,67,64,73,,,,,,
SP,22.2,C,4,60,72,,,,,,,
SP,22.2,C,3,53,,,,,,,,
SP,22.2,C,2,63,,,,,,,,
SP,22.2,C,1,65,,,,,,,,
SP,22.2,B,6,37,,,,,,,,
SP,22.2,B,5,45,,,,,,,,
SP,22.2,B,4,40,49,121,,,,,,
SP,22.2,B,3,35,47,43,,,,,,
SP,22.2,B,2,39,,,,,,,,
SP,22.2,B,1,36,42,,,,,,,
SP,22.2,A,6,NA,,,,,,,,
SP,22.2,A,5,9,,,,,,,,
SP,22.2,A,4,17,20,,,,,,,
SP,22.2,A,3,18,13,,,,,,,
SP,22.2,A,2,14,,,,,,,,
SP,22.2,A,1,21,8,,,,,,,
SP,23.1,D,6,85,103,,,,,,,
SP,23.1,D,5,80,83,,,,,,,
SP,23.1,D,4,81,87,,,,,,,
SP,23.1,D,3,89,,,,,,,,
SP,23.1,D,2,86,91,,,,,,,
SP,23.1,D,1,82,,,,,,,,
SP,23.1,C,6,65,,,,,,,,
SP,23.1,C,5,69,68,,,,,,,
SP,23.1,C,4,66,,,,,,,,
SP,23.1,C,3,73,,,,,,,,
SP,23.1,C,2,67,71,64,,,,,,
SP,23.1,C,1,63,,,,,,,,
SP,23.1,B,6,47,104,105,,,,,,
SP,23.1,B,5,44,46,49,51,,,,,
SP,23.1,B,4,52,53,,,,,,,
SP,23.1,B,3,48,50,,,,,,,
SP,23.1,B,2,55,,,,,,,,
SP,23.1,B,1,43,,,,,,,,
SP,23.1,A,6,5,19,27,,,,,,
SP,23.1,A,5,17,24,29,34,,,,,
SP,23.1,A,4,26,,,,,,,,
SP,23.1,A,3,21,,,,,,,,
SP,23.1,A,2,20,28,,,,,,,
SP,23.1,A,1,35,,,,,,,,
SP,23.2,D,6,55,64,65,,,,,,
SP,23.2,D,5,53,56,60,,,,,,
SP,23.2,D,4,51,57,,,,,,,
SP,23.2,D,3,58,62,,,,,,,
SP,23.2,D,2,48,67,,,,,,,
SP,23.2,D,1,50,61,,,,,,,
SP,23.2,C,6,35,43,,,,,,,
SP,23.2,C,5,30,31,,,,,,,
SP,23.2,C,4,32,37,,,,,,,
SP,23.2,C,3,36,40,,,,,,,
SP,23.2,C,2,39,,,,,,,,
SP,23.2,C,1,38,44,46,,,,,,
SP,23.2,B,6,25,,,,,,,,
SP,23.2,B,5,15,19,,,,,,,
SP,23.2,B,4,14,22,,,,,,,
SP,23.2,B,3,16,20,18,,,,,,
SP,23.2,B,2,23,26,,,,,,,
SP,23.2,B,1,24,27,21,,,,,,
SP,23.2,A,6,5,,,,,,,,
SP,23.2,A,5,10,11,,,,,,,
SP,23.2,A,4,12,8,,,,,,,
SP,23.2,A,3,6,9,,,,,,,
SP,23.2,A,2,7,,,,,,,,
SP,23.2,A,1,3,,,,,,,,
SP,24.1,D,6,50,56,,,,,,,
SP,24.1,D,5,46,63,,,,,,,
SP,24.1,D,4,49,45,,,,,,,
SP,24.1,D,3,51,,,,,,,,
SP,24.1,D,2,NA,,,,,,,,
SP,24.1,D,1,61,,,,,,,,
SP,24.1,C,6,37,,,,,,,,
SP,24.1,C,5,38,42,,,,,,,
SP,24.1,C,4,43,44,,,,,,,
SP,24.1,C,3,39,,,,,,,,
SP,24.1,C,2,NA,,,,,,,,
SP,24.1,C,1,40,,,,,,,,
SP,24.1,B,6,23,30,,,,,,,
SP,24.1,B,5,29,,,,,,,,
SP,24.1,B,4,25,24,28,,,,,,
SP,24.1,B,3,36,,,,,,,,
SP,24.1,B,2,NA,,,,,,,,
SP,24.1,B,1,27,35,,,,,,,
SP,24.1,A,6,11,15,,,,,,,
SP,24.1,A,5,4,7,,,,,,,
SP,24.1,A,4,3,5,10,,,,,,
SP,24.1,A,3,NA,,,,,,,,
SP,24.1,A,2,13,,,,,,,,
SP,24.1,A,1,8,14,,,,,,,
SP,24.2,D,6,36,39,44,,,,,,
SP,24.2,D,5,34,42,,,,,,,
SP,24.2,D,4,37,43,,,,,,,
SP,24.2,D,3,38,46,49,,,,,,
SP,24.2,D,2,NA,,,,,,,,
SP,24.2,D,1,35,,,,,,,,
SP,24.2,C,6,21,,,,,,,,
SP,24.2,C,5,24,,,,,,,,
SP,24.2,C,4,23,25,29,,,,,,
SP,24.2,C,3,22,,,,,,,,
SP,24.2,C,2,NA,,,,,,,,
SP,24.2,C,1,26,27,,,,,,,
SP,24.2,B,6,17,,,,,,,,
SP,24.2,B,5,20,,,,,,,,
SP,24.2,B,4,14,,,,,,,,
SP,24.2,B,3,15,,,,,,,,
SP,24.2,B,2,NA,,,,,,,,
SP,24.2,B,1,16,,,,,,,,
SP,24.2,A,6,10,,,,,,,,
SP,24.2,A,5,9,13,,,,,,,
SP,24.2,A,4,4,8,,,,,,,
SP,24.2,A,3,NA,,,,,,,,
SP,24.2,A,2,NA,,,,,,,,
SP,24.2,A,1,6,,,,,,,,
SP,25.1,D,6,35,36,41,42,,,,,
SP,25.1,D,5,40,,,,,,,,
SP,25.1,D,4,NA,,,,,,,,
SP,25.1,D,3,34,39,,,,,,,
SP,25.1,D,2,37,,,,,,,,
SP,25.1,D,1,32,33,,,,,,,
SP,25.1,C,6,26,30,21,,,,,,
SP,25.1,C,5,23,,,,,,,,
SP,25.1,C,4,NA,,,,,,,,
SP,25.1,C,3,29,,,,,,,,
SP,25.1,C,2,25,,,,,,,,
SP,25.1,C,1,24,27,28,31,22,,,,
SP,25.1,B,6,14,,,,,,,,
SP,25.1,B,5,NA,,,,,,,,
SP,25.1,B,4,19,,,,,,,,
SP,25.1,B,3,18,20,,,,,,,
SP,25.1,B,2,15,,,,,,,,
SP,25.1,B,1,13,,,,,,,,
SP,25.1,A,6,7,,,,,,,,
SP,25.1,A,5,5,,,,,,,,
SP,25.1,A,4,4,,,,,,,,
SP,25.1,A,3,9,,,,,,,,
SP,25.1,A,2,6,,,,,,,,
SP,25.1,A,1,3,8,,,,,,,
SP,25.2,D,6,39,41,,,,,,,
SP,25.2,D,5,38,,,,,,,,
SP,25.2,D,4,NA,,,,,,,,
SP,25.2,D,3,44,46,,,,,,,
SP,25.2,D,2,42,,,,,,,,
SP,25.2,D,1,45,,,,,,,,
SP,25.2,C,6,29,30,36,,,,,,
SP,25.2,C,5,31,,,,,,,,
SP,25.2,C,4,NA,,,,,,,,
SP,25.2,C,3,34,37,,,,,,,
SP,25.2,C,2,35,,,,,,,,
SP,25.2,C,1,32,,,,,,,,
SP,25.2,B,6,18,22,25,27,,,,,
SP,25.2,B,5,NA,,,,,,,,
SP,25.2,B,4,NA,,,,,,,,
SP,25.2,B,3,24,,,,,,,,
SP,25.2,B,2,20,,,,,,,,
SP,25.2,B,1,19,23,,,,,,,
SP,25.2,A,6,3,11,,,,,,,
SP,25.2,A,5,5,6,10,,,,,,
SP,25.2,A,4,NA,,,,,,,,
SP,25.2,A,3,8,,,,,,,,
SP,25.2,A,2,4,7,,,,,,,
SP,25.2,A,1,2,9,,,,,,,
SP,26.1,D,6,59,65,,,,,,,
SP,26.1,D,5,66,80,,,,,,,
SP,26.1,D,4,67,,,,,,,,
SP,26.1,D,3,69,,,,,,,,
SP,26.1,D,2,73,58,,,,,,,
SP,26.1,D,1,89,90,,,,,,,
SP,26.1,C,6,NA,,,,,,,,
SP,26.1,C,5,39,,,,,,,,
SP,26.1,C,4,49,,,,,,,,
SP,26.1,C,3,44,,,,,,,,
SP,26.1,C,2,51,,,,,,,,
SP,26.1,C,1,41,47,,,,,,,
SP,26.1,B,6,35,,,,,,,,
SP,26.1,B,5,26,,,,,,,,
SP,26.1,B,4,27,,,,,,,,
SP,26.1,B,3,25,,,,,,,,
SP,26.1,B,2,33,,,,,,,,
SP,26.1,B,1,30,23,,,,,,,
SP,26.1,A,6,6,7,13,,,,,,
SP,26.1,A,5,9,,,,,,,,
SP,26.1,A,4,11,10,,,,,,,
SP,26.1,A,3,4,,,,,,,,
SP,26.1,A,2,8,5,,,,,,,
SP,26.1,A,1,12,14,,,,,,,
SP,26.2,D,6,78,,,,,,,,
SP,26.2,D,5,79,,,,,,,,
SP,26.2,D,4,83,,,,,,,,
SP,26.2,D,3,84,,,,,,,,
SP,26.2,D,2,80,81,86,87,,,,,
SP,26.2,D,1,85,82,,,,,,,
SP,26.2,C,6,62,68,64,70,76,,,,
SP,26.2,C,5,61,60,,,,,,,
SP,26.2,C,4,71,74,,,,,,,
SP,26.2,C,3,57,,,,,,,,
SP,26.2,C,2,55,63,58,67,73,73,,,
SP,26.2,C,1,53,56,54,,,,,,
SP,26.2,B,6,34,39,,,,,,,
SP,26.2,B,5,37,38,44,,,,,,
SP,26.2,B,4,35,,,,,,,,
SP,26.2,B,3,33,,,,,,,,
SP,26.2,B,2,40,47,,,,,,,
SP,26.2,B,1,46,42,,,,,,,
SP,26.2,A,6,12,20,,,,,,,
SP,26.2,A,5,9,16,,,,,,,
SP,26.2,A,4,17,,,,,,,,
SP,26.2,A,3,15,18,,,,,,,
SP,26.2,A,2,13,6,,,,,,,
SP,26.2,A,1,24,22,5,,,,,,
SP,27.1,D,6,80,76,,,,,,,
SP,27.1,D,5,79,86,,,,,,,
SP,27.1,D,4,83,,,,,,,,
SP,27.1,D,3,82,,,,,,,,
SP,27.1,D,2,78,,,,,,,,
SP,27.1,D,1,81,,,,,,,,
SP,27.1,C,6,69,70,,,,,,,
SP,27.1,C,5,71,74,,,,,,,
SP,27.1,C,4,66,,,,,,,,
SP,27.1,C,3,62,,,,,,,,
SP,27.1,C,2,64,68,,,,,,,
SP,27.1,C,1,63,,,,,,,,
SP,27.1,B,6,50,54,41,,,,,,
SP,27.1,B,5,49,,,,,,,,
SP,27.1,B,4,39,44,53,59,46,,,,
SP,27.1,B,3,38,40,55,45,,,,,
SP,27.1,B,2,52,,,,,,,,
SP,27.1,B,1,56,61,,,,,,,
SP,27.1,A,6,17,30,,,,,,,
SP,27.1,A,5,16,33,,,,,,,
SP,27.1,A,4,12,35,,,,,,,
SP,27.1,A,3,15,23,,,,,,,
SP,27.1,A,2,26,,,,,,,,
SP,27.1,A,1,105,106,,,,,,,
SP,27.2,D,6,52,60,62,,,,,,
SP,27.2,D,5,53,,,,,,,,
SP,27.2,D,4,56,61,,,,,,,
SP,27.2,D,3,49,48,50,,,,,,
SP,27.2,D,2,47,55,,,,,,,
SP,27.2,D,1,46,51,54,,,,,,
SP,27.2,C,6,43,,,,,,,,
SP,27.2,C,5,42,,,,,,,,
SP,27.2,C,4,39,,,,,,,,
SP,27.2,C,3,36,40,41,,,,,,
SP,27.2,C,2,38,,,,,,,,
SP,27.2,C,1,35,,,,,,,,
SP,27.2,B,6,29,32,,,,,,,
SP,27.2,B,5,23,26,,,,,,,
SP,27.2,B,4,19,,,,,,,,
SP,27.2,B,3,24,20,,,,,,,
SP,27.2,B,2,21,22,30,,,,,,
SP,27.2,B,1,28,,,,,,,,
SP,27.2,A,6,16,17,,,,,,,
SP,27.2,A,5,7,15,,,,,,,
SP,27.2,A,4,10,18,,,,,,,
SP,27.2,A,3,6,9,,,,,,,
SP,27.2,A,2,14,,,,,,,,
SP,27.2,A,1,8,,,,,,,,
SP,28.1,D,6,54,,,,,,,,
SP,28.1,D,5,58,,,,,,,,
SP,28.1,D,4,56,,,,,,,,
SP,28.1,D,3,59,,,,,,,,
SP,28.1,D,2,61,63,,,,,,,
SP,28.1,D,1,60,57,64,,,,,,
SP,28.1,C,6,39,40,,,,,,,
SP,28.1,C,5,34,44,,,,,,,
SP,28.1,C,4,35,36,37,,,,,,
SP,28.1,C,3,46,43,,,,,,,
SP,28.1,C,2,42,45,,,,,,,
SP,28.1,C,1,48,41,47,,,,,,
SP,28.1,B,6,21,,,,,,,,
SP,28.1,B,5,23,19,25,,,,,,
SP,28.1,B,4,20,29,31,,,,,,
SP,28.1,B,3,24,32,,,,,,,
SP,28.1,B,2,27,,,,,,,,
SP,28.1,B,1,26,22,,,,,,,
SP,28.1,A,6,2,4,7,,,,,,
SP,28.1,A,5,10,,,,,,,,
SP,28.1,A,4,14,16,18,,,,,,
SP,28.1,A,3,6,12,,,,,,,
SP,28.1,A,2,11,,,,,,,,
SP,28.1,A,1,5,8,13,15,,,,,
SP,28.2,D,6,48,,,,,,,,
SP,28.2,D,5,47,50,,,,,,,
SP,28.2,D,4,49,46,,,,,,,
SP,28.2,D,3,54,,,,,,,,
SP,28.2,D,2,58,61,,,,,,,
SP,28.2,D,1,53,51,52,,,,,,
SP,28.2,C,6,36,42,,,,,,,
SP,28.2,C,5,28,32,,,,,,,
SP,28.2,C,4,40,30,,,,,,,
SP,28.2,C,3,33,,,,,,,,
SP,28.2,C,2,38,35,,,,,,,
SP,28.2,C,1,41,34,,,,,,,
SP,28.2,B,6,19,,,,,,,,
SP,28.2,B,5,23,27,,,,,,,
SP,28.2,B,4,17,20,,,,,,,
SP,28.2,B,3,21,,,,,,,,
SP,28.2,B,2,22,,,,,,,,
SP,28.2,B,1,18,24,,,,,,,
SP,28.2,A,6,3,,,,,,,,
SP,28.2,A,5,10,,,,,,,,
SP,28.2,A,4,6,9,,,,,,,
SP,28.2,A,3,13,15,16,,,,,,
SP,28.2,A,2,12,,,,,,,,
SP,28.2,A,1,11,14,,,,,,,
SP,29.1,D,6,60,77,,,,,,,
SP,29.1,D,5,58,59,,,,,,,
SP,29.1,D,4,69,,,,,,,,
SP,29.1,D,3,65,80,92,,,,,,
SP,29.1,D,2,61,67,,,,,,,
SP,29.1,D,1,89,70,63,,,,,,
SP,29.1,C,6,44,51,53,,,,,,
SP,29.1,C,5,43,,,,,,,,
SP,29.1,C,4,40,45,46,,,,,,
SP,29.1,C,3,49,48,52,,,,,,
SP,29.1,C,2,41,47,,,,,,,
SP,29.1,C,1,38,39,50,,,,,,
SP,29.1,B,6,29,,,,,,,,
SP,29.1,B,5,24,23,,,,,,,
SP,29.1,B,4,28,33,,,,,,,
SP,29.1,B,3,25,30,,,,,,,
SP,29.1,B,2,27,32,,,,,,,
SP,29.1,B,1,26,31,34,,,,,,
SP,29.1,A,6,10,,,,,,,,
SP,29.1,A,5,12,,,,,,,,
SP,29.1,A,4,13,,,,,,,,
SP,29.1,A,3,14,18,17,,,,,,
SP,29.1,A,2,15,20,,,,,,,
SP,29.1,A,1,19,21,,,,,,,
SP,29.2,D,6,85,91,,,,,,,
SP,29.2,D,5,87,,,,,,,,
SP,29.2,D,4,86,,,,,,,,
SP,29.2,D,3,80,84,89,,,,,,
SP,29.2,D,2,82,,,,,,,,
SP,29.2,D,1,79,94,,,,,,,
SP,29.2,C,6,58,68,,,,,,,
SP,29.2,C,5,60,59,72,,,,,,
SP,29.2,C,4,73,,,,,,,,
SP,29.2,C,3,62,63,65,69,,,,,
SP,29.2,C,2,67,70,,,,,,,
SP,29.2,C,1,61,71,,,,,,,
SP,29.2,B,6,35,43,,,,,,,
SP,29.2,B,5,39,32,,,,,,,
SP,29.2,B,4,50,101,102,,,,,,
SP,29.2,B,3,45,41,31,,,,,,
SP,29.2,B,2,42,47,46,,,,,,
SP,29.2,B,1,49,40,36,,,,,,
SP,29.2,A,6,7,14,16,,,,,,
SP,29.2,A,5,12,,,,,,,,
SP,29.2,A,4,17,,,,,,,,
SP,29.2,A,3,8,19,,,,,,,
SP,29.2,A,2,6,18,,,,,,,
SP,29.2,A,1,10,23,22,21,,,,,
SP,30.1,D,6,55,62,,,,,,,
SP,30.1,D,5,58,65,,,,,,,
SP,30.1,D,4,54,63,,,,,,,
SP,30.1,D,3,50,,,,,,,,
SP,30.1,D,2,52,56,59,64,,,,,
SP,30.1,D,1,51,60,,,,,,,
SP,30.1,C,6,35,39,37,,,,,,
SP,30.1,C,5,38,47,,,,,,,
SP,30.1,C,4,42,48,,,,,,,
SP,30.1,C,3,33,,,,,,,,
SP,30.1,C,2,40,36,44,46,,,,,
SP,30.1,C,1,34,41,45,,,,,,
SP,30.1,B,6,17,21,23,,,,,,
SP,30.1,B,5,29,27,31,,,,,,
SP,30.1,B,4,24,25,30,,,,,,
SP,30.1,B,3,19,,,,,,,,
SP,30.1,B,2,18,,,,,,,,
SP,30.1,B,1,20,22,26,,,,,,
SP,30.1,A,6,4,,,,,,,,
SP,30.1,A,5,5,10,15,,,,,,
SP,30.1,A,4,2,8,11,,,,,,
SP,30.1,A,3,12,14,,,,,,,
SP,30.1,A,2,9,,,,,,,,
SP,30.1,A,1,7,13,,,,,,,
SP,30.2,D,6,54,57,64,,,,,,
SP,30.2,D,5,63,61,,,,,,,
SP,30.2,D,4,51,59,66,,,,,,
SP,30.2,D,3,50,52,,,,,,,
SP,30.2,D,2,55,65,,,,,,,
SP,30.2,D,1,56,58,,,,,,,
SP,30.2,C,6,41,45,47,,,,,,
SP,30.2,C,5,33,34,36,,,,,,
SP,30.2,C,4,43,44,46,49,,,,,
SP,30.2,C,3,42,48,,,,,,,
SP,30.2,C,2,40,,,,,,,,
SP,30.2,C,1,35,39,38,,,,,,
SP,30.2,B,6,24,29,32,,,,,,
SP,30.2,B,5,22,28,,,,,,,
SP,30.2,B,4,25,30,,,,,,,
SP,30.2,B,3,19,20,,,,,,,
SP,30.2,B,2,21,31,,,,,,,
SP,30.2,B,1,23,27,,,,,,,
SP,30.2,A,6,4,6,11,,,,,,
SP,30.2,A,5,10,17,,,,,,,
SP,30.2,A,4,3,5,,,,,,,
SP,30.2,A,3,13,,,,,,,,
SP,30.2,A,2,12,9,,,,,,,
SP,30.2,A,1,7,14,,,,,,,
SP,31.1,D,6,72,73,,,,,,,
SP,31.1,D,5,66,71,,,,,,,
SP,31.1,D,4,69,70,62,,,,,,
SP,31.1,D,3,67,,,,,,,,
SP,31.1,D,2,68,,,,,,,,
SP,31.1,D,1,63,65,,,,,,,
SP,31.1,C,6,51,50,,,,,,,
SP,31.1,C,5,47,52,60,,,,,,
SP,31.1,C,4,56,55,58,,,,,,
SP,31.1,C,3,53,57,,,,,,,
SP,31.1,C,2,59,,,,,,,,
SP,31.1,C,1,49,,,,,,,,
SP,31.1,B,6,29,,,,,,,,
SP,31.1,B,5,37,33,,,,,,,
SP,31.1,B,4,36,39,42,,,,,,
SP,31.1,B,3,28,31,,,,,,,
SP,31.1,B,2,30,45,,,,,,,
SP,31.1,B,1,34,,,,,,,,
SP,31.1,A,6,9,14,18,,,,,,
SP,31.1,A,5,20,24,,,,,,,
SP,31.1,A,4,21,19,,,,,,,
SP,31.1,A,3,12,15,,,,,,,
SP,31.1,A,2,23,25,,,,,,,
SP,31.1,A,1,17,11,,,,,,,
SP,31.2,D,6,82,86,,,,,,,
SP,31.2,D,5,68,73,,,,,,,
SP,31.2,D,4,76,79,,,,,,,
SP,31.2,D,3,78,72,,,,,,,
SP,31.2,D,2,75,74,,,,,,,
SP,31.2,D,1,83,90,,,,,,,
SP,31.2,C,6,56,,,,,,,,
SP,31.2,C,5,57,65,61,66,,,,,
SP,31.2,C,4,53,62,,,,,,,
SP,31.2,C,3,54,,,,,,,,
SP,31.2,C,2,52,55,,,,,,,
SP,31.2,C,1,63,64,,,,,,,
SP,31.2,B,6,35,47,,,,,,,
SP,31.2,B,5,32,34,31,33,38,,,,
SP,31.2,B,4,41,,,,,,,,
SP,31.2,B,3,40,46,,,,,,,
SP,31.2,B,2,29,36,,,,,,,
SP,31.2,B,1,27,30,39,45,,,,,
SP,31.2,A,6,18,21,,,,,,,
SP,31.2,A,5,12,,,,,,,,
SP,31.2,A,4,8,22,,,,,,,
SP,31.2,A,3,9,14,13,,,,,,
SP,31.2,A,2,7,10,,,,,,,
SP,31.2,A,1,15,,,,,,,,
SP,32.1,D,6,55,61,66,,,,,,
SP,32.1,D,5,53,,,,,,,,
SP,32.1,D,4,56,60,,,,,,,
SP,32.1,D,3,52,,,,,,,,
SP,32.1,D,2,54,59,,,,,,,
SP,32.1,D,1,57,58,,,,,,,
SP,32.1,C,6,46,50,,,,,,,
SP,32.1,C,5,42,,,,,,,,
SP,32.1,C,4,47,,,,,,,,
SP,32.1,C,3,48,44,51,,,,,,
SP,32.1,C,2,49,,,,,,,,
SP,32.1,C,1,43,,,,,,,,
SP,32.1,B,6,33,32,40,,,,,,
SP,32.1,B,5,34,,,,,,,,
SP,32.1,B,4,36,35,41,,,,,,
SP,32.1,B,3,29,37,,,,,,,
SP,32.1,B,2,26,,,,,,,,
SP,32.1,B,1,38,39,,,,,,,
SP,32.1,A,6,17,15,,,,,,,
SP,32.1,A,5,24,25,,,,,,,
SP,32.1,A,4,20,23,,,,,,,
SP,32.1,A,3,16,22,,,,,,,
SP,32.1,A,2,18,,,,,,,,
SP,32.1,A,1,12,,,,,,,,
SP,32.2,D,6,60,57,,,,,,,
SP,32.2,D,5,48,62,,,,,,,
SP,32.2,D,4,47,,,,,,,,
SP,32.2,D,3,49,53,,,,,,,
SP,32.2,D,2,59,,,,,,,,
SP,32.2,D,1,61,63,,,,,,,
SP,32.2,C,6,29,40,,,,,,,
SP,32.2,C,5,39,42,43,,,,,,
SP,32.2,C,4,36,,,,,,,,
SP,32.2,C,3,38,37,34,,,,,,
SP,32.2,C,2,33,35,,,,,,,
SP,32.2,C,1,31,30,,,,,,,
SP,32.2,B,6,23,16,18,,,,,,
SP,32.2,B,5,20,,,,,,,,
SP,32.2,B,4,25,26,,,,,,,
SP,32.2,B,3,17,,,,,,,,
SP,32.2,B,2,21,,,,,,,,
SP,32.2,B,1,22,27,,,,,,,
SP,32.2,A,6,5,,,,,,,,
SP,32.2,A,5,2,,,,,,,,
SP,32.2,A,4,4,,,,,,,,
SP,32.2,A,3,1,,,,,,,,
SP,32.2,A,2,3,7,,,,,,,
SP,32.2,A,1,6,12,,,,,,,
SP,33.1,D,6,43,53,,,,,,,
SP,33.1,D,5,46,55,,,,,,,
SP,33.1,D,4,47,,,,,,,,
SP,33.1,D,3,51,,,,,,,,
SP,33.1,D,2,41,45,,,,,,,
SP,33.1,D,1,49,52,,,,,,,
SP,33.1,C,6,38,39,40,36,,,,,
SP,33.1,C,5,30,31,,,,,,,
SP,33.1,C,4,29,34,,,,,,,
SP,33.1,C,3,28,,,,,,,,
SP,33.1,C,2,32,35,,,,,,,
SP,33.1,C,1,33,37,,,,,,,
SP,33.1,B,6,14,19,26,,,,,,
SP,33.1,B,5,13,16,18,27,,,,,
SP,33.1,B,4,22,,,,,,,,
SP,33.1,B,3,15,,,,,,,,
SP,33.1,B,2,23,17,,,,,,,
SP,33.1,B,1,20,24,25,,,,,,
SP,33.1,A,6,8,,,,,,,,
SP,33.1,A,5,5,7,,,,,,,
SP,33.1,A,4,NA,,,,,,,,
SP,33.1,A,3,9,,,,,,,,
SP,33.1,A,2,6,,,,,,,,
SP,33.1,A,1,3,11,12,,,,,,
SP,33.2,D,6,70,,,,,,,,
SP,33.2,D,5,77,79,,,,,,,
SP,33.2,D,4,80,,,,,,,,
SP,33.2,D,3,76,81,,,,,,,
SP,33.2,D,2,71,72,,,,,,,
SP,33.2,D,1,74,75,,,,,,,
SP,33.2,C,6,55,56,58,64,63,,,,
SP,33.2,C,5,54,62,,,,,,,
SP,33.2,C,4,47,50,,,,,,,
SP,33.2,C,3,61,,,,,,,,
SP,33.2,C,2,53,59,,,,,,,
SP,33.2,C,1,52,57,,,,,,,
SP,33.2,B,6,36,37,,,,,,,
SP,33.2,B,5,39,40,42,34,,,,,
SP,33.2,B,4,38,,,,,,,,
SP,33.2,B,3,31,,,,,,,,
SP,33.2,B,2,32,35,41,43,,,,,
SP,33.2,B,1,44,,,,,,,,
SP,33.2,A,6,24,26,,,,,,,
SP,33.2,A,5,8,,,,,,,,
SP,33.2,A,4,5,18,27,,,,,,
SP,33.2,A,3,20,29,28,,,,,,
SP,33.2,A,2,10,12,21,15,,,,,
SP,33.2,A,1,11,19,,,,,,,
SP,34.1,D,6,71,62,73,,,,,,
SP,34.1,D,5,64,74,,,,,,,
SP,34.1,D,4,58,69,,,,,,,
SP,34.1,D,3,61,60,67,,,,,,
SP,34.1,D,2,63,,,,,,,,
SP,34.1,D,1,66,65,,,,,,,
SP,34.1,C,6,40,54,53,,,,,,
SP,34.1,C,5,41,43,,,,,,,
SP,34.1,C,4,51,55,42,56,,,,,
SP,34.1,C,3,50,57,,,,,,,
SP,34.1,C,2,47,,,,,,,,
SP,34.1,C,1,45,48,,,,,,,
SP,34.1,B,6,27,26,29,,,,,,
SP,34.1,B,5,24,35,,,,,,,
SP,34.1,B,4,38,31,,,,,,,
SP,34.1,B,3,33,28,34,,,,,,
SP,34.1,B,2,23,,,,,,,,
SP,34.1,B,1,25,36,,,,,,,
SP,34.1,A,6,8,12,16,,,,,,
SP,34.1,A,5,10,20,,,,,,,
SP,34.1,A,4,5,13,,,,,,,
SP,34.1,A,3,11,7,,,,,,,
SP,34.1,A,2,18,,,,,,,,
SP,34.1,A,1,21,22,14,19,15,,,,
SP,34.2,D,6,57,,,,,,,,
SP,34.2,D,5,60,64,,,,,,,
SP,34.2,D,4,59,,,,,,,,
SP,34.2,D,3,56,61,,,,,,,
SP,34.2,D,2,54,,,,,,,,
SP,34.2,D,1,58,62,63,,,,,,
SP,34.2,C,6,46,50,52,,,,,,
SP,34.2,C,5,42,44,49,,,,,,
SP,34.2,C,4,41,39,40,,,,,,
SP,34.2,C,3,48,45,,,,,,,
SP,34.2,C,2,NA,,,,,,,,
SP,34.2,C,1,47,,,,,,,,
SP,34.2,B,6,22,,,,,,,,
SP,34.2,B,5,24,21,30,,,,,,
SP,34.2,B,4,26,33,36,35,,,,,
SP,34.2,B,3,23,29,34,,,,,,
SP,34.2,B,2,25,28,,,,,,,
SP,34.2,B,1,27,31,,,,,,,
SP,34.2,A,6,9,8,16,,,,,,
SP,34.2,A,5,14,13,,,,,,,
SP,34.2,A,4,3,10,11,,,,,,
SP,34.2,A,3,17,12,,,,,,,
SP,34.2,A,2,5,,,,,,,,
SP,34.2,A,1,15,,,,,,,,
SP,35.1,D,6,50,56,59,,,,,,
SP,35.1,D,5,52,58,63,,,,,,
SP,35.1,D,4,55,,,,,,,,
SP,35.1,D,3,57,60,61,,,,,,
SP,35.1,D,2,45,53,,,,,,,
SP,35.1,D,1,46,,,,,,,,
SP,35.1,C,6,31,37,,,,,,,
SP,35.1,C,5,35,40,,,,,,,
SP,35.1,C,4,34,,,,,,,,
SP,35.1,C,3,38,,,,,,,,
SP,35.1,C,2,33,39,36,,,,,,
SP,35.1,C,1,32,,,,,,,,
SP,35.1,B,6,18,27,,,,,,,
SP,35.1,B,5,24,17,,,,,,,
SP,35.1,B,4,25,,,,,,,,
SP,35.1,B,3,22,19,,,,,,,
SP,35.1,B,2,20,21,26,28,,,,,
SP,35.1,B,1,23,,,,,,,,
SP,35.1,A,6,11,14,,,,,,,
SP,35.1,A,5,15,9,,,,,,,
SP,35.1,A,4,10,12,,,,,,,
SP,35.1,A,3,13,,,,,,,,
SP,35.1,A,2,8,,,,,,,,
SP,35.1,A,1,6,,,,,,,,
SP,35.2,D,6,60,67,70,,,,,,
SP,35.2,D,5,59,,,,,,,,
SP,35.2,D,4,63,,,,,,,,
SP,35.2,D,3,61,,,,,,,,
SP,35.2,D,2,65,64,68,,,,,,
SP,35.2,D,1,62,,,,,,,,
SP,35.2,C,6,52,56,,,,,,,
SP,35.2,C,5,49,54,,,,,,,
SP,35.2,C,4,51,,,,,,,,
SP,35.2,C,3,48,,,,,,,,
SP,35.2,C,2,55,,,,,,,,
SP,35.2,C,1,50,53,,,,,,,
SP,35.2,B,6,36,,,,,,,,
SP,35.2,B,5,38,45,,,,,,,
SP,35.2,B,4,42,,,,,,,,
SP,35.2,B,3,37,43,,,,,,,
SP,35.2,B,2,39,44,46,,,,,,
SP,35.2,B,1,40,,,,,,,,
SP,35.2,A,6,27,,,,,,,,
SP,35.2,A,5,19,28,,,,,,,
SP,35.2,A,4,73,,,,,,,,
SP,35.2,A,3,23,,,,,,,,
SP,35.2,A,2,26,32,31,,,,,,
SP,35.2,A,1,14,20,,,,,,,
