notes,Scorer,plate,row,column,ROI,,,,,,,,,,,,,,
,MG,1.1,A,1,13,24,,,,,,,,,,,,,
,MG,1.1,A,2,25,26,30,32,,,,,,,,,,,
,MG,1.1,A,3,23,,,,,,,,,,,,,,
,MG,1.1,A,4,20,,,,,,,,,,,,,,
,MG,1.1,A,5,22,,,,,,,,,,,,,,
,MG,1.1,A,6,38,,,,,,,,,,,,,,
,MG,1.1,B,1,52,66,,,,,,,,,,,,,
,MG,1.1,B,2,,,,,,,,,,,,,,,
,MG,1.1,B,3,45,167,,,,,,,,,,,,,
,MG,1.1,B,4,50,,,,,,,,,,,,,,
,MG,1.1,B,5,46,51,,,,,,,,,,,,,
,MG,1.1,B,6,61,,,,,,,,,,,,,,
,MG,1.1,C,1,82,89,,,,,,,,,,,,,
,MG,1.1,C,2,78,86,92,96,,,,,,,,,,,
,MG,1.1,C,3,73,,,,,,,,,,,,,,
,MG,1.1,C,4,91,,,,,,,,,,,,,,
,MG,1.1,C,5,79,94,,,,,,,,,,,,,
,MG,1.1,C,6,93,,,,,,,,,,,,,,
,MG,1.1,D,1,134,149,,,,,,,,,,,,,
,MG,1.1,D,2,136,122,,,,,,,,,,,,,
,MG,1.1,D,3,140,,,,,,,,,,,,,,
,MG,1.1,D,4,124,133,135,,,,,,,,,,,,
,MG,1.1,D,5,126,,,,,,,,,,,,,,
,MG,1.1,D,6,137,,,,,,,,,,,,,,
,MG,1.2,A,1,20,16,,,,,,,,,,,,,
,MG,1.2,A,2,24,,,,,,,,,,,,,,
,MG,1.2,A,3,36,,,,,,,,,,,,,,
,MG,1.2,A,4,22,,,,,,,,,,,,,,
,MG,1.2,A,5,21,,,,,,,,,,,,,,
,MG,1.2,A,6,180,,,,,,,,,,,,,,
,MG,1.2,B,1,59,65,,,,,,,,,,,,,
,MG,1.2,B,2,181,,,,,,,,,,,,,,
,MG,1.2,B,3,77,,,,,,,,,,,,,,
,MG,1.2,B,4,51,,,,,,,,,,,,,,
,MG,1.2,B,5,54,,,,,,,,,,,,,,
,MG,1.2,B,6,69,,,,,,,,,,,,,,
,MG,1.2,C,1,96,107,120,,,,,,,,,,,,
,MG,1.2,C,2,109,,,,,,,,,,,,,,
,MG,1.2,C,3,NA,,,,,,,,,,,,,,
,MG,1.2,C,4,103,101,,,,,,,,,,,,,
,MG,1.2,C,5,113,,,,,,,,,,,,,,
,MG,1.2,C,6,182,,,,,,,,,,,,,,
,MG,1.2,D,1,145,146,,,,,,,,,,,,,
,MG,1.2,D,2,183,,,,,,,,,,,,,,
,MG,1.2,D,3,142,,,,,,,,,,,,,,
,MG,1.2,D,4,184,185,,,,,,,,,,,,,
,MG,1.2,D,5,156,,,,,,,,,,,,,,
,MG,1.2,D,6,186,,,,,,,,,,,,,,
,MG,2.1,A,1,38,,,,,,,,,,,,,,
,MG,2.1,A,2,17,21,,,,,,,,,,,,,
,MG,2.1,A,3,19,,,,,,,,,,,,,,
,MG,2.1,A,4,22,,,,,,,,,,,,,,
,MG,2.1,A,5,159,,,,,,,,,,,,,,
,MG,2.1,A,6,7,,,,,,,,,,,,,,
,MG,2.1,B,1,60,,,,,,,,,,,,,,
,MG,2.1,B,2,55,160,161,,,,,,,,,,,,
,MG,2.1,B,3,51,54,,,,,,,,,,,,,
,MG,2.1,B,4,57,61,,,,,,,,,,,,,
,MG,2.1,B,5,56,,,,,,,,,,,,,,
,MG,2.1,B,6,58,,,,,,,,,,,,,,
,MG,2.1,C,1,78,,,,,,,,,,,,,,
,MG,2.1,C,2,76,81,,,,,,,,,,,,,
,MG,2.1,C,3,83,82,84,,,,,,,,,,,,
,MG,2.1,C,4,74,77,,,,,,,,,,,,,
,MG,2.1,C,5,80,,,,,,,,,,,,,,
,MG,2.1,C,6,75,,,,,,,,,,,,,,
,MG,2.1,D,1,114,,,,,,,,,,,,,,
,MG,2.1,D,2,95,,,,,,,,,,,,,,
,MG,2.1,D,3,98,113,135,,,,,,,,,,,,
,MG,2.1,D,4,93,,,,,,,,,,,,,,
,MG,2.1,D,5,101,,,,,,,,,,,,,,
,MG,2.1,D,6,102,,,,,,,,,,,,,,
,MG,2.2,A,1,27,,,,,,,,,,,,,,
,MG,2.2,A,2,31,133,,,,,,,,,,,,,
,MG,2.2,A,3,14,22,,,,,,,,,,,,,
,MG,2.2,A,4,17,,,,,,,,,,,,,,
,MG,2.2,A,5,134,,,,,,,,,,,,,,
,MG,2.2,A,6,10,19,,,,,,,,,,,,,
,MG,2.2,B,1,58,,,,,,,,,,,,,,
,MG,2.2,B,2,44,55,,,,,,,,,,,,,
,MG,2.2,B,3,49,,,,,,,,,,,,,,
,MG,2.2,B,4,45,,,,,,,,,,,,,,
,MG,2.2,B,5,57,,,,,,,,,,,,,,
,MG,2.2,B,6,51,54,,,,,,,,,,,,,
,MG,2.2,C,1,75,,,,,,,,,,,,,,
,MG,2.2,C,2,80,88,,,,,,,,,,,,,
,MG,2.2,C,3,79,82,,,,,,,,,,,,,
,MG,2.2,C,4,67,71,70,,,,,,,,,,,,
,MG,2.2,C,5,84,83,87,,,,,,,,,,,,
,MG,2.2,C,6,76,,,,,,,,,,,,,,
,MG,2.2,D,1,135,,,,,,,,,,,,,,
,MG,2.2,D,2,118,114,125,,,,,,,,,,,,
,MG,2.2,D,3,103,131,,,,,,,,,,,,,
,MG,2.2,D,4,121,110,122,,,,,,,,,,,,
,MG,2.2,D,5,115,,,,,,,,,,,,,,
,MG,2.2,D,6,112,,,,,,,,,,,,,,
,MG,3.1,A,1,22,,,,,,,,,,,,,,
,MG,3.1,A,2,14,,,,,,,,,,,,,,
,MG,3.1,A,3,24,21,,,,,,,,,,,,,
,MG,3.1,A,4,7,19,20,,,,,,,,,,,,
,MG,3.1,A,5,16,,,,,,,,,,,,,,
,MG,3.1,A,6,15,,,,,,,,,,,,,,
,MG,3.1,B,1,46,,,,,,,,,,,,,,
,MG,3.1,B,2,40,,,,,,,,,,,,,,
,MG,3.1,B,3,37,39,,,,,,,,,,,,,
,MG,3.1,B,4,45,49,48,,,,,,,,,,,,
,MG,3.1,B,5,41,43,44,50,,,,,,,,,,,
,MG,3.1,B,6,33,35,36,38,42,,,,,,,,,,
,MG,3.1,C,1,78,85,94,53,,,,,,,,,,,
,MG,3.1,C,2,67,,,,,,,,,,,,,,
,MG,3.1,C,3,76,82,81,,,,,,,,,,,,
,MG,3.1,C,4,75,80,,,,,,,,,,,,,
,MG,3.1,C,5,103,,,,,,,,,,,,,,
,MG,3.1,C,6,74,72,,,,,,,,,,,,,
,MG,3.1,D,1,155,156,,,,,,,,,,,,,
,MG,3.1,D,2,125,133,,,,,,,,,,,,,
,MG,3.1,D,3,124,,,,,,,,,,,,,,
,MG,3.1,D,4,120,134,,,,,,,,,,,,,
,MG,3.1,D,5,129,,,,,,,,,,,,,,
,MG,3.1,D,6,141,,,,,,,,,,,,,,
,MG,3.2,A,1,54,,,,,,,,,,,,,,
,MG,3.2,A,2,31,,,,,,,,,,,,,,
,MG,3.2,A,3,45,,,,,,,,,,,,,,
,MG,3.2,A,4,44,,,,,,,,,,,,,,
,MG,3.2,A,5,64,,,,,,,,,,,,,,
,MG,3.2,A,6,47,,,,,,,,,,,,,,
,MG,3.2,B,1,96,90,98,,,,,,,,,,,,
,MG,3.2,B,2,88,94,,,,,,,,,,,,,
,MG,3.2,B,3,91,93,,,,,,,,,,,,,
,MG,3.2,B,4,87,101,,,,,,,,,,,,,
,MG,3.2,B,5,99,,,,,,,,,,,,,,
,MG,3.2,B,6,89,,,,,,,,,,,,,,
,MG,3.2,C,1,118,,,,,,,,,,,,,,
,MG,3.2,C,2,109,108,,,,,,,,,,,,,
,MG,3.2,C,3,114,121,124,,,,,,,,,,,,
,MG,3.2,C,4,120,,,,,,,,,,,,,,
,MG,3.2,C,5,117,,,,,,,,,,,,,,
,MG,3.2,C,6,116,,,,,,,,,,,,,,
,MG,3.2,D,1,188,189,,,,,,,,,,,,,
,MG,3.2,D,2,158,149,,,,,,,,,,,,,
,MG,3.2,D,3,152,172,,,,,,,,,,,,,
,MG,3.2,D,4,159,164,,,,,,,,,,,,,
,MG,3.2,D,5,138,,,,,,,,,,,,,,
,MG,3.2,D,6,141,,,,,,,,,,,,,,
,MG,4.1,A,1,29,,,,,,,,,,,,,,
,MG,4.1,A,2,23,,,,,,,,,,,,,,
,MG,4.1,A,3,31,40,42,46,48,,,,,,,,,,
,MG,4.1,A,4,3,9,18,,,,,,,,,,,,
,MG,4.1,A,5,199,200,,,,,,,,,,,,,
,MG,4.1,A,6,32,19,201,,,,,,,,,,,,
,MG,4.1,B,1,60,,,,,,,,,,,,,,
,MG,4.1,B,2,69,,,,,,,,,,,,,,
,MG,4.1,B,3,74,,,,,,,,,,,,,,
,MG,4.1,B,4,64,,,,,,,,,,,,,,
,MG,4.1,B,5,72,85,,,,,,,,,,,,,
,MG,4.1,B,6,71,75,,,,,,,,,,,,,
,MG,4.1,C,1,113,,,,,,,,,,,,,,
,MG,4.1,C,2,110,114,,,,,,,,,,,,,
,MG,4.1,C,3,111,121,122,,,,,,,,,,,,
,MG,4.1,C,4,104,106,,,,,,,,,,,,,
,MG,4.1,C,5,108,119,,,,,,,,,,,,,
,MG,4.1,C,6,112,117,118,,,,,,,,,,,,
,MG,4.1,D,1,158,,,,,,,,,,,,,,
,MG,4.1,D,2,147,153,152,,,,,,,,,,,,
,MG,4.1,D,3,145,149,157,180,,,,,,,,,,,
,MG,4.1,D,4,150,159,,,,,,,,,,,,,
,MG,4.1,D,5,154,,,,,,,,,,,,,,
,MG,4.1,D,6,202,203,,,,,,,,,,,,,
,MG,4.2,A,1,31,44,48,,,,,,,,,,,,
,MG,4.2,A,2,24,29,39,211,,,,,,,,,,,
,MG,4.2,A,3,35,,,,,,,,,,,,,,
,MG,4.2,A,4,26,34,,,,,,,,,,,,,
,MG,4.2,A,5,27,25,,,,,,,,,,,,,
,MG,4.2,A,6,212,,,,,,,,,,,,,,
,MG,4.2,B,1,72,,,,,,,,,,,,,,
,MG,4.2,B,2,69,81,,,,,,,,,,,,,
,MG,4.2,B,3,73,86,93,95,,,,,,,,,,,
,MG,4.2,B,4,74,84,,,,,,,,,,,,,
,MG,4.2,B,5,71,67,,,,,,,,,,,,,
,MG,4.2,B,6,77,85,82,91,213,,,,,,,,,,
,MG,4.2,C,1,119,125,,,,,,,,,,,,,
,MG,4.2,C,2,124,134,,,,,,,,,,,,,
,MG,4.2,C,3,128,144,148,142,,,,,,,,,,,
,MG,4.2,C,4,110,123,117,,,,,,,,,,,,
,MG,4.2,C,5,129,,,,,,,,,,,,,,
,MG,4.2,C,6,130,137,120,121,122,,,,,,,,,,
,MG,4.2,D,1,177,,,,,,,,,,,,,,
,MG,4.2,D,2,188,198,214,,,,,,,,,,,,
,MG,4.2,D,3,178,164,169,171,,,,,,,,,,,
,MG,4.2,D,4,181,,,,,,,,,,,,,,
,MG,4.2,D,5,215,,,,,,,,,,,,,,
,MG,4.2,D,6,173,183,,,,,,,,,,,,,
,MG,5.1,A,1,18,21,,,,,,,,,,,,,
,MG,5.1,A,2,4,9,5,,,,,,,,,,,,
,MG,5.1,A,3,12,27,,,,,,,,,,,,,
,MG,5.1,A,4,11,,,,,,,,,,,,,,
,MG,5.1,A,5,15,16,,,,,,,,,,,,,
,MG,5.1,A,6,19,,,,,,,,,,,,,,
,MG,5.1,B,1,46,,,,,,,,,,,,,,
,MG,5.1,B,2,44,,,,,,,,,,,,,,
,MG,5.1,B,3,151,152,,,,,,,,,,,,,
,MG,5.1,B,4,36,153,,,,,,,,,,,,,
,MG,5.1,B,5,45,48,,,,,,,,,,,,,
,MG,5.1,B,6,41,,,,,,,,,,,,,,
,MG,5.1,C,1,84,78,154,155,,,,,,,,,,,
,MG,5.1,C,2,92,88,156,,,,,,,,,,,,
,MG,5.1,C,3,63,,,,,,,,,,,,,,
,MG,5.1,C,4,72,70,75,,,,,,,,,,,,
,MG,5.1,C,5,65,76,99,,,,,,,,,,,,
,MG,5.1,C,6,68,77,,,,,,,,,,,,,
,MG,5.1,D,1,126,157,,,,,,,,,,,,,
,MG,5.1,D,2,117,,,,,,,,,,,,,,
,MG,5.1,D,3,158,,,,,,,,,,,,,,
,MG,5.1,D,4,129,136,138,,,,,,,,,,,,
,MG,5.1,D,5,127,130,,,,,,,,,,,,,
,MG,5.1,D,6,122,,,,,,,,,,,,,,
,MG,5.2,A,1,41,50,154,,,,,,,,,,,,
,MG,5.2,A,2,30,,,,,,,,,,,,,,
,MG,5.2,A,3,155,,,,,,,,,,,,,,
,MG,5.2,A,4,23,,,,,,,,,,,,,,
,MG,5.2,A,5,32,43,,,,,,,,,,,,,
,MG,5.2,A,6,38,,,,,,,,,,,,,,
,MG,5.2,B,1,63,70,71,76,73,65,,,,,,,,,
,MG,5.2,B,2,67,,,,,,,,,,,,,,
,MG,5.2,B,3,58,156,,,,,,,,,,,,,
,MG,5.2,B,4,81,,,,,,,,,,,,,,
,MG,5.2,B,5,68,,,,,,,,,,,,,,
,MG,5.2,B,6,69,,,,,,,,,,,,,,
,MG,5.2,C,1,98,99,104,111,112,105,,,,,,,,,
,MG,5.2,C,2,108,,,,,,,,,,,,,,
,MG,5.2,C,3,102,,,,,,,,,,,,,,
,MG,5.2,C,4,110,,,,,,,,,,,,,,
,MG,5.2,C,5,97,,,,,,,,,,,,,,
,MG,5.2,C,6,103,,,,,,,,,,,,,,
,MG,5.2,D,1,139,,,,,,,,,,,,,,
,MG,5.2,D,2,135,,,,,,,,,,,,,,
,MG,5.2,D,3,131,,,,,,,,,,,,,,
,MG,5.2,D,4,133,149,144,,,,,,,,,,,,
,MG,5.2,D,5,134,,,,,,,,,,,,,,
,MG,5.2,D,6,130,127,,,,,,,,,,,,,
,MG,6.1,A,1,1,,,,,,,,,,,,,,
,MG,6.1,A,2,8,,,,,,,,,,,,,,
,MG,6.1,A,3,19,26,,,,,,,,,,,,,
,MG,6.1,A,4,17,31,,,,,,,,,,,,,
,MG,6.1,A,5,23,,,,,,,,,,,,,,
,MG,6.1,A,6,4,,,,,,,,,,,,,,
,MG,6.1,B,1,55,68,,,,,,,,,,,,,
,MG,6.1,B,2,67,70,,,,,,,,,,,,,
,MG,6.1,B,3,59,,,,,,,,,,,,,,
,MG,6.1,B,4,48,63,,,,,,,,,,,,,
,MG,6.1,B,5,43,54,56,62,69,,,,,,,,,,
,MG,6.1,B,6,57,61,,,,,,,,,,,,,
,MG,6.1,C,1,84,216,,,,,,,,,,,,,
,MG,6.1,C,2,90,105,,,,,,,,,,,,,
,MG,6.1,C,3,89,,,,,,,,,,,,,,
,MG,6.1,C,4,96,100,,,,,,,,,,,,,
,MG,6.1,C,5,97,101,,,,,,,,,,,,,
,MG,6.1,C,6,92,103,94,99,102,106,,,,,,,,,
,MG,6.1,D,1,138,174,217,143,,,,,,,,,,,
,MG,6.1,D,2,139,150,156,,,,,,,,,,,,
,MG,6.1,D,3,140,,,,,,,,,,,,,,
,MG,6.1,D,4,155,165,161,,,,,,,,,,,,
,MG,6.1,D,5,146,173,,,,,,,,,,,,,
,MG,6.1,D,6,163,144,177,,,,,,,,,,,,
,MG,6.2,A,1,27,,,,,,,,,,,,,,
,MG,6.2,A,2,2,31,30,36,,,,,,,,,,,
,MG,6.2,A,3,164,,,,,,,,,,,,,,
,MG,6.2,A,4,,,,,,,,,,,,,,,
,MG,6.2,A,5,17,25,,,,,,,,,,,,,
,MG,6.2,A,6,13,35,,,,,,,,,,,,,
,MG,6.2,B,1,165,,,,,,,,,,,,,,
,MG,6.2,B,2,46,,,,,,,,,,,,,,
,MG,6.2,B,3,49,58,,,,,,,,,,,,,
,MG,6.2,B,4,51,,,,,,,,,,,,,,
,MG,6.2,B,5,57,53,,,,,,,,,,,,,
,MG,6.2,B,6,45,,,,,,,,,,,,,,
,MG,6.2,C,1,93,97,101,166,,,,,,,,,,,
,MG,6.2,C,2,80,89,102,,,,,,,,,,,,
,MG,6.2,C,3,86,,,,,,,,,,,,,,
,MG,6.2,C,4,90,84,85,,,,,,,,,,,,
,MG,6.2,C,5,92,94,99,98,,,,,,,,,,,
,MG,6.2,C,6,91,87,167,,,,,,,,,,,,
,MG,6.2,D,1,168,,,,,,,,,,,,,,
,MG,6.2,D,2,118,116,131,,,,,,,,,,,,
,MG,6.2,D,3,122,,,,,,,,,,,,,,
,MG,6.2,D,4,115,120,119,,,,,,,,,,,,
,MG,6.2,D,5,113,,,,,,,,,,,,,,
,MG,6.2,D,6,125,114,,,,,,,,,,,,,
,MG,7.1,A,1,21,,,,,,,,,,,,,,
,MG,7.1,A,2,17,35,33,38,39,,,,,,,,,,
,MG,7.1,A,3,40,28,34,,,,,,,,,,,,
,MG,7.1,A,4,25,30,,,,,,,,,,,,,
,MG,7.1,A,5,1,,,,,,,,,,,,,,
,MG,7.1,A,6,22,,,,,,,,,,,,,,
,MG,7.1,B,1,70,65,80,,,,,,,,,,,,
,MG,7.1,B,2,60,64,,,,,,,,,,,,,
,MG,7.1,B,3,59,73,,,,,,,,,,,,,
,MG,7.1,B,4,67,63,,,,,,,,,,,,,
,MG,7.1,B,5,66,61,,,,,,,,,,,,,
,MG,7.1,B,6,62,71,81,,,,,,,,,,,,
,MG,7.1,C,1,84,89,,,,,,,,,,,,,
,MG,7.1,C,2,92,,,,,,,,,,,,,,
,MG,7.1,C,3,87,95,,,,,,,,,,,,,
,MG,7.1,C,4,98,,,,,,,,,,,,,,
,MG,7.1,C,5,90,88,85,,,,,,,,,,,,
,MG,7.1,C,6,105,106,,,,,,,,,,,,,
,MG,7.1,D,1,117,132,143,121,120,125,,,,,,,,,
,MG,7.1,D,2,126,131,136,139,,,,,,,,,,,
,MG,7.1,D,3,135,160,,,,,,,,,,,,,
,MG,7.1,D,4,145,,,,,,,,,,,,,,
,MG,7.1,D,5,128,,,,,,,,,,,,,,
,MG,7.1,D,6,116,,,,,,,,,,,,,,
,MG,7.2,A,1,56,,,,,,,,,,,,,,
,MG,7.2,A,2,45,48,60,53,55,,,,,,,,,,
,MG,7.2,A,3,36,39,70,,,,,,,,,,,,
,MG,7.2,A,4,33,,,,,,,,,,,,,,
,MG,7.2,A,5,2,38,,,,,,,,,,,,,
,MG,7.2,A,6,65,,,,,,,,,,,,,,
,MG,7.2,B,1,102,101,106,109,,,,,,,,,,,
,MG,7.2,B,2,97,110,,,,,,,,,,,,,
,MG,7.2,B,3,95,,,,,,,,,,,,,,
,MG,7.2,B,4,105,108,111,,,,,,,,,,,,
,MG,7.2,B,5,92,,,,,,,,,,,,,,
,MG,7.2,B,6,112,,,,,,,,,,,,,,
,MG,7.2,C,1,146,161,,,,,,,,,,,,,
,MG,7.2,C,2,136,143,157,,,,,,,,,,,,
,MG,7.2,C,3,145,154,,,,,,,,,,,,,
,MG,7.2,C,4,149,,,,,,,,,,,,,,
,MG,7.2,C,5,152,158,159,,,,,,,,,,,,
,MG,7.2,C,6,140,,,,,,,,,,,,,,
,MG,7.2,D,1,180,,,,,,,,,,,,,,
,MG,7.2,D,2,181,198,,,,,,,,,,,,,
,MG,7.2,D,3,182,174,185,,,,,,,,,,,,
,MG,7.2,D,4,188,196,,,,,,,,,,,,,
,MG,7.2,D,5,178,,,,,,,,,,,,,,
,MG,7.2,D,6,183,168,,,,,,,,,,,,,
,MG,8.1,A,1,13,19,,,,,,,,,,,,,
,MG,8.1,A,2,17,22,29,31,,,,,,,,,,,
,MG,8.1,A,3,20,28,,,,,,,,,,,,,
,MG,8.1,A,4,3,26,25,,,,,,,,,,,,
,MG,8.1,A,5,18,,,,,,,,,,,,,,
,MG,8.1,A,6,15,23,,,,,,,,,,,,,
,MG,8.1,B,1,47,,,,,,,,,,,,,,
,MG,8.1,B,2,40,41,48,,,,,,,,,,,,
,MG,8.1,B,3,43,38,53,49,,,,,,,,,,,
,MG,8.1,B,4,44,46,,,,,,,,,,,,,
,MG,8.1,B,5,51,,,,,,,,,,,,,,
,MG,8.1,B,6,45,50,,,,,,,,,,,,,
,MG,8.1,C,1,63,67,87,,,,,,,,,,,,
,MG,8.1,C,2,78,83,82,,,,,,,,,,,,
,MG,8.1,C,3,68,71,59,58,,,,,,,,,,,
,MG,8.1,C,4,70,72,,,,,,,,,,,,,
,MG,8.1,C,5,76,75,,,,,,,,,,,,,
,MG,8.1,C,6,74,77,81,,,,,,,,,,,,
,MG,8.1,D,1,108,,,,,,,,,,,,,,
,MG,8.1,D,2,107,110,112,,,,,,,,,,,,
,MG,8.1,D,3,99,98,,,,,,,,,,,,,
,MG,8.1,D,4,100,103,,,,,,,,,,,,,
,MG,8.1,D,5,95,119,,,,,,,,,,,,,
,MG,8.1,D,6,101,105,,,,,,,,,,,,,
,MG,8.2,A,1,16,,,,,,,,,,,,,,
,MG,8.2,A,2,7,14,11,,,,,,,,,,,,
,MG,8.2,A,3,10,,,,,,,,,,,,,,
,MG,8.2,A,4,9,,,,,,,,,,,,,,
,MG,8.2,A,5,8,,,,,,,,,,,,,,
,MG,8.2,A,6,12,13,,,,,,,,,,,,,
,MG,8.2,B,1,36,,,,,,,,,,,,,,
,MG,8.2,B,2,26,35,34,41,,,,,,,,,,,
,MG,8.2,B,3,40,37,49,,,,,,,,,,,,
,MG,8.2,B,4,32,33,,,,,,,,,,,,,
,MG,8.2,B,5,31,,,,,,,,,,,,,,
,MG,8.2,B,6,39,141,,,,,,,,,,,,,
,MG,8.2,C,1,74,82,81,,,,,,,,,,,,
,MG,8.2,C,2,64,79,78,,,,,,,,,,,,
,MG,8.2,C,3,67,,,,,,,,,,,,,,
,MG,8.2,C,4,70,,,,,,,,,,,,,,
,MG,8.2,C,5,59,69,72,,,,,,,,,,,,
,MG,8.2,C,6,65,76,,,,,,,,,,,,,
,MG,8.2,D,1,108,109,115,118,,,,,,,,,,,
,MG,8.2,D,2,97,103,105,101,96,100,142,,,,,,,,
,MG,8.2,D,3,111,116,,,,,,,,,,,,,
,MG,8.2,D,4,94,,,,,,,,,,,,,,
,MG,8.2,D,5,110,95,119,126,,,,,,,,,,,
,MG,8.2,D,6,106,113,,,,,,,,,,,,,
,MG,9.1,A,1,13,14,,,,,,,,,,,,,
,MG,9.1,A,2,8,10,,,,,,,,,,,,,
,MG,9.1,A,3,12,,,,,,,,,,,,,,
,MG,9.1,A,4,9,18,15,,,,,,,,,,,,
,MG,9.1,A,5,11,,,,,,,,,,,,,,
,MG,9.1,A,6,16,19,,,,,,,,,,,,,
,MG,9.1,B,1,42,38,146,,,,,,,,,,,,
,MG,9.1,B,2,40,,,,,,,,,,,,,,
,MG,9.1,B,3,37,,,,,,,,,,,,,,
,MG,9.1,B,4,44,52,55,,,,,,,,,,,,
,MG,9.1,B,5,28,36,50,,,,,,,,,,,,
,MG,9.1,B,6,39,,,,,,,,,,,,,,
,MG,9.1,C,1,69,147,,,,,,,,,,,,,
,MG,9.1,C,2,76,97,,,,,,,,,,,,,
,MG,9.1,C,3,94,93,89,73,74,75,,,,,,,,,
,MG,9.1,C,4,66,,,,,,,,,,,,,,
,MG,9.1,C,5,81,,,,,,,,,,,,,,
,MG,9.1,C,6,148,,,,,,,,,,,,,,
,MG,9.1,D,1,124,149,,,,,,,,,,,,,
,MG,9.1,D,2,121,136,150,,,,,,,,,,,,
,MG,9.1,D,3,151,152,,,,,,,,,,,,,
,MG,9.1,D,4,123,120,131,,,,,,,,,,,,
,MG,9.1,D,5,137,,,,,,,,,,,,,,
,MG,9.1,D,6,153,154,,,,,,,,,,,,,
,MG,9.2,A,1,17,147,148,,,,,,,,,,,,
,MG,9.2,A,2,24,27,,,,,,,,,,,,,
,MG,9.2,A,3,28,,,,,,,,,,,,,,
,MG,9.2,A,4,7,,,,,,,,,,,,,,
,MG,9.2,A,5,14,3,,,,,,,,,,,,,
,MG,9.2,A,6,26,25,,,,,,,,,,,,,
,MG,9.2,B,1,44,55,,,,,,,,,,,,,
,MG,9.2,B,2,38,36,,,,,,,,,,,,,
,MG,9.2,B,3,50,56,,,,,,,,,,,,,
,MG,9.2,B,4,51,,,,,,,,,,,,,,
,MG,9.2,B,5,39,,,,,,,,,,,,,,
,MG,9.2,B,6,52,54,,,,,,,,,,,,,
,MG,9.2,C,1,73,76,149,,,,,,,,,,,,
,MG,9.2,C,2,82,,,,,,,,,,,,,,
,MG,9.2,C,3,80,,,,,,,,,,,,,,
,MG,9.2,C,4,79,,,,,,,,,,,,,,
,MG,9.2,C,5,83,72,,,,,,,,,,,,,
,MG,9.2,C,6,150,,,,,,,,,,,,,,
,MG,9.2,D,1,117,151,,,,,,,,,,,,,
,MG,9.2,D,2,112,,,,,,,,,,,,,,
,MG,9.2,D,3,114,,,,,,,,,,,,,,
,MG,9.2,D,4,121,,,,,,,,,,,,,,
,MG,9.2,D,5,115,,,,,,,,,,,,,,
,MG,9.2,D,6,111,152,,,,,,,,,,,,,
,MG,10.1,A,1,26,22,28,,,,,,,,,,,,
,MG,10.1,A,2,11,14,25,,,,,,,,,,,,
,MG,10.1,A,3,19,,,,,,,,,,,,,,
,MG,10.1,A,4,24,16,27,,,,,,,,,,,,
,MG,10.1,A,5,21,30,,,,,,,,,,,,,
,MG,10.1,A,6,20,,,,,,,,,,,,,,
,MG,10.1,B,1,45,48,,,,,,,,,,,,,
,MG,10.1,B,2,40,,,,,,,,,,,,,,
,MG,10.1,B,3,46,,,,,,,,,,,,,,
,MG,10.1,B,4,31,,,,,,,,,,,,,,
,MG,10.1,B,5,42,,,,,,,,,,,,,,
,MG,10.1,B,6,47,44,,,,,,,,,,,,,
,MG,10.1,C,1,57,,,,,,,,,,,,,,
,MG,10.1,C,2,56,59,,,,,,,,,,,,,
,MG,10.1,C,3,53,65,67,,,,,,,,,,,,
,MG,10.1,C,4,69,71,,,,,,,,,,,,,
,MG,10.1,C,5,76,63,64,54,,,,,,,,,,,
,MG,10.1,C,6,68,66,158,,,,,,,,,,,,
,MG,10.1,D,1,123,,,,,,,,,,,,,,
,MG,10.1,D,2,103,,,,,,,,,,,,,,
,MG,10.1,D,3,116,,,,,,,,,,,,,,
,MG,10.1,D,4,112,115,,,,,,,,,,,,,
,MG,10.1,D,5,117,,,,,,,,,,,,,,
,MG,10.1,D,6,108,,,,,,,,,,,,,,
,MG,10.2,A,1,12,,,,,,,,,,,,,,
,MG,10.2,A,2,11,,,,,,,,,,,,,,
,MG,10.2,A,3,10,,,,,,,,,,,,,,
,MG,10.2,A,4,14,21,,,,,,,,,,,,,
,MG,10.2,A,5,22,24,,,,,,,,,,,,,
,MG,10.2,A,6,5,16,19,,,,,,,,,,,,
,MG,10.2,B,1,49,47,,,,,,,,,,,,,
,MG,10.2,B,2,50,51,,,,,,,,,,,,,
,MG,10.2,B,3,55,,,,,,,,,,,,,,
,MG,10.2,B,4,57,54,59,62,64,,,,,,,,,,
,MG,10.2,B,5,60,,,,,,,,,,,,,,
,MG,10.2,B,6,63,66,,,,,,,,,,,,,
,MG,10.2,C,1,90,,,,,,,,,,,,,,
,MG,10.2,C,2,98,86,83,,,,,,,,,,,,
,MG,10.2,C,3,79,85,,,,,,,,,,,,,
,MG,10.2,C,4,88,101,103,102,106,97,,,,,,,,,
,MG,10.2,C,5,87,95,91,,,,,,,,,,,,
,MG,10.2,C,6,89,94,96,99,,,,,,,,,,,
,MG,10.2,D,1,144,151,156,,,,,,,,,,,,
,MG,10.2,D,2,120,127,,,,,,,,,,,,,
,MG,10.2,D,3,145,130,,,,,,,,,,,,,
,MG,10.2,D,4,142,139,155,150,,,,,,,,,,,
,MG,10.2,D,5,116,,,,,,,,,,,,,,
,MG,10.2,D,6,154,,,,,,,,,,,,,,
,MG,11.1,A,1,19,30,31,28,,,,,,,,,,,
,MG,11.1,A,2,34,14,,,,,,,,,,,,,
,MG,11.1,A,3,37,32,46,65,,,,,,,,,,,
,MG,11.1,A,4,25,33,38,35,42,,,,,,,,,,
,MG,11.1,A,5,41,39,,,,,,,,,,,,,
,MG,11.1,A,6,9,10,27,,,,,,,,,,,,
,MG,11.1,B,1,81,90,,,,,,,,,,,,,
,MG,11.1,B,2,74,86,87,88,,,,,,,,,,,
,MG,11.1,B,3,70,79,83,,,,,,,,,,,,
,MG,11.1,B,4,77,82,85,,,,,,,,,,,,
,MG,11.1,B,5,75,66,,,,,,,,,,,,,
,MG,11.1,B,6,78,84,89,,,,,,,,,,,,
,MG,11.1,C,1,106,123,,,,,,,,,,,,,
,MG,11.1,C,2,107,109,108,111,114,115,121,119,,,,,,,
,MG,11.1,C,3,103,99,,,,,,,,,,,,,
,MG,11.1,C,4,112,,,,,,,,,,,,,,
,MG,11.1,C,5,104,117,122,126,,,,,,,,,,,
,MG,11.1,C,6,105,118,,,,,,,,,,,,,
,MG,11.1,D,1,149,146,,,,,,,,,,,,,
,MG,11.1,D,2,152,145,140,154,,,,,,,,,,,
,MG,11.1,D,3,132,130,137,,,,,,,,,,,,
,MG,11.1,D,4,143,151,,,,,,,,,,,,,
,MG,11.1,D,5,165,,,,,,,,,,,,,,
,MG,11.1,D,6,138,156,,,,,,,,,,,,,
,MG,11.2,A,1,19,32,,,,,,,,,,,,,
,MG,11.2,A,2,12,14,,,,,,,,,,,,,
,MG,11.2,A,3,29,,,,,,,,,,,,,,
,MG,11.2,A,4,15,22,27,26,,,,,,,,,,,
,MG,11.2,A,5,25,20,16,18,31,,,,,,,,,,
,MG,11.2,A,6,24,17,36,,,,,,,,,,,,
,MG,11.2,B,1,43,46,,,,,,,,,,,,,
,MG,11.2,B,2,45,48,50,52,56,59,,,,,,,,,
,MG,11.2,B,3,41,49,,,,,,,,,,,,,
,MG,11.2,B,4,44,54,,,,,,,,,,,,,
,MG,11.2,B,5,42,53,57,,,,,,,,,,,,
,MG,11.2,B,6,40,,,,,,,,,,,,,,
,MG,11.2,C,1,69,84,,,,,,,,,,,,,
,MG,11.2,C,2,66,71,75,76,77,,,,,,,,,,
,MG,11.2,C,3,62,,,,,,,,,,,,,,
,MG,11.2,C,4,68,67,63,65,64,73,,,,,,,,,
,MG,11.2,C,5,83,80,78,72,,,,,,,,,,,
,MG,11.2,C,6,61,70,,,,,,,,,,,,,
,MG,11.2,D,1,96,94,93,,,,,,,,,,,,
,MG,11.2,D,2,90,92,,,,,,,,,,,,,
,MG,11.2,D,3,95,103,87,,,,,,,,,,,,
,MG,11.2,D,4,104,99,100,,,,,,,,,,,,
,MG,11.2,D,5,88,105,,,,,,,,,,,,,
,MG,11.2,D,6,91,97,102,,,,,,,,,,,,
,MG,12.1,A,1,19,,,,,,,,,,,,,,
,MG,12.1,A,2,21,20,29,30,,,,,,,,,,,
,MG,12.1,A,3,25,,,,,,,,,,,,,,
,MG,12.1,A,4,17,,,,,,,,,,,,,,
,MG,12.1,A,5,13,,,,,,,,,,,,,,
,MG,12.1,A,6,15,,,,,,,,,,,,,,
,MG,12.1,B,1,49,,,,,,,,,,,,,,
,MG,12.1,B,2,50,,,,,,,,,,,,,,
,MG,12.1,B,3,44,47,54,,,,,,,,,,,,
,MG,12.1,B,4,53,,,,,,,,,,,,,,
,MG,12.1,B,5,61,,,,,,,,,,,,,,
,MG,12.1,B,6,51,48,,,,,,,,,,,,,
,MG,12.1,C,1,128,,,,,,,,,,,,,,
,MG,12.1,C,2,72,75,,,,,,,,,,,,,
,MG,12.1,C,3,74,76,80,82,,,,,,,,,,,
,MG,12.1,C,4,83,78,,,,,,,,,,,,,
,MG,12.1,C,5,79,,,,,,,,,,,,,,
,MG,12.1,C,6,129,,,,,,,,,,,,,,
,MG,12.1,D,1,99,,,,,,,,,,,,,,
,MG,12.1,D,2,88,90,92,94,98,107,130,,,,,,,,
,MG,12.1,D,3,105,96,106,97,113,,,,,,,,,,
,MG,12.1,D,4,108,,,,,,,,,,,,,,
,MG,12.1,D,5,102,,,,,,,,,,,,,,
,MG,12.1,D,6,100,,,,,,,,,,,,,,
,MG,12.2,A,1,11,,,,,,,,,,,,,,
,MG,12.2,A,2,15,22,,,,,,,,,,,,,
,MG,12.2,A,3,10,8,,,,,,,,,,,,,
,MG,12.2,A,4,170,,,,,,,,,,,,,,
,MG,12.2,A,5,17,21,24,,,,,,,,,,,,
,MG,12.2,A,6,171,172,173,,,,,,,,,,,,
,MG,12.2,B,1,45,,,,,,,,,,,,,,
,MG,12.2,B,2,51,,,,,,,,,,,,,,
,MG,12.2,B,3,35,34,43,38,,,,,,,,,,,
,MG,12.2,B,4,174,,,,,,,,,,,,,,
,MG,12.2,B,5,50,,,,,,,,,,,,,,
,MG,12.2,B,6,42,175,,,,,,,,,,,,,
,MG,12.2,C,1,81,,,,,,,,,,,,,,
,MG,12.2,C,2,91,102,,,,,,,,,,,,,
,MG,12.2,C,3,84,98,,,,,,,,,,,,,
,MG,12.2,C,4,85,86,,,,,,,,,,,,,
,MG,12.2,C,5,101,99,104,,,,,,,,,,,,
,MG,12.2,C,6,93,,,,,,,,,,,,,,
,MG,12.2,D,1,104,,,,,,,,,,,,,,
,MG,12.2,D,2,134,145,,,,,,,,,,,,,
,MG,12.2,D,3,161,148,143,,,,,,,,,,,,
,MG,12.2,D,4,175,,,,,,,,,,,,,,
,MG,12.2,D,5,176,,,,,,,,,,,,,,
,MG,12.2,D,6,138,,,,,,,,,,,,,,
,MG,13.1,A,1,18,32,,,,,,,,,,,,,
,MG,13.1,A,2,15,33,30,,,,,,,,,,,,
,MG,13.1,A,3,20,,,,,,,,,,,,,,
,MG,13.1,A,4,,,,,,,,,,,,,,,
,MG,13.1,A,5,23,,,,,,,,,,,,,,
,MG,13.1,A,6,26,37,34,,,,,,,,,,,,
,MG,13.1,B,1,70,79,83,,,,,,,,,,,,
,MG,13.1,B,2,77,80,82,64,62,94,,,,,,,,,
,MG,13.1,B,3,75,,,,,,,,,,,,,,
,MG,13.1,B,4,,,,,,,,,,,,,,,
,MG,13.1,B,5,71,73,,,,,,,,,,,,,
,MG,13.1,B,6,69,67,,,,,,,,,,,,,
,MG,13.1,C,1,116,,,,,,,,,,,,,,
,MG,13.1,C,2,102,118,135,,,,,,,,,,,,
,MG,13.1,C,3,115,,,,,,,,,,,,,,
,MG,13.1,C,4,120,123,,,,,,,,,,,,,
,MG,13.1,C,5,114,111,109,119,103,196,,,,,,,,,
,MG,13.1,C,6,101,106,,,,,,,,,,,,,
,MG,13.1,D,1,181,155,156,197,,,,,,,,,,,
,MG,13.1,D,2,171,,,,,,,,,,,,,,
,MG,13.1,D,3,166,170,,,,,,,,,,,,,
,MG,13.1,D,4,167,162,,,,,,,,,,,,,
,MG,13.1,D,5,161,163,172,,,,,,,,,,,,
,MG,13.1,D,6,173,,,,,,,,,,,,,,
,MG,13.2,A,1,13,21,,,,,,,,,,,,,
,MG,13.2,A,2,19,9,,,,,,,,,,,,,
,MG,13.2,A,3,37,41,42,,,,,,,,,,,,
,MG,13.2,A,4,22,28,,,,,,,,,,,,,
,MG,13.2,A,5,40,,,,,,,,,,,,,,
,MG,13.2,A,6,14,27,,,,,,,,,,,,,
,MG,13.2,B,1,190,191,,,,,,,,,,,,,
,MG,13.2,B,2,86,,,,,,,,,,,,,,
,MG,13.2,B,3,75,59,,,,,,,,,,,,,
,MG,13.2,B,4,65,77,,,,,,,,,,,,,
,MG,13.2,B,5,58,98,,,,,,,,,,,,,
,MG,13.2,B,6,67,85,,,,,,,,,,,,,
,MG,13.2,C,1,131,134,,,,,,,,,,,,,
,MG,13.2,C,2,135,138,142,,,,,,,,,,,,
,MG,13.2,C,3,192,,,,,,,,,,,,,,
,MG,13.2,C,4,133,,,,,,,,,,,,,,
,MG,13.2,C,5,125,,,,,,,,,,,,,,
,MG,13.2,C,6,120,,,,,,,,,,,,,,
,MG,13.2,D,1,193,,,,,,,,,,,,,,
,MG,13.2,D,2,181,,,,,,,,,,,,,,
,MG,13.2,D,3,194,195,,,,,,,,,,,,,
,MG,13.2,D,4,172,,,,,,,,,,,,,,
,MG,13.2,D,5,166,157,196,,,,,,,,,,,,
,MG,13.2,D,6,165,,,,,,,,,,,,,,
,MG,14.1,A,1,25,32,237,,,,,,,,,,,,
,MG,14.1,A,2,21,20,,,,,,,,,,,,,
,MG,14.1,A,3,27,,,,,,,,,,,,,,
,MG,14.1,A,4,26,,,,,,,,,,,,,,
,MG,14.1,A,5,2,14,,,,,,,,,,,,,
,MG,14.1,A,6,19,36,,,,,,,,,,,,,
,MG,14.1,B,1,67,,,,,,,,,,,,,,
,MG,14.1,B,2,52,69,84,87,,,,,,,,,,,
,MG,14.1,B,3,55,,,,,,,,,,,,,,
,MG,14.1,B,4,73,,,,,,,,,,,,,,
,MG,14.1,B,5,46,,,,,,,,,,,,,,
,MG,14.1,B,6,51,,,,,,,,,,,,,,
,MG,14.1,C,1,104,120,133,,,,,,,,,,,,
,MG,14.1,C,2,100,,,,,,,,,,,,,,
,MG,14.1,C,3,115,,,,,,,,,,,,,,
,MG,14.1,C,4,238,,,,,,,,,,,,,,
,MG,14.1,C,5,109,,,,,,,,,,,,,,
,MG,14.1,C,6,239,,,,,,,,,,,,,,
,MG,14.1,D,1,240,241,,,,,,,,,,,,,
,MG,14.1,D,2,162,,,,,,,,,,,,,,
,MG,14.1,D,3,184,,,,,,,,,,,,,,
,MG,14.1,D,4,242,,,,,,,,,,,,,,
,MG,14.1,D,5,167,243,,,,,,,,,,,,,
,MG,14.1,D,6,150,166,,,,,,,,,,,,,
,MG,14.2,A,1,31,29,,,,,,,,,,,,,
,MG,14.2,A,2,15,18,,,,,,,,,,,,,
,MG,14.2,A,3,,,,,,,,,,,,,,,
,MG,14.2,A,4,23,35,217,,,,,,,,,,,,
,MG,14.2,A,5,30,25,,,,,,,,,,,,,
,MG,14.2,A,6,22,,,,,,,,,,,,,,
,MG,14.2,B,1,80,61,,,,,,,,,,,,,
,MG,14.2,B,2,46,56,55,65,85,94,,,,,,,,,
,MG,14.2,B,3,92,,,,,,,,,,,,,,
,MG,14.2,B,4,54,78,,,,,,,,,,,,,
,MG,14.2,B,5,83,90,58,,,,,,,,,,,,
,MG,14.2,B,6,89,91,95,81,,,,,,,,,,,
,MG,14.2,C,1,118,130,,,,,,,,,,,,,
,MG,14.2,C,2,146,139,,,,,,,,,,,,,
,MG,14.2,C,3,135,,,,,,,,,,,,,,
,MG,14.2,C,4,133,122,,,,,,,,,,,,,
,MG,14.2,C,5,115,127,169,,,,,,,,,,,,
,MG,14.2,C,6,218,,,,,,,,,,,,,,
,MG,14.2,D,1,202,201,219,220,,,,,,,,,,,
,MG,14.2,D,2,185,,,,,,,,,,,,,,
,MG,14.2,D,3,198,,,,,,,,,,,,,,
,MG,14.2,D,4,192,,,,,,,,,,,,,,
,MG,14.2,D,5,176,197,,,,,,,,,,,,,
,MG,14.2,D,6,189,190,187,,,,,,,,,,,,
,MG,15.1,A,1,32,,,,,,,,,,,,,,
,MG,15.1,A,2,31,,,,,,,,,,,,,,
,MG,15.1,A,3,24,30,,,,,,,,,,,,,
,MG,15.1,A,4,28,26,,,,,,,,,,,,,
,MG,15.1,A,5,12,19,,,,,,,,,,,,,
,MG,15.1,A,6,23,,,,,,,,,,,,,,
,MG,15.1,B,1,43,47,44,,,,,,,,,,,,
,MG,15.1,B,2,55,61,,,,,,,,,,,,,
,MG,15.1,B,3,46,56,,,,,,,,,,,,,
,MG,15.1,B,4,54,,,,,,,,,,,,,,
,MG,15.1,B,5,59,69,,,,,,,,,,,,,
,MG,15.1,B,6,52,,,,,,,,,,,,,,
,MG,15.1,C,1,96,98,,,,,,,,,,,,,
,MG,15.1,C,2,83,86,,,,,,,,,,,,,
,MG,15.1,C,3,87,88,95,104,,,,,,,,,,,
,MG,15.1,C,4,81,99,,,,,,,,,,,,,
,MG,15.1,C,5,82,,,,,,,,,,,,,,
,MG,15.1,C,6,78,80,97,101,105,107,112,116,115,110,108,111,114,103,100
,MG,15.1,D,1,129,,,,,,,,,,,,,,
,MG,15.1,D,2,131,,,,,,,,,,,,,,
,MG,15.1,D,3,138,150,,,,,,,,,,,,,
,MG,15.1,D,4,130,135,,,,,,,,,,,,,
,MG,15.1,D,5,127,156,161,,,,,,,,,,,,
,MG,15.1,D,6,137,143,144,140,141,,,,,,,,,,
,MG,15.2,A,1,13,,,,,,,,,,,,,,
,MG,15.2,A,2,5,9,20,,,,,,,,,,,,
,MG,15.2,A,3,24,18,,,,,,,,,,,,,
,MG,15.2,A,4,8,,,,,,,,,,,,,,
,MG,15.2,A,5,16,,,,,,,,,,,,,,
,MG,15.2,A,6,12,,,,,,,,,,,,,,
,MG,15.2,B,1,41,,,,,,,,,,,,,,
,MG,15.2,B,2,40,36,42,58,,,,,,,,,,,
,MG,15.2,B,3,45,,,,,,,,,,,,,,
,MG,15.2,B,4,34,44,,,,,,,,,,,,,
,MG,15.2,B,5,38,39,51,53,,,,,,,,,,,
,MG,15.2,B,6,37,43,46,,,,,,,,,,,,
,MG,15.2,C,1,67,80,82,,,,,,,,,,,,
,MG,15.2,C,2,85,63,,,,,,,,,,,,,
,MG,15.2,C,3,71,73,69,,,,,,,,,,,,
,MG,15.2,C,4,74,83,,,,,,,,,,,,,
,MG,15.2,C,5,65,66,,,,,,,,,,,,,
,MG,15.2,C,6,68,77,79,81,,,,,,,,,,,
,MG,15.2,D,1,101,90,117,,,,,,,,,,,,
,MG,15.2,D,2,95,108,110,,,,,,,,,,,,
,MG,15.2,D,3,97,94,,,,,,,,,,,,,
,MG,15.2,D,4,99,,,,,,,,,,,,,,
,MG,15.2,D,5,104,103,,,,,,,,,,,,,
,MG,15.2,D,6,89,91,96,102,111,115,119,,,,,,,,
,MG,16.1,A,1,18,26,,,,,,,,,,,,,
,MG,16.1,A,2,224,,,,,,,,,,,,,,
,MG,16.1,A,3,30,40,,,,,,,,,,,,,
,MG,16.1,A,4,23,,,,,,,,,,,,,,
,MG,16.1,A,5,29,,,,,,,,,,,,,,
,MG,16.1,A,6,25,,,,,,,,,,,,,,
,MG,16.1,B,1,64,,,,,,,,,,,,,,
,MG,16.1,B,2,66,,,,,,,,,,,,,,
,MG,16.1,B,3,69,,,,,,,,,,,,,,
,MG,16.1,B,4,52,78,84,,,,,,,,,,,,
,MG,16.1,B,5,67,,,,,,,,,,,,,,
,MG,16.1,B,6,73,,,,,,,,,,,,,,
,MG,16.1,C,1,118,,,,,,,,,,,,,,
,MG,16.1,C,2,116,,,,,,,,,,,,,,
,MG,16.1,C,3,105,123,,,,,,,,,,,,,
,MG,16.1,C,4,131,103,101,,,,,,,,,,,,
,MG,16.1,C,5,121,119,,,,,,,,,,,,,
,MG,16.1,C,6,225,,,,,,,,,,,,,,
,MG,16.1,D,1,159,156,,,,,,,,,,,,,
,MG,16.1,D,2,181,,,,,,,,,,,,,,
,MG,16.1,D,3,169,,,,,,,,,,,,,,
,MG,16.1,D,4,154,,,,,,,,,,,,,,
,MG,16.1,D,5,161,,,,,,,,,,,,,,
,MG,16.1,D,6,226,227,,,,,,,,,,,,,
,MG,16.2,A,1,24,28,,,,,,,,,,,,,
,MG,16.2,A,2,17,11,,,,,,,,,,,,,
,MG,16.2,A,3,26,25,,,,,,,,,,,,,
,MG,16.2,A,4,31,35,,,,,,,,,,,,,
,MG,16.2,A,5,30,1,,,,,,,,,,,,,
,MG,16.2,A,6,21,32,34,,,,,,,,,,,,
,MG,16.2,B,1,52,,,,,,,,,,,,,,
,MG,16.2,B,2,46,50,54,,,,,,,,,,,,
,MG,16.2,B,3,51,43,42,44,,,,,,,,,,,
,MG,16.2,B,4,151,,,,,,,,,,,,,,
,MG,16.2,B,5,,,,,,,,,,,,,,,
,MG,16.2,B,6,49,,,,,,,,,,,,,,
,MG,16.2,C,1,66,67,,,,,,,,,,,,,
,MG,16.2,C,2,62,72,,,,,,,,,,,,,
,MG,16.2,C,3,74,77,78,79,,,,,,,,,,,
,MG,16.2,C,4,63,76,,,,,,,,,,,,,
,MG,16.2,C,5,69,,,,,,,,,,,,,,
,MG,16.2,C,6,64,60,152,,,,,,,,,,,,
,MG,16.2,D,1,97,110,109,,,,,,,,,,,,
,MG,16.2,D,2,132,,,,,,,,,,,,,,
,MG,16.2,D,3,116,133,,,,,,,,,,,,,
,MG,16.2,D,4,103,112,122,,,,,,,,,,,,
,MG,16.2,D,5,113,,,,,,,,,,,,,,
,MG,16.2,D,6,114,,,,,,,,,,,,,,
,MG,17.1,A,1,27,,,,,,,,,,,,,,
,MG,17.1,A,2,20,34,30,31,168,,,,,,,,,,
,MG,17.1,A,3,22,33,,,,,,,,,,,,,
,MG,17.1,A,4,19,32,,,,,,,,,,,,,
,MG,17.1,A,5,15,169,,,,,,,,,,,,,
,MG,17.1,A,6,29,,,,,,,,,,,,,,
,MG,17.1,B,1,57,55,58,64,63,,,,,,,,,,
,MG,17.1,B,2,47,53,,,,,,,,,,,,,
,MG,17.1,B,3,44,50,59,68,69,,,,,,,,,,
,MG,17.1,B,4,49,56,61,51,54,60,,,,,,,,,
,MG,17.1,B,5,70,67,,,,,,,,,,,,,
,MG,17.1,B,6,170,,,,,,,,,,,,,,
,MG,17.1,C,1,78,,,,,,,,,,,,,,
,MG,17.1,C,2,82,81,79,84,88,91,101,109,,,,,,,
,MG,17.1,C,3,75,85,120,112,107,,,,,,,,,,
,MG,17.1,C,4,104,,,,,,,,,,,,,,
,MG,17.1,C,5,92,108,,,,,,,,,,,,,
,MG,17.1,C,6,94,,,,,,,,,,,,,,
,MG,17.1,D,1,134,144,,,,,,,,,,,,,
,MG,17.1,D,2,124,,,,,,,,,,,,,,
,MG,17.1,D,3,126,130,132,,,,,,,,,,,,
,MG,17.1,D,4,131,136,143,151,,,,,,,,,,,
,MG,17.1,D,5,125,139,147,146,,,,,,,,,,,
,MG,17.1,D,6,128,,,,,,,,,,,,,,
,MG,17.2,A,1,18,,,,,,,,,,,,,,
,MG,17.2,A,2,12,33,,,,,,,,,,,,,
,MG,17.2,A,3,21,,,,,,,,,,,,,,
,MG,17.2,A,4,38,,,,,,,,,,,,,,
,MG,17.2,A,5,26,24,36,35,,,,,,,,,,,
,MG,17.2,A,6,28,,,,,,,,,,,,,,
,MG,17.2,B,1,,,,,,,,,,,,,,,
,MG,17.2,B,2,64,67,66,69,,,,,,,,,,,
,MG,17.2,B,3,47,73,46,,,,,,,,,,,,
,MG,17.2,B,4,58,71,,,,,,,,,,,,,
,MG,17.2,B,5,55,56,60,,,,,,,,,,,,
,MG,17.2,B,6,53,,,,,,,,,,,,,,
,MG,17.2,C,1,95,98,,,,,,,,,,,,,
,MG,17.2,C,2,83,,,,,,,,,,,,,,
,MG,17.2,C,3,88,91,,,,,,,,,,,,,
,MG,17.2,C,4,86,99,,,,,,,,,,,,,
,MG,17.2,C,5,90,109,,,,,,,,,,,,,
,MG,17.2,C,6,217,,,,,,,,,,,,,,
,MG,17.2,D,1,160,218,,,,,,,,,,,,,
,MG,17.2,D,2,151,,,,,,,,,,,,,,
,MG,17.2,D,3,161,,,,,,,,,,,,,,
,MG,17.2,D,4,147,183,,,,,,,,,,,,,
,MG,17.2,D,5,152,,,,,,,,,,,,,,
,MG,17.2,D,6,219,,,,,,,,,,,,,,
,MG,18.1,A,1,51,45,,,,,,,,,,,,,
,MG,18.1,A,2,,,,,,,,,,,,,,,
,MG,18.1,A,3,28,49,,,,,,,,,,,,,
,MG,18.1,A,4,32,,,,,,,,,,,,,,
,MG,18.1,A,5,31,56,,,,,,,,,,,,,
,MG,18.1,A,6,33,3,,,,,,,,,,,,,
,MG,18.1,B,1,96,,,,,,,,,,,,,,
,MG,18.1,B,2,93,86,,,,,,,,,,,,,
,MG,18.1,B,3,94,92,,,,,,,,,,,,,
,MG,18.1,B,4,64,,,,,,,,,,,,,,
,MG,18.1,B,5,84,,,,,,,,,,,,,,
,MG,18.1,B,6,212,,,,,,,,,,,,,,
,MG,18.1,C,1,126,135,,,,,,,,,,,,,
,MG,18.1,C,2,110,112,123,142,139,213,150,,,,,,,,
,MG,18.1,C,3,130,,,,,,,,,,,,,,
,MG,18.1,C,4,124,121,132,,,,,,,,,,,,
,MG,18.1,C,5,125,122,117,,,,,,,,,,,,
,MG,18.1,C,6,131,128,,,,,,,,,,,,,
,MG,18.1,D,1,163,179,,,,,,,,,,,,,
,MG,18.1,D,2,186,,,,,,,,,,,,,,
,MG,18.1,D,3,171,214,,,,,,,,,,,,,
,MG,18.1,D,4,164,175,,,,,,,,,,,,,
,MG,18.1,D,5,161,,,,,,,,,,,,,,
,MG,18.1,D,6,159,158,,,,,,,,,,,,,
,MG,18.2,A,1,64,81,77,84,89,,,,,,,,,,
,MG,18.2,A,2,47,,,,,,,,,,,,,,
,MG,18.2,A,3,48,,,,,,,,,,,,,,
,MG,18.2,A,4,50,,,,,,,,,,,,,,
,MG,18.2,A,5,2,56,,,,,,,,,,,,,
,MG,18.2,A,6,25,43,,,,,,,,,,,,,
,MG,18.2,B,1,108,112,120,,,,,,,,,,,,
,MG,18.2,B,2,115,,,,,,,,,,,,,,
,MG,18.2,B,3,122,129,,,,,,,,,,,,,
,MG,18.2,B,4,119,121,245,,,,,,,,,,,,
,MG,18.2,B,5,107,113,,,,,,,,,,,,,
,MG,18.2,B,6,105,106,109,,,,,,,,,,,,
,MG,18.2,C,1,,,,,,,,,,,,,,,
,MG,18.2,C,2,145,,,,,,,,,,,,,,
,MG,18.2,C,3,138,144,,,,,,,,,,,,,
,MG,18.2,C,4,147,151,153,156,,,,,,,,,,,
,MG,18.2,C,5,139,140,141,,,,,,,,,,,,
,MG,18.2,C,6,149,,,,,,,,,,,,,,
,MG,18.2,D,1,230,165,,,,,,,,,,,,,
,MG,18.2,D,2,178,191,,,,,,,,,,,,,
,MG,18.2,D,3,169,,,,,,,,,,,,,,
,MG,18.2,D,4,189,183,,,,,,,,,,,,,
,MG,18.2,D,5,176,,,,,,,,,,,,,,
,MG,18.2,D,6,201,202,,,,,,,,,,,,,
,MG,19.1,A,1,15,,,,,,,,,,,,,,
,MG,19.1,A,2,11,,,,,,,,,,,,,,
,MG,19.1,A,3,5,9,18,1,,,,,,,,,,,
,MG,19.1,A,4,16,,,,,,,,,,,,,,
,MG,19.1,A,5,13,,,,,,,,,,,,,,
,MG,19.1,A,6,12,17,19,,,,,,,,,,,,
,MG,19.1,B,1,31,,,,,,,,,,,,,,
,MG,19.1,B,2,30,,,,,,,,,,,,,,
,MG,19.1,B,3,27,35,,,,,,,,,,,,,
,MG,19.1,B,4,36,39,40,41,38,33,,,,,,,,,
,MG,19.1,B,5,37,,,,,,,,,,,,,,
,MG,19.1,B,6,26,32,34,29,28,,,,,,,,,,
,MG,19.1,C,1,48,,,,,,,,,,,,,,
,MG,19.1,C,2,44,,,,,,,,,,,,,,
,MG,19.1,C,3,49,,,,,,,,,,,,,,
,MG,19.1,C,4,46,56,,,,,,,,,,,,,
,MG,19.1,C,5,45,50,54,51,52,53,,,,,,,,,
,MG,19.1,C,6,42,,,,,,,,,,,,,,
,MG,19.1,D,1,64,,,,,,,,,,,,,,
,MG,19.1,D,2,70,,,,,,,,,,,,,,
,MG,19.1,D,3,77,76,74,,,,,,,,,,,,
,MG,19.1,D,4,66,72,62,,,,,,,,,,,,
,MG,19.1,D,5,63,65,61,71,73,,,,,,,,,,
,MG,19.1,D,6,58,59,67,,,,,,,,,,,,
,MG,19.2,A,1,25,,,,,,,,,,,,,,
,MG,19.2,A,2,22,,,,,,,,,,,,,,
,MG,19.2,A,3,3,,,,,,,,,,,,,,
,MG,19.2,A,4,37,35,32,46,47,,,,,,,,,,
,MG,19.2,A,5,27,39,44,,,,,,,,,,,,
,MG,19.2,A,6,24,29,36,,,,,,,,,,,,
,MG,19.2,B,1,84,88,86,,,,,,,,,,,,
,MG,19.2,B,2,91,,,,,,,,,,,,,,
,MG,19.2,B,3,81,94,99,,,,,,,,,,,,
,MG,19.2,B,4,110,103,80,,,,,,,,,,,,
,MG,19.2,B,5,76,79,83,85,98,104,102,106,,,,,,,
,MG,19.2,B,6,87,101,,,,,,,,,,,,,
,MG,19.2,C,1,138,,,,,,,,,,,,,,
,MG,19.2,C,2,,,,,,,,,,,,,,,
,MG,19.2,C,3,125,127,133,137,136,139,,,,,,,,,
,MG,19.2,C,4,142,,,,,,,,,,,,,,
,MG,19.2,C,5,128,135,129,131,134,141,,,,,,,,,
,MG,19.2,C,6,130,140,,,,,,,,,,,,,
,MG,19.2,D,1,181,191,,,,,,,,,,,,,
,MG,19.2,D,2,186,,,,,,,,,,,,,,
,MG,19.2,D,3,162,175,,,,,,,,,,,,,
,MG,19.2,D,4,174,194,171,204,193,202,,,,,,,,,
,MG,19.2,D,5,170,187,209,219,206,,,,,,,,,,
,MG,19.2,D,6,169,,,,,,,,,,,,,,
,MG,20.1,A,1,15,,,,,,,,,,,,,,
,MG,20.1,A,2,26,,,,,,,,,,,,,,
,MG,20.1,A,3,12,,,,,,,,,,,,,,
,MG,20.1,A,4,24,,,,,,,,,,,,,,
,MG,20.1,A,5,17,23,33,35,,,,,,,,,,,
,MG,20.1,A,6,16,32,,,,,,,,,,,,,
,MG,20.1,B,1,53,51,72,74,,,,,,,,,,,
,MG,20.1,B,2,60,,,,,,,,,,,,,,
,MG,20.1,B,3,62,,,,,,,,,,,,,,
,MG,20.1,B,4,54,66,,,,,,,,,,,,,
,MG,20.1,B,5,52,57,67,,,,,,,,,,,,
,MG,20.1,B,6,59,63,,,,,,,,,,,,,
,MG,20.1,C,1,99,86,85,,,,,,,,,,,,
,MG,20.1,C,2,84,,,,,,,,,,,,,,
,MG,20.1,C,3,88,90,,,,,,,,,,,,,
,MG,20.1,C,4,105,,,,,,,,,,,,,,
,MG,20.1,C,5,93,,,,,,,,,,,,,,
,MG,20.1,C,6,94,98,,,,,,,,,,,,,
,MG,20.1,D,1,136,,,,,,,,,,,,,,
,MG,20.1,D,2,134,,,,,,,,,,,,,,
,MG,20.1,D,3,122,,,,,,,,,,,,,,
,MG,20.1,D,4,121,125,,,,,,,,,,,,,
,MG,20.1,D,5,132,148,,,,,,,,,,,,,
,MG,20.1,D,6,124,130,175,,,,,,,,,,,,
,MG,20.2,A,1,3,13,,,,,,,,,,,,,
,MG,20.2,A,2,8,20,,,,,,,,,,,,,
,MG,20.2,A,3,2,6,12,,,,,,,,,,,,
,MG,20.2,A,4,5,,,,,,,,,,,,,,
,MG,20.2,A,5,9,,,,,,,,,,,,,,
,MG,20.2,A,6,4,,,,,,,,,,,,,,
,MG,20.2,B,1,33,38,,,,,,,,,,,,,
,MG,20.2,B,2,30,,,,,,,,,,,,,,
,MG,20.2,B,3,32,37,36,,,,,,,,,,,,
,MG,20.2,B,4,31,26,34,,,,,,,,,,,,
,MG,20.2,B,5,28,117,,,,,,,,,,,,,
,MG,20.2,B,6,29,,,,,,,,,,,,,,
,MG,20.2,C,1,45,50,55,53,,,,,,,,,,,
,MG,20.2,C,2,52,,,,,,,,,,,,,,
,MG,20.2,C,3,49,54,51,,,,,,,,,,,,
,MG,20.2,C,4,41,43,47,,,,,,,,,,,,
,MG,20.2,C,5,48,57,,,,,,,,,,,,,
,MG,20.2,C,6,46,42,44,,,,,,,,,,,,
,MG,20.2,D,1,67,85,91,,,,,,,,,,,,
,MG,20.2,D,2,77,,,,,,,,,,,,,,
,MG,20.2,D,3,66,79,,,,,,,,,,,,,
,MG,20.2,D,4,71,78,,,,,,,,,,,,,
,MG,20.2,D,5,84,70,75,69,74,,,,,,,,,,
,MG,20.2,D,6,73,65,72,,,,,,,,,,,,
,MG,21.1,A,1,49,,,,,,,,,,,,,,
,MG,21.1,A,2,33,,,,,,,,,,,,,,
,MG,21.1,A,3,47,60,56,,,,,,,,,,,,
,MG,21.1,A,4,46,62,,,,,,,,,,,,,
,MG,21.1,A,5,32,41,44,,,,,,,,,,,,
,MG,21.1,A,6,51,59,,,,,,,,,,,,,
,MG,21.1,B,1,98,,,,,,,,,,,,,,
,MG,21.1,B,2,82,,,,,,,,,,,,,,
,MG,21.1,B,3,111,120,,,,,,,,,,,,,
,MG,21.1,B,4,108,114,117,,,,,,,,,,,,
,MG,21.1,B,5,87,94,104,101,121,118,83,,,,,,,,
,MG,21.1,B,6,89,91,90,99,,,,,,,,,,,
,MG,21.1,C,1,132,,,,,,,,,,,,,,
,MG,21.1,C,2,140,,,,,,,,,,,,,,
,MG,21.1,C,3,146,192,,,,,,,,,,,,,
,MG,21.1,C,4,131,141,,,,,,,,,,,,,
,MG,21.1,C,5,143,145,142,,,,,,,,,,,,
,MG,21.1,C,6,137,,,,,,,,,,,,,,
,MG,21.1,D,1,164,,,,,,,,,,,,,,
,MG,21.1,D,2,176,,,,,,,,,,,,,,
,MG,21.1,D,3,177,,,,,,,,,,,,,,
,MG,21.1,D,4,162,172,180,,,,,,,,,,,,
,MG,21.1,D,5,182,184,185,183,,,,,,,,,,,
,MG,21.1,D,6,169,181,,,,,,,,,,,,,
,MG,21.2,A,1,143,,,,,,,,,,,,,,
,MG,21.2,A,2,23,144,,,,,,,,,,,,,
,MG,21.2,A,3,3,25,,,,,,,,,,,,,
,MG,21.2,A,4,24,145,,,,,,,,,,,,,
,MG,21.2,A,5,13,27,,,,,,,,,,,,,
,MG,21.2,A,6,16,17,20,19,,,,,,,,,,,
,MG,21.2,B,1,56,,,,,,,,,,,,,,
,MG,21.2,B,2,60,,,,,,,,,,,,,,
,MG,21.2,B,3,33,,,,,,,,,,,,,,
,MG,21.2,B,4,32,51,67,,,,,,,,,,,,
,MG,21.2,B,5,52,,,,,,,,,,,,,,
,MG,21.2,B,6,57,69,,,,,,,,,,,,,
,MG,21.2,C,1,84,,,,,,,,,,,,,,
,MG,21.2,C,2,146,,,,,,,,,,,,,,
,MG,21.2,C,3,89,87,,,,,,,,,,,,,
,MG,21.2,C,4,93,99,74,,,,,,,,,,,,
,MG,21.2,C,5,92,,,,,,,,,,,,,,
,MG,21.2,C,6,80,88,,,,,,,,,,,,,
,MG,21.2,D,1,129,,,,,,,,,,,,,,
,MG,21.2,D,2,147,,,,,,,,,,,,,,
,MG,21.2,D,3,148,,,,,,,,,,,,,,
,MG,21.2,D,4,149,,,,,,,,,,,,,,
,MG,21.2,D,5,121,123,,,,,,,,,,,,,
,MG,21.2,D,6,130,134,,,,,,,,,,,,,
,MG,22.1,A,1,189,,,,,,,,,,,,,,
,MG,22.1,A,2,24,,,,,,,,,,,,,,
,MG,22.1,A,3,190,,,,,,,,,,,,,,
,MG,22.1,A,4,22,28,,,,,,,,,,,,,
,MG,22.1,A,5,21,,,,,,,,,,,,,,
,MG,22.1,A,6,13,9,,,,,,,,,,,,,
,MG,22.1,B,1,53,75,,,,,,,,,,,,,
,MG,22.1,B,2,66,,,,,,,,,,,,,,
,MG,22.1,B,3,59,,,,,,,,,,,,,,
,MG,22.1,B,4,63,62,,,,,,,,,,,,,
,MG,22.1,B,5,65,,,,,,,,,,,,,,
,MG,22.1,B,6,48,61,67,60,,,,,,,,,,,
,MG,22.1,C,1,102,191,,,,,,,,,,,,,
,MG,22.1,C,2,192,,,,,,,,,,,,,,
,MG,22.1,C,3,100,107,,,,,,,,,,,,,
,MG,22.1,C,4,96,93,,,,,,,,,,,,,
,MG,22.1,C,5,99,,,,,,,,,,,,,,
,MG,22.1,C,6,103,110,,,,,,,,,,,,,
,MG,22.1,D,1,154,,,,,,,,,,,,,,
,MG,22.1,D,2,130,,,,,,,,,,,,,,
,MG,22.1,D,3,142,,,,,,,,,,,,,,
,MG,22.1,D,4,136,152,,,,,,,,,,,,,
,MG,22.1,D,5,128,133,161,146,,,,,,,,,,,
,MG,22.1,D,6,127,148,162,171,,,,,,,,,,,
,MG,22.2,A,1,11,,,,,,,,,,,,,,
,MG,22.2,A,2,14,,,,,,,,,,,,,,
,MG,22.2,A,3,22,17,,,,,,,,,,,,,
,MG,22.2,A,4,21,20,,,,,,,,,,,,,
,MG,22.2,A,5,12,,,,,,,,,,,,,,
,MG,22.2,A,6,16,28,24,25,,,,,,,,,,,
,MG,22.2,B,1,52,54,62,,,,,,,,,,,,
,MG,22.2,B,2,57,,,,,,,,,,,,,,
,MG,22.2,B,3,51,68,64,,,,,,,,,,,,
,MG,22.2,B,4,50,49,56,59,58,66,71,,,,,,,,
,MG,22.2,B,5,61,37,,,,,,,,,,,,,
,MG,22.2,B,6,45,55,63,67,,,,,,,,,,,
,MG,22.2,C,1,90,91,87,,,,,,,,,,,,
,MG,22.2,C,2,83,92,,,,,,,,,,,,,
,MG,22.2,C,3,80,78,84,86,,,,,,,,,,,
,MG,22.2,C,4,82,85,89,,,,,,,,,,,,
,MG,22.2,C,5,88,93,95,,,,,,,,,,,,
,MG,22.2,C,6,73,77,79,,,,,,,,,,,,
,MG,22.2,D,1,110,103,144,,,,,,,,,,,,
,MG,22.2,D,2,116,114,,,,,,,,,,,,,
,MG,22.2,D,3,112,143,,,,,,,,,,,,,
,MG,22.2,D,4,108,115,125,124,,,,,,,,,,,
,MG,22.2,D,5,104,111,,,,,,,,,,,,,
,MG,22.2,D,6,107,105,120,117,,,,,,,,,,,
,MG,23.1,A,1,26,43,58,12,,,,,,,,,,,
,MG,23.1,A,2,66,,,,,,,,,,,,,,
,MG,23.1,A,3,,,,,,,,,,,,,,,
,MG,23.1,A,4,40,69,,,,,,,,,,,,,
,MG,23.1,A,5,38,29,47,,,,,,,,,,,,
,MG,23.1,A,6,35,2,,,,,,,,,,,,,
,MG,23.1,B,1,82,91,,,,,,,,,,,,,
,MG,23.1,B,2,104,,,,,,,,,,,,,,
,MG,23.1,B,3,96,98,,,,,,,,,,,,,
,MG,23.1,B,4,86,92,93,,,,,,,,,,,,
,MG,23.1,B,5,95,97,100,103,102,105,,,,,,,,,
,MG,23.1,B,6,157,,,,,,,,,,,,,,
,MG,23.1,C,1,122,118,,,,,,,,,,,,,
,MG,23.1,C,2,112,116,126,129,,,,,,,,,,,
,MG,23.1,C,3,120,127,128,,,,,,,,,,,,
,MG,23.1,C,4,117,125,124,,,,,,,,,,,,
,MG,23.1,C,5,114,115,119,,,,,,,,,,,,
,MG,23.1,C,6,123,113,,,,,,,,,,,,,
,MG,23.1,D,1,136,,,,,,,,,,,,,,
,MG,23.1,D,2,137,,,,,,,,,,,,,,
,MG,23.1,D,3,145,,,,,,,,,,,,,,
,MG,23.1,D,4,135,139,138,141,144,,,,,,,,,,
,MG,23.1,D,5,140,143,142,146,,,,,,,,,,,
,MG,23.1,D,6,158,159,,,,,,,,,,,,,
,MG,23.2,A,1,13,28,,,,,,,,,,,,,
,MG,23.2,A,2,25,,,,,,,,,,,,,,
,MG,23.2,A,3,20,32,36,,,,,,,,,,,,
,MG,23.2,A,4,11,19,26,,,,,,,,,,,,
,MG,23.2,A,5,24,14,,,,,,,,,,,,,
,MG,23.2,A,6,145,,,,,,,,,,,,,,
,MG,23.2,B,1,63,75,85,,,,,,,,,,,,
,MG,23.2,B,2,69,73,,,,,,,,,,,,,
,MG,23.2,B,3,72,80,82,,,,,,,,,,,,
,MG,23.2,B,4,67,68,74,78,79,,,,,,,,,,
,MG,23.2,B,5,70,81,,,,,,,,,,,,,
,MG,23.2,B,6,62,71,76,,,,,,,,,,,,
,MG,23.2,C,1,103,,,,,,,,,,,,,,
,MG,23.2,C,2,108,,,,,,,,,,,,,,
,MG,23.2,C,3,94,97,102,,,,,,,,,,,,
,MG,23.2,C,4,96,105,109,,,,,,,,,,,,
,MG,23.2,C,5,92,95,,,,,,,,,,,,,
,MG,23.2,C,6,98,146,,,,,,,,,,,,,
,MG,23.2,D,1,139,124,142,,,,,,,,,,,,
,MG,23.2,D,2,127,,,,,,,,,,,,,,
,MG,23.2,D,3,126,134,,,,,,,,,,,,,
,MG,23.2,D,4,122,131,136,138,,,,,,,,,,,
,MG,23.2,D,5,132,135,129,,,,,,,,,,,,
,MG,23.2,D,6,121,123,125,133,,,,,,,,,,,
,MG,24.1,A,1,39,,,,,,,,,,,,,,
,MG,24.1,A,2,30,,,,,,,,,,,,,,
,MG,24.1,A,3,29,33,38,,,,,,,,,,,,
,MG,24.1,A,4,42,35,41,43,26,23,21,,,,,,,,
,MG,24.1,A,5,48,37,,,,,,,,,,,,,
,MG,24.1,A,6,34,,,,,,,,,,,,,,
,MG,24.1,B,1,64,,,,,,,,,,,,,,
,MG,24.1,B,2,61,,,,,,,,,,,,,,
,MG,24.1,B,3,65,68,,,,,,,,,,,,,
,MG,24.1,B,4,58,62,63,,,,,,,,,,,,
,MG,24.1,B,5,69,,,,,,,,,,,,,,
,MG,24.1,B,6,60,,,,,,,,,,,,,,
,MG,24.1,C,1,107,,,,,,,,,,,,,,
,MG,24.1,C,2,105,110,108,112,,,,,,,,,,,
,MG,24.1,C,3,99,,,,,,,,,,,,,,
,MG,24.1,C,4,103,109,102,116,,,,,,,,,,,
,MG,24.1,C,5,100,97,,,,,,,,,,,,,
,MG,24.1,C,6,92,101,,,,,,,,,,,,,
,MG,24.1,D,1,152,,,,,,,,,,,,,,
,MG,24.1,D,2,140,146,,,,,,,,,,,,,
,MG,24.1,D,3,133,130,136,139,143,,,,,,,,,,
,MG,24.1,D,4,131,135,141,,,,,,,,,,,,
,MG,24.1,D,5,128,123,122,,,,,,,,,,,,
,MG,24.1,D,6,137,,,,,,,,,,,,,,
,MG,24.2,A,1,16,,,,,,,,,,,,,,
,MG,24.2,A,2,13,,,,,,,,,,,,,,
,MG,24.2,A,3,18,19,22,,,,,,,,,,,,
,MG,24.2,A,4,10,9,12,,,,,,,,,,,,
,MG,24.2,A,5,23,14,11,152,,,,,,,,,,,
,MG,24.2,A,6,15,,,,,,,,,,,,,,
,MG,24.2,B,1,58,,,,,,,,,,,,,,
,MG,24.2,B,2,56,53,59,,,,,,,,,,,,
,MG,24.2,B,3,54,,,,,,,,,,,,,,
,MG,24.2,B,4,68,,,,,,,,,,,,,,
,MG,24.2,B,5,52,46,,,,,,,,,,,,,
,MG,24.2,B,6,153,,,,,,,,,,,,,,
,MG,24.2,C,1,91,,,,,,,,,,,,,,
,MG,24.2,C,2,,,,,,,,,,,,,,,
,MG,24.2,C,3,80,,,,,,,,,,,,,,
,MG,24.2,C,4,84,92,,,,,,,,,,,,,
,MG,24.2,C,5,97,95,102,103,,,,,,,,,,,
,MG,24.2,C,6,87,,,,,,,,,,,,,,
,MG,24.2,D,1,122,,,,,,,,,,,,,,
,MG,24.2,D,2,119,134,133,137,139,136,140,,,,,,,,
,MG,24.2,D,3,132,,,,,,,,,,,,,,
,MG,24.2,D,4,130,143,,,,,,,,,,,,,
,MG,24.2,D,5,117,125,,,,,,,,,,,,,
,MG,24.2,D,6,110,124,,,,,,,,,,,,,
,MG,25.1,A,1,22,24,127,,,,,,,,,,,,
,MG,25.1,A,2,25,128,,,,,,,,,,,,,
,MG,25.1,A,3,8,129,,,,,,,,,,,,,
,MG,25.1,A,4,21,36,,,,,,,,,,,,,
,MG,25.1,A,5,27,38,40,,,,,,,,,,,,
,MG,25.1,A,6,30,,,,,,,,,,,,,,
,MG,25.1,B,1,54,,,,,,,,,,,,,,
,MG,25.1,B,2,60,,,,,,,,,,,,,,
,MG,25.1,B,3,59,130,,,,,,,,,,,,,
,MG,25.1,B,4,63,,,,,,,,,,,,,,
,MG,25.1,B,5,67,,,,,,,,,,,,,,
,MG,25.1,B,6,57,61,64,,,,,,,,,,,,
,MG,25.1,C,1,78,92,,,,,,,,,,,,,
,MG,25.1,C,2,85,,,,,,,,,,,,,,
,MG,25.1,C,3,87,91,,,,,,,,,,,,,
,MG,25.1,C,4,,,,,,,,,,,,,,,
,MG,25.1,C,5,131,,,,,,,,,,,,,,
,MG,25.1,C,6,83,89,132,,,,,,,,,,,,
,MG,25.1,D,1,102,,,,,,,,,,,,,,
,MG,25.1,D,2,111,,,,,,,,,,,,,,
,MG,25.1,D,3,133,,,,,,,,,,,,,,
,MG,25.1,D,4,,,,,,,,,,,,,,,
,MG,25.1,D,5,114,,,,,,,,,,,,,,
,MG,25.1,D,6,104,107,110,,,,,,,,,,,,
,MG,25.2,A,1,13,16,19,,,,,,,,,,,,
,MG,25.2,A,2,21,,,,,,,,,,,,,,
,MG,25.2,A,3,193,,,,,,,,,,,,,,
,MG,25.2,A,4,,,,,,,,,,,,,,,
,MG,25.2,A,5,14,,,,,,,,,,,,,,
,MG,25.2,A,6,10,194,,,,,,,,,,,,,
,MG,25.2,B,1,64,67,87,92,,,,,,,,,,,
,MG,25.2,B,2,73,83,,,,,,,,,,,,,
,MG,25.2,B,3,77,,,,,,,,,,,,,,
,MG,25.2,B,4,90,,,,,,,,,,,,,,
,MG,25.2,B,5,NA,,,,,,,,,,,,,,
,MG,25.2,B,6,68,49,,,,,,,,,,,,,
,MG,25.2,C,1,114,117,122,,,,,,,,,,,,
,MG,25.2,C,2,124,,,,,,,,,,,,,,
,MG,25.2,C,3,121,129,,,,,,,,,,,,,
,MG,25.2,C,4,,,,,,,,,,,,,,,
,MG,25.2,C,5,111,,,,,,,,,,,,,,
,MG,25.2,C,6,110,112,195,,,,,,,,,,,,
,MG,25.2,D,1,160,159,164,161,158,,,,,,,,,,
,MG,25.2,D,2,147,,,,,,,,,,,,,,
,MG,25.2,D,3,196,,,,,,,,,,,,,,
,MG,25.2,D,4,,,,,,,,,,,,,,,
,MG,25.2,D,5,139,143,152,,,,,,,,,,,,
,MG,25.2,D,6,149,197,,,,,,,,,,,,,
,MG,26.1,A,1,13,,,,,,,,,,,,,,
,MG,26.1,A,2,17,14,15,,,,,,,,,,,,
,MG,26.1,A,3,12,,,,,,,,,,,,,,
,MG,26.1,A,4,19,,,,,,,,,,,,,,
,MG,26.1,A,5,9,11,,,,,,,,,,,,,
,MG,26.1,A,6,16,132,,,,,,,,,,,,,
,MG,26.1,B,1,35,46,44,,,,,,,,,,,,
,MG,26.1,B,2,42,,,,,,,,,,,,,,
,MG,26.1,B,3,37,,,,,,,,,,,,,,
,MG,26.1,B,4,39,,,,,,,,,,,,,,
,MG,26.1,B,5,43,41,38,,,,,,,,,,,,
,MG,26.1,B,6,45,133,,,,,,,,,,,,,
,MG,26.1,C,1,62,60,61,65,,,,,,,,,,,
,MG,26.1,C,2,74,71,,,,,,,,,,,,,
,MG,26.1,C,3,63,68,73,,,,,,,,,,,,
,MG,26.1,C,4,70,,,,,,,,,,,,,,
,MG,26.1,C,5,69,66,72,57,,,,,,,,,,,
,MG,26.1,C,6,,,,,,,,,,,,,,,
,MG,26.1,D,1,106,104,134,135,,,,,,,,,,,
,MG,26.1,D,2,80,100,,,,,,,,,,,,,
,MG,26.1,D,3,94,96,107,109,,,,,,,,,,,
,MG,26.1,D,4,89,,,,,,,,,,,,,,
,MG,26.1,D,5,82,91,93,,,,,,,,,,,,
,MG,26.1,D,6,84,81,,,,,,,,,,,,,
,MG,26.2,A,1,20,21,19,25,14,109,,,,,,,,,
,MG,26.2,A,2,6,12,3,,,,,,,,,,,,
,MG,26.2,A,3,5,,,,,,,,,,,,,,
,MG,26.2,A,4,15,,,,,,,,,,,,,,
,MG,26.2,A,5,13,18,24,22,,,,,,,,,,,
,MG,26.2,A,6,17,110,,,,,,,,,,,,,
,MG,26.2,B,1,51,44,40,111,112,,,,,,,,,,
,MG,26.2,B,2,46,35,43,41,,,,,,,,,,,
,MG,26.2,B,3,31,,,,,,,,,,,,,,
,MG,26.2,B,4,33,,,,,,,,,,,,,,
,MG,26.2,B,5,50,48,39,42,36,,,,,,,,,,
,MG,26.2,B,6,34,37,38,113,,,,,,,,,,,
,MG,26.2,C,1,52,55,,,,,,,,,,,,,
,MG,26.2,C,2,58,61,57,66,62,69,72,,,,,,,,
,MG,26.2,C,3,60,,,,,,,,,,,,,,
,MG,26.2,C,4,68,71,,,,,,,,,,,,,
,MG,26.2,C,5,63,64,70,,,,,,,,,,,,
,MG,26.2,C,6,65,73,,,,,,,,,,,,,
,MG,26.2,D,1,89,87,90,,,,,,,,,,,,
,MG,26.2,D,2,76,80,85,93,94,,,,,,,,,,
,MG,26.2,D,3,92,86,,,,,,,,,,,,,
,MG,26.2,D,4,91,,,,,,,,,,,,,,
,MG,26.2,D,5,83,82,96,,,,,,,,,,,,
,MG,26.2,D,6,81,84,,,,,,,,,,,,,
,MG,27.1,A,1,18,36,225,,,,,,,,,,,,
,MG,27.1,A,2,37,,,,,,,,,,,,,,
,MG,27.1,A,3,26,45,47,27,,,,,,,,,,,
,MG,27.1,A,4,24,32,,,,,,,,,,,,,
,MG,27.1,A,5,25,38,59,,,,,,,,,,,,
,MG,27.1,A,6,29,49,53,56,,,,,,,,,,,
,MG,27.1,B,1,86,85,,,,,,,,,,,,,
,MG,27.1,B,2,106,111,,,,,,,,,,,,,
,MG,27.1,B,3,89,105,92,99,110,103,96,,,,,,,,
,MG,27.1,B,4,75,82,87,94,101,116,119,118,,,,,,,
,MG,27.1,B,5,93,109,,,,,,,,,,,,,
,MG,27.1,B,6,98,113,114,117,,,,,,,,,,,
,MG,27.1,C,1,131,138,150,,,,,,,,,,,,
,MG,27.1,C,2,139,146,145,144,155,,,,,,,,,,
,MG,27.1,C,3,134,143,147,,,,,,,,,,,,
,MG,27.1,C,4,127,126,141,,,,,,,,,,,,
,MG,27.1,C,5,151,137,130,,,,,,,,,,,,
,MG,27.1,C,6,125,129,128,142,,,,,,,,,,,
,MG,27.1,D,1,161,,,,,,,,,,,,,,
,MG,27.1,D,2,167,,,,,,,,,,,,,,
,MG,27.1,D,3,181,178,176,166,,,,,,,,,,,
,MG,27.1,D,4,179,196,,,,,,,,,,,,,
,MG,27.1,D,5,198,182,187,,,,,,,,,,,,
,MG,27.1,D,6,168,165,,,,,,,,,,,,,
,MG,27.2,A,1,39,41,33,31,,,,,,,,,,,
,MG,27.2,A,2,38,,,,,,,,,,,,,,
,MG,27.2,A,3,32,42,,,,,,,,,,,,,
,MG,27.2,A,4,34,37,,,,,,,,,,,,,
,MG,27.2,A,5,30,35,47,,,,,,,,,,,,
,MG,27.2,A,6,17,51,,,,,,,,,,,,,
,MG,27.2,B,1,75,,,,,,,,,,,,,,
,MG,27.2,B,2,81,90,69,,,,,,,,,,,,
,MG,27.2,B,3,76,79,,,,,,,,,,,,,
,MG,27.2,B,4,61,70,84,,,,,,,,,,,,
,MG,27.2,B,5,73,80,,,,,,,,,,,,,
,MG,27.2,B,6,72,86,87,89,,,,,,,,,,,
,MG,27.2,C,1,119,121,108,,,,,,,,,,,,
,MG,27.2,C,2,109,,,,,,,,,,,,,,
,MG,27.2,C,3,113,115,120,,,,,,,,,,,,
,MG,27.2,C,4,117,104,107,,,,,,,,,,,,
,MG,27.2,C,5,110,112,102,,,,,,,,,,,,
,MG,27.2,C,6,103,105,114,,,,,,,,,,,,
,MG,27.2,D,1,133,147,150,,,,,,,,,,,,
,MG,27.2,D,2,132,141,,,,,,,,,,,,,
,MG,27.2,D,3,162,142,148,,,,,,,,,,,,
,MG,27.2,D,4,136,152,,,,,,,,,,,,,
,MG,27.2,D,5,137,134,143,,,,,,,,,,,,
,MG,27.2,D,6,135,138,,,,,,,,,,,,,
,MG,28.1,A,1,25,23,51,,,,,,,,,,,,
,MG,28.1,A,2,40,,,,,,,,,,,,,,
,MG,28.1,A,3,34,,,,,,,,,,,,,,
,MG,28.1,A,4,29,35,,,,,,,,,,,,,
,MG,28.1,A,5,26,,,,,,,,,,,,,,
,MG,28.1,A,6,33,30,43,,,,,,,,,,,,
,MG,28.1,B,1,63,70,,,,,,,,,,,,,
,MG,28.1,B,2,65,,,,,,,,,,,,,,
,MG,28.1,B,3,66,79,80,,,,,,,,,,,,
,MG,28.1,B,4,60,68,71,,,,,,,,,,,,
,MG,28.1,B,5,64,69,73,77,,,,,,,,,,,
,MG,28.1,B,6,59,,,,,,,,,,,,,,
,MG,28.1,C,1,103,110,,,,,,,,,,,,,
,MG,28.1,C,2,104,107,,,,,,,,,,,,,
,MG,28.1,C,3,111,112,117,,,,,,,,,,,,
,MG,28.1,C,4,105,109,100,106,,,,,,,,,,,
,MG,28.1,C,5,95,99,101,,,,,,,,,,,,
,MG,28.1,C,6,92,94,88,98,,,,,,,,,,,
,MG,28.1,D,1,132,160,157,,,,,,,,,,,,
,MG,28.1,D,2,152,149,,,,,,,,,,,,,
,MG,28.1,D,3,141,,,,,,,,,,,,,,
,MG,28.1,D,4,136,145,,,,,,,,,,,,,
,MG,28.1,D,5,156,,,,,,,,,,,,,,
,MG,28.1,D,6,142,151,144,155,,,,,,,,,,,
,MG,28.2,A,1,37,38,32,,,,,,,,,,,,
,MG,28.2,A,2,39,,,,,,,,,,,,,,
,MG,28.2,A,3,46,44,45,,,,,,,,,,,,
,MG,28.2,A,4,29,31,40,41,,,,,,,,,,,
,MG,28.2,A,5,30,35,,,,,,,,,,,,,
,MG,28.2,A,6,20,,,,,,,,,,,,,,
,MG,28.2,B,1,81,75,176,,,,,,,,,,,,
,MG,28.2,B,2,69,,,,,,,,,,,,,,
,MG,28.2,B,3,76,,,,,,,,,,,,,,
,MG,28.2,B,4,66,60,61,59,73,,,,,,,,,,
,MG,28.2,B,5,65,,,,,,,,,,,,,,
,MG,28.2,B,6,63,74,,,,,,,,,,,,,
,MG,28.2,C,1,99,113,115,,,,,,,,,,,,
,MG,28.2,C,2,96,89,,,,,,,,,,,,,
,MG,28.2,C,3,101,,,,,,,,,,,,,,
,MG,28.2,C,4,103,105,120,,,,,,,,,,,,
,MG,28.2,C,5,90,102,107,110,,,,,,,,,,,
,MG,28.2,C,6,95,94,112,,,,,,,,,,,,
,MG,28.2,D,1,131,177,,,,,,,,,,,,,
,MG,28.2,D,2,178,,,,,,,,,,,,,,
,MG,28.2,D,3,136,144,,,,,,,,,,,,,
,MG,28.2,D,4,128,159,138,,,,,,,,,,,,
,MG,28.2,D,5,129,140,,,,,,,,,,,,,
,MG,28.2,D,6,135,141,,,,,,,,,,,,,
,MG,29.1,A,1,23,,,,,,,,,,,,,,
,MG,29.1,A,2,17,14,,,,,,,,,,,,,
,MG,29.1,A,3,18,22,,,,,,,,,,,,,
,MG,29.1,A,4,21,,,,,,,,,,,,,,
,MG,29.1,A,5,13,12,10,15,,,,,,,,,,,
,MG,29.1,A,6,9,,,,,,,,,,,,,,
,MG,29.1,B,1,45,,,,,,,,,,,,,,
,MG,29.1,B,2,47,59,,,,,,,,,,,,,
,MG,29.1,B,3,38,58,,,,,,,,,,,,,
,MG,29.1,B,4,52,,,,,,,,,,,,,,
,MG,29.1,B,5,35,57,69,,,,,,,,,,,,
,MG,29.1,B,6,37,55,,,,,,,,,,,,,
,MG,29.1,C,1,86,91,85,103,,,,,,,,,,,
,MG,29.1,C,2,94,99,,,,,,,,,,,,,
,MG,29.1,C,3,104,109,98,96,97,173,,,,,,,,,
,MG,29.1,C,4,89,,,,,,,,,,,,,,
,MG,29.1,C,5,101,102,106,,,,,,,,,,,,
,MG,29.1,C,6,83,88,92,111,,,,,,,,,,,
,MG,29.1,D,1,129,123,,,,,,,,,,,,,
,MG,29.1,D,2,122,131,151,,,,,,,,,,,,
,MG,29.1,D,3,121,141,126,148,165,,,,,,,,,,
,MG,29.1,D,4,136,,,,,,,,,,,,,,
,MG,29.1,D,5,120,138,139,142,,,,,,,,,,,
,MG,29.1,D,6,119,128,140,125,,,,,,,,,,,
,MG,29.2,A,1,33,35,,,,,,,,,,,,,
,MG,29.2,A,2,42,36,25,,,,,,,,,,,,
,MG,29.2,A,3,24,40,,,,,,,,,,,,,
,MG,29.2,A,4,2,,,,,,,,,,,,,,
,MG,29.2,A,5,29,32,,,,,,,,,,,,,
,MG,29.2,A,6,177,,,,,,,,,,,,,,
,MG,29.2,B,1,78,81,84,,,,,,,,,,,,
,MG,29.2,B,2,54,61,58,71,,,,,,,,,,,
,MG,29.2,B,3,88,,,,,,,,,,,,,,
,MG,29.2,B,4,56,178,,,,,,,,,,,,,
,MG,29.2,B,5,65,76,85,86,,,,,,,,,,,
,MG,29.2,B,6,64,79,,,,,,,,,,,,,
,MG,29.2,C,1,124,179,,,,,,,,,,,,,
,MG,29.2,C,2,117,121,,,,,,,,,,,,,
,MG,29.2,C,3,114,116,,,,,,,,,,,,,
,MG,29.2,C,4,120,125,,,,,,,,,,,,,
,MG,29.2,C,5,110,122,119,180,,,,,,,,,,,
,MG,29.2,C,6,115,,,,,,,,,,,,,,
,MG,29.2,D,1,181,,,,,,,,,,,,,,
,MG,29.2,D,2,150,,,,,,,,,,,,,,
,MG,29.2,D,3,149,182,183,,,,,,,,,,,,
,MG,29.2,D,4,184,,,,,,,,,,,,,,
,MG,29.2,D,5,144,,,,,,,,,,,,,,
,MG,29.2,D,6,143,153,,,,,,,,,,,,,
,MG,30.1,A,1,14,,,,,,,,,,,,,,
,MG,30.1,A,2,31,26,,,,,,,,,,,,,
,MG,30.1,A,3,22,21,,,,,,,,,,,,,
,MG,30.1,A,4,28,135,,,,,,,,,,,,,
,MG,30.1,A,5,23,19,29,33,34,,,,,,,,,,
,MG,30.1,A,6,16,20,24,17,,,,,,,,,,,
,MG,30.1,B,1,39,51,58,57,,,,,,,,,,,
,MG,30.1,B,2,45,47,,,,,,,,,,,,,
,MG,30.1,B,3,40,42,46,,,,,,,,,,,,
,MG,30.1,B,4,53,56,48,54,35,,,,,,,,,,
,MG,30.1,B,5,41,49,55,59,,,,,,,,,,,
,MG,30.1,B,6,43,44,52,,,,,,,,,,,,
,MG,30.1,C,1,65,75,79,,,,,,,,,,,,
,MG,30.1,C,2,64,73,67,,,,,,,,,,,,
,MG,30.1,C,3,69,80,71,72,,,,,,,,,,,
,MG,30.1,C,4,78,82,,,,,,,,,,,,,
,MG,30.1,C,5,68,76,77,,,,,,,,,,,,
,MG,30.1,C,6,63,66,74,,,,,,,,,,,,
,MG,30.1,D,1,97,90,84,85,92,,,,,,,,,,
,MG,30.1,D,2,95,86,105,112,103,114,,,,,,,,,
,MG,30.1,D,3,91,108,,,,,,,,,,,,,
,MG,30.1,D,4,136,88,98,107,106,,,,,,,,,,
,MG,30.1,D,5,104,102,89,,,,,,,,,,,,
,MG,30.1,D,6,101,99,87,94,,,,,,,,,,,
,MG,30.2,A,1,19,26,,,,,,,,,,,,,
,MG,30.2,A,2,17,21,18,,,,,,,,,,,,
,MG,30.2,A,3,9,15,,,,,,,,,,,,,
,MG,30.2,A,4,10,13,24,,,,,,,,,,,,
,MG,30.2,A,5,14,20,22,23,25,,,,,,,,,,
,MG,30.2,A,6,4,,,,,,,,,,,,,,
,MG,30.2,B,1,47,45,42,,,,,,,,,,,,
,MG,30.2,B,2,43,37,36,,,,,,,,,,,,
,MG,30.2,B,3,33,34,41,,,,,,,,,,,,
,MG,30.2,B,4,50,52,39,,,,,,,,,,,,
,MG,30.2,B,5,35,48,51,46,,,,,,,,,,,
,MG,30.2,B,6,40,44,53,,,,,,,,,,,,
,MG,30.2,C,1,55,62,67,73,,,,,,,,,,,
,MG,30.2,C,2,60,58,75,77,,,,,,,,,,,
,MG,30.2,C,3,66,61,59,,,,,,,,,,,,
,MG,30.2,C,4,69,76,65,71,79,,,,,,,,,,
,MG,30.2,C,5,72,64,74,80,,,,,,,,,,,
,MG,30.2,C,6,56,63,78,81,82,84,57,,,,,,,,
,MG,30.2,D,1,100,102,109,113,,,,,,,,,,,
,MG,30.2,D,2,95,90,107,110,,,,,,,,,,,
,MG,30.2,D,3,93,108,,,,,,,,,,,,,
,MG,30.2,D,4,91,105,116,,,,,,,,,,,,
,MG,30.2,D,5,96,117,123,,,,,,,,,,,,
,MG,30.2,D,6,89,104,111,118,121,,,,,,,,,,
,SP,31.1,D,6,157,165,,,,,,,,,,,,,
,SP,31.1,D,5,148,155,162,,,,,,,,,,,,
,SP,31.1,D,4,147,159,174,,,,,,,,,,,,
,SP,31.1,D,3,164,,,,,,,,,,,,,,
,SP,31.1,D,2,149,163,,,,,,,,,,,,,
,SP,31.1,D,1,136,152,,,,,,,,,,,,,
,SP,31.1,C,6,108,,,,,,,,,,,,,,
,SP,31.1,C,5,115,109,125,100,,,,,,,,,,,
,SP,31.1,C,4,110,111,116,,,,,,,,,,,,
,SP,31.1,C,3,105,107,114,112,,,,,,,,,,,
,SP,31.1,C,2,113,,,,,,,,,,,,,,
,SP,31.1,C,1,101,104,119,121,,,,,,,,,,,
,SP,31.1,B,6,62,,,,,,,,,,,,,,
,SP,31.1,B,5,65,89,,,,,,,,,,,,,
,SP,31.1,B,4,73,,,,,,,,,,,,,,
,SP,31.1,B,3,71,64,74,87,92,,,,,,,,,,
,SP,31.1,B,2,63,81,84,,,,,,,,,,,,
,SP,31.1,B,1,77,90,88,93,,,,,,,,,,,
,SP,31.1,A,6,196,,,,,,,,,,,,,,
,SP,31.1,A,5,39,,,,,,,,,,,,,,
,SP,31.1,A,4,34,41,,,,,,,,,,,,,
,SP,31.1,A,3,6,,,,,,,,,,,,,,
,SP,31.1,A,2,35,38,,,,,,,,,,,,,
,SP,31.1,A,1,26,36,29,,,,,,,,,,,,
,SP,31.2,D,6,151,,,,,,,,,,,,,,
,SP,31.2,D,5,130,133,184,,,,,,,,,,,,
,SP,31.2,D,4,146,,,,,,,,,,,,,,
,SP,31.2,D,3,131,137,156,,,,,,,,,,,,
,SP,31.2,D,2,140,149,154,,,,,,,,,,,,
,SP,31.2,D,1,138,135,,,,,,,,,,,,,
,SP,31.2,C,6,95,,,,,,,,,,,,,,
,SP,31.2,C,5,98,103,105,109,,,,,,,,,,,
,SP,31.2,C,4,102,,,,,,,,,,,,,,
,SP,31.2,C,3,96,92,,,,,,,,,,,,,
,SP,31.2,C,2,88,89,,,,,,,,,,,,,
,SP,31.2,C,1,90,101,,,,,,,,,,,,,
,SP,31.2,B,6,77,185,,,,,,,,,,,,,
,SP,31.2,B,5,62,63,68,,,,,,,,,,,,
,SP,31.2,B,4,70,,,,,,,,,,,,,,
,SP,31.2,B,3,73,71,69,78,,,,,,,,,,,
,SP,31.2,B,2,56,66,,,,,,,,,,,,,
,SP,31.2,B,1,51,60,55,,,,,,,,,,,,
,SP,31.2,A,6,32,34,,,,,,,,,,,,,
,SP,31.2,A,5,37,,,,,,,,,,,,,,
,SP,31.2,A,4,186,,,,,,,,,,,,,,
,SP,31.2,A,3,30,33,27,,,,,,,,,,,,
,SP,31.2,A,2,18,,,,,,,,,,,,,,
,SP,31.2,A,1,23,28,,,,,,,,,,,,,
,SP,32.1,D,6,132,144,,,,,,,,,,,,,
,SP,32.1,D,5,124,,,,,,,,,,,,,,
,SP,32.1,D,4,129,174,,,,,,,,,,,,,
,SP,32.1,D,3,143,140,,,,,,,,,,,,,
,SP,32.1,D,2,175,,,,,,,,,,,,,,
,SP,32.1,D,1,127,,,,,,,,,,,,,,
,SP,32.1,C,6,88,97,,,,,,,,,,,,,
,SP,32.1,C,5,91,,,,,,,,,,,,,,
,SP,32.1,C,4,94,,,,,,,,,,,,,,
,SP,32.1,C,3,92,93,103,,,,,,,,,,,,
,SP,32.1,C,2,104,,,,,,,,,,,,,,
,SP,32.1,C,1,96,89,105,,,,,,,,,,,,
,SP,32.1,B,6,60,73,,,,,,,,,,,,,
,SP,32.1,B,5,58,75,,,,,,,,,,,,,
,SP,32.1,B,4,61,83,70,,,,,,,,,,,,
,SP,32.1,B,3,68,57,81,,,,,,,,,,,,
,SP,32.1,B,2,62,,,,,,,,,,,,,,
,SP,32.1,B,1,56,64,,,,,,,,,,,,,
,SP,32.1,A,6,10,13,27,,,,,,,,,,,,
,SP,32.1,A,5,35,,,,,,,,,,,,,,
,SP,32.1,A,4,21,28,24,,,,,,,,,,,,
,SP,32.1,A,3,23,33,,,,,,,,,,,,,
,SP,32.1,A,2,18,,,,,,,,,,,,,,
,SP,32.1,A,1,16,30,34,,,,,,,,,,,,
,SP,32.2,D,6,130,,,,,,,,,,,,,,
,SP,32.2,D,5,122,,,,,,,,,,,,,,
,SP,32.2,D,4,114,111,116,,,,,,,,,,,,
,SP,32.2,D,3,126,138,145,,,,,,,,,,,,
,SP,32.2,D,2,151,,,,,,,,,,,,,,
,SP,32.2,D,1,127,135,119,,,,,,,,,,,,
,SP,32.2,C,6,77,78,89,,,,,,,,,,,,
,SP,32.2,C,5,86,84,91,87,,,,,,,,,,,
,SP,32.2,C,4,76,83,88,93,,,,,,,,,,,
,SP,32.2,C,3,74,95,94,,,,,,,,,,,,
,SP,32.2,C,2,82,85,,,,,,,,,,,,,
,SP,32.2,C,1,79,92,81,,,,,,,,,,,,
,SP,32.2,B,6,58,65,,,,,,,,,,,,,
,SP,32.2,B,5,59,,,,,,,,,,,,,,
,SP,32.2,B,4,62,70,,,,,,,,,,,,,
,SP,32.2,B,3,60,66,69,,,,,,,,,,,,
,SP,32.2,B,2,NA,,,,,,,,,,,,,,
,SP,32.2,B,1,67,68,,,,,,,,,,,,,
,SP,32.2,A,6,22,28,,,,,,,,,,,,,
,SP,32.2,A,5,38,34,,,,,,,,,,,,,
,SP,32.2,A,4,30,39,27,,,,,,,,,,,,
,SP,32.2,A,3,33,23,37,46,,,,,,,,,,,
,SP,32.2,A,2,NA,,,,,,,,,,,,,,
,SP,32.2,A,1,32,29,41,42,,,,,,,,,,,
,SP,33.1,D,6,115,116,117,,,,,,,,,,,,
,SP,33.1,D,5,86,,,,,,,,,,,,,,
,SP,33.1,D,4,90,98,,,,,,,,,,,,,
,SP,33.1,D,3,89,,,,,,,,,,,,,,
,SP,33.1,D,2,81,84,,,,,,,,,,,,,
,SP,33.1,D,1,103,96,,,,,,,,,,,,,
,SP,33.1,C,6,118,,,,,,,,,,,,,,
,SP,33.1,C,5,70,71,,,,,,,,,,,,,
,SP,33.1,C,4,63,,,,,,,,,,,,,,
,SP,33.1,C,3,64,,,,,,,,,,,,,,
,SP,33.1,C,2,66,75,,,,,,,,,,,,,
,SP,33.1,C,1,72,,,,,,,,,,,,,,
,SP,33.1,B,6,50,119,,,,,,,,,,,,,
,SP,33.1,B,5,48,43,,,,,,,,,,,,,
,SP,33.1,B,4,42,,,,,,,,,,,,,,
,SP,33.1,B,3,41,,,,,,,,,,,,,,
,SP,33.1,B,2,45,44,,,,,,,,,,,,,
,SP,33.1,B,1,47,56,55,58,,,,,,,,,,,
,SP,33.1,A,6,25,,,,,,,,,,,,,,
,SP,33.1,A,5,23,30,,,,,,,,,,,,,
,SP,33.1,A,4,NA,,,,,,,,,,,,,,
,SP,33.1,A,3,32,,,,,,,,,,,,,,
,SP,33.1,A,2,20,,,,,,,,,,,,,,
,SP,33.1,A,1,21,24,31,29,,,,,,,,,,,
,SP,33.2,D,6,110,,,,,,,,,,,,,,
,SP,33.2,D,5,103,,,,,,,,,,,,,,
,SP,33.2,D,4,93,,,,,,,,,,,,,,
,SP,33.2,D,3,107,115,,,,,,,,,,,,,
,SP,33.2,D,2,108,,,,,,,,,,,,,,
,SP,33.2,D,1,105,102,,,,,,,,,,,,,
,SP,33.2,C,6,74,76,78,,,,,,,,,,,,
,SP,33.2,C,5,87,,,,,,,,,,,,,,
,SP,33.2,C,4,138,,,,,,,,,,,,,,
,SP,33.2,C,3,71,,,,,,,,,,,,,,
,SP,33.2,C,2,73,,,,,,,,,,,,,,
,SP,33.2,C,1,75,81,,,,,,,,,,,,,
,SP,33.2,B,6,48,53,,,,,,,,,,,,,
,SP,33.2,B,5,55,57,,,,,,,,,,,,,
,SP,33.2,B,4,52,,,,,,,,,,,,,,
,SP,33.2,B,3,46,,,,,,,,,,,,,,
,SP,33.2,B,2,50,,,,,,,,,,,,,,
,SP,33.2,B,1,47,,,,,,,,,,,,,,
,SP,33.2,A,6,15,19,35,,,,,,,,,,,,
,SP,33.2,A,5,13,30,18,,,,,,,,,,,,
,SP,33.2,A,4,9,11,21,,,,,,,,,,,,
,SP,33.2,A,3,23,28,33,,,,,,,,,,,,
,SP,33.2,A,2,16,14,24,,,,,,,,,,,,
,SP,33.2,A,1,25,31,,,,,,,,,,,,,
,SP,34.1,D,6,115,124,,,,,,,,,,,,,
,SP,34.1,D,5,119,132,,,,,,,,,,,,,
,SP,34.1,D,4,120,129,128,,,,,,,,,,,,
,SP,34.1,D,3,110,116,,,,,,,,,,,,,
,SP,34.1,D,2,127,,,,,,,,,,,,,,
,SP,34.1,D,1,130,139,133,,,,,,,,,,,,
,SP,34.1,C,6,90,97,98,,,,,,,,,,,,
,SP,34.1,C,5,89,86,101,,,,,,,,,,,,
,SP,34.1,C,4,87,93,,,,,,,,,,,,,
,SP,34.1,C,3,85,,,,,,,,,,,,,,
,SP,34.1,C,2,94,,,,,,,,,,,,,,
,SP,34.1,C,1,83,84,92,95,,,,,,,,,,,
,SP,34.1,B,6,58,63,68,188,,,,,,,,,,,
,SP,34.1,B,5,53,64,67,59,,,,,,,,,,,
,SP,34.1,B,4,61,70,73,,,,,,,,,,,,
,SP,34.1,B,3,43,56,66,,,,,,,,,,,,
,SP,34.1,B,2,50,,,,,,,,,,,,,,
,SP,34.1,B,1,51,69,,,,,,,,,,,,,
,SP,34.1,A,6,15,16,,,,,,,,,,,,,
,SP,34.1,A,5,17,26,34,,,,,,,,,,,,
,SP,34.1,A,4,11,13,28,31,33,,,,,,,,,,
,SP,34.1,A,3,14,29,,,,,,,,,,,,,
,SP,34.1,A,2,24,,,,,,,,,,,,,,
,SP,34.1,A,1,12,10,20,27,25,30,32,,,,,,,,
,SP,34.2,D,6,131,135,141,,,,,,,,,,,,
,SP,34.2,D,5,126,142,146,133,,,,,,,,,,,
,SP,34.2,D,4,132,130,128,143,,,,,,,,,,,
,SP,34.2,D,3,134,139,138,151,,,,,,,,,,,
,SP,34.2,D,2,NA,,,,,,,,,,,,,,
,SP,34.2,D,1,137,147,152,,,,,,,,,,,,
,SP,34.2,C,6,84,,,,,,,,,,,,,,
,SP,34.2,C,5,99,102,112,,,,,,,,,,,,
,SP,34.2,C,4,95,89,88,93,,,,,,,,,,,
,SP,34.2,C,3,109,113,100,,,,,,,,,,,,
,SP,34.2,C,2,NA,,,,,,,,,,,,,,
,SP,34.2,C,1,98,104,108,107,110,,,,,,,,,,
,SP,34.2,B,6,53,64,,,,,,,,,,,,,
,SP,34.2,B,5,62,65,61,60,72,,,,,,,,,,
,SP,34.2,B,4,49,63,68,,,,,,,,,,,,
,SP,34.2,B,3,50,47,,,,,,,,,,,,,
,SP,34.2,B,2,NA,,,,,,,,,,,,,,
,SP,34.2,B,1,52,59,54,66,,,,,,,,,,,
,SP,34.2,A,6,24,18,27,,,,,,,,,,,,
,SP,34.2,A,5,28,21,,,,,,,,,,,,,
,SP,34.2,A,4,14,,,,,,,,,,,,,,
,SP,34.2,A,3,19,23,29,,,,,,,,,,,,
,SP,34.2,A,2,NA,,,,,,,,,,,,,,
,SP,34.2,A,1,8,20,26,,,,,,,,,,,,
,SP,35.1,D,6,93,96,110,118,,,,,,,,,,,
,SP,35.1,D,5,97,105,115,116,,,,,,,,,,,
,SP,35.1,D,4,104,103,,,,,,,,,,,,,
,SP,35.1,D,3,88,89,,,,,,,,,,,,,
,SP,35.1,D,2,106,112,,,,,,,,,,,,,
,SP,35.1,D,1,92,,,,,,,,,,,,,,
,SP,35.1,C,6,74,73,81,,,,,,,,,,,,
,SP,35.1,C,5,70,69,76,,,,,,,,,,,,
,SP,35.1,C,4,75,,,,,,,,,,,,,,
,SP,35.1,C,3,79,,,,,,,,,,,,,,
,SP,35.1,C,2,67,68,71,77,,,,,,,,,,,
,SP,35.1,C,1,72,80,,,,,,,,,,,,,
,SP,35.1,B,6,44,57,64,51,,,,,,,,,,,
,SP,35.1,B,5,61,59,56,52,,,,,,,,,,,
,SP,35.1,B,4,49,,,,,,,,,,,,,,
,SP,35.1,B,3,50,53,58,,,,,,,,,,,,
,SP,35.1,B,2,60,62,,,,,,,,,,,,,
,SP,35.1,B,1,47,48,,,,,,,,,,,,,
,SP,35.1,A,6,10,,,,,,,,,,,,,,
,SP,35.1,A,5,25,19,,,,,,,,,,,,,
,SP,35.1,A,4,17,32,,,,,,,,,,,,,
,SP,35.1,A,3,30,,,,,,,,,,,,,,
,SP,35.1,A,2,14,26,,,,,,,,,,,,,
,SP,35.1,A,1,18,,,,,,,,,,,,,,
,SP,35.2,D,6,67,,,,,,,,,,,,,,
,SP,35.2,D,5,69,80,70,,,,,,,,,,,,
,SP,35.2,D,4,83,,,,,,,,,,,,,,
,SP,35.2,D,3,73,88,,,,,,,,,,,,,
,SP,35.2,D,2,77,76,84,,,,,,,,,,,,
,SP,35.2,D,1,85,78,94,,,,,,,,,,,,
,SP,35.2,C,6,52,55,,,,,,,,,,,,,
,SP,35.2,C,5,58,65,,,,,,,,,,,,,
,SP,35.2,C,4,63,,,,,,,,,,,,,,
,SP,35.2,C,3,61,,,,,,,,,,,,,,
,SP,35.2,C,2,60,64,66,,,,,,,,,,,,
,SP,35.2,C,1,54,56,59,62,,,,,,,,,,,
,SP,35.2,B,6,30,35,38,109,,,,,,,,,,,
,SP,35.2,B,5,29,47,50,48,,,,,,,,,,,
,SP,35.2,B,4,41,,,,,,,,,,,,,,
,SP,35.2,B,3,34,40,45,,,,,,,,,,,,
,SP,35.2,B,2,31,43,46,,,,,,,,,,,,
,SP,35.2,B,1,42,,,,,,,,,,,,,,
,SP,35.2,A,6,21,,,,,,,,,,,,,,
,SP,35.2,A,5,10,,,,,,,,,,,,,,
,SP,35.2,A,4,8,16,19,,,,,,,,,,,,
,SP,35.2,A,3,9,,,,,,,,,,,,,,
,SP,35.2,A,2,12,13,14,20,,,,,,,,,,,
,SP,35.2,A,1,11,,,,,,,,,,,,,,
,SP,36.1,D,6,111,,,,,,,,,,,,,,
,SP,36.1,D,5,97,108,,,,,,,,,,,,,
,SP,36.1,D,4,101,112,118,,,,,,,,,,,,
,SP,36.1,D,3,95,105,,,,,,,,,,,,,
,SP,36.1,D,2,102,107,115,122,,,,,,,,,,,
,SP,36.1,D,1,96,110,103,,,,,,,,,,,,
,SP,36.1,C,6,86,91,,,,,,,,,,,,,
,SP,36.1,C,5,74,85,88,92,,,,,,,,,,,
,SP,36.1,C,4,70,77,79,90,,,,,,,,,,,
,SP,36.1,C,3,72,75,82,87,,,,,,,,,,,
,SP,36.1,C,2,84,83,,,,,,,,,,,,,
,SP,36.1,C,1,76,73,78,,,,,,,,,,,,
,SP,36.1,B,6,62,63,,,,,,,,,,,,,
,SP,36.1,B,5,65,,,,,,,,,,,,,,
,SP,36.1,B,4,48,50,53,57,54,,,,,,,,,,
,SP,36.1,B,3,58,,,,,,,,,,,,,,
,SP,36.1,B,2,49,55,59,66,,,,,,,,,,,
,SP,36.1,B,1,51,52,61,60,56,,,,,,,,,,
,SP,36.1,A,6,24,37,41,,,,,,,,,,,,
,SP,36.1,A,5,34,27,,,,,,,,,,,,,
,SP,36.1,A,4,30,21,29,,,,,,,,,,,,
,SP,36.1,A,3,35,44,39,47,,,,,,,,,,,
,SP,36.1,A,2,23,31,36,,,,,,,,,,,,
,SP,36.1,A,1,1,28,22,38,40,,,,,,,,,,
,SP,36.2,D,6,122,117,,,,,,,,,,,,,
,SP,36.2,D,5,119,,,,,,,,,,,,,,
,SP,36.2,D,4,125,130,,,,,,,,,,,,,
,SP,36.2,D,3,127,,,,,,,,,,,,,,
,SP,36.2,D,2,120,128,,,,,,,,,,,,,
,SP,36.2,D,1,118,131,,,,,,,,,,,,,
,SP,36.2,C,6,88,92,99,,,,,,,,,,,,
,SP,36.2,C,5,83,93,95,,,,,,,,,,,,
,SP,36.2,C,4,85,89,100,,,,,,,,,,,,
,SP,36.2,C,3,80,81,103,94,,,,,,,,,,,
,SP,36.2,C,2,90,87,86,91,98,101,,,,,,,,,
,SP,36.2,C,1,196,102,,,,,,,,,,,,,
,SP,36.2,B,6,59,63,72,,,,,,,,,,,,
,SP,36.2,B,5,50,51,65,,,,,,,,,,,,
,SP,36.2,B,4,53,62,54,,,,,,,,,,,,
,SP,36.2,B,3,55,64,68,75,,,,,,,,,,,
,SP,36.2,B,2,56,69,,,,,,,,,,,,,
,SP,36.2,B,1,57,60,67,70,,,,,,,,,,,
,SP,36.2,A,6,22,26,37,,,,,,,,,,,,
,SP,36.2,A,5,33,28,29,38,,,,,,,,,,,
,SP,36.2,A,4,19,30,,,,,,,,,,,,,
,SP,36.2,A,3,13,23,34,,,,,,,,,,,,
,SP,36.2,A,2,25,32,,,,,,,,,,,,,
,SP,36.2,A,1,10,21,17,,,,,,,,,,,,
,SP,37.1,D,6,125,,,,,,,,,,,,,,
,SP,37.1,D,5,119,,,,,,,,,,,,,,
,SP,37.1,D,4,NA,,,,,,,,,,,,,,
,SP,37.1,D,3,112,121,126,,,,,,,,,,,,
,SP,37.1,D,2,117,115,,,,,,,,,,,,,
,SP,37.1,D,1,113,128,,,,,,,,,,,,,
,SP,37.1,C,6,73,,,,,,,,,,,,,,
,SP,37.1,C,5,78,93,,,,,,,,,,,,,
,SP,37.1,C,4,76,72,,,,,,,,,,,,,
,SP,37.1,C,3,74,69,,,,,,,,,,,,,
,SP,37.1,C,2,85,90,,,,,,,,,,,,,
,SP,37.1,C,1,83,91,100,89,,,,,,,,,,,
,SP,37.1,B,6,41,46,,,,,,,,,,,,,
,SP,37.1,B,5,44,,,,,,,,,,,,,,
,SP,37.1,B,4,45,,,,,,,,,,,,,,
,SP,37.1,B,3,42,47,53,48,,,,,,,,,,,
,SP,37.1,B,2,40,43,,,,,,,,,,,,,
,SP,37.1,B,1,49,51,,,,,,,,,,,,,
,SP,37.1,A,6,10,,,,,,,,,,,,,,
,SP,37.1,A,5,19,,,,,,,,,,,,,,
,SP,37.1,A,4,22,,,,,,,,,,,,,,
,SP,37.1,A,3,8,11,25,,,,,,,,,,,,
,SP,37.1,A,2,12,,,,,,,,,,,,,,
,SP,37.1,A,1,21,15,,,,,,,,,,,,,
,SP,37.2,D,6,112,108,,,,,,,,,,,,,
,SP,37.2,D,5,101,111,,,,,,,,,,,,,
,SP,37.2,D,4,109,,,,,,,,,,,,,,
,SP,37.2,D,3,149,,,,,,,,,,,,,,
,SP,37.2,D,2,150,,,,,,,,,,,,,,
,SP,37.2,D,1,151,152,,,,,,,,,,,,,
,SP,37.2,C,6,69,85,,,,,,,,,,,,,
,SP,37.2,C,5,76,,,,,,,,,,,,,,
,SP,37.2,C,4,55,,,,,,,,,,,,,,
,SP,37.2,C,3,77,84,87,,,,,,,,,,,,
,SP,37.2,C,2,64,75,,,,,,,,,,,,,
,SP,37.2,C,1,66,74,89,,,,,,,,,,,,
,SP,37.2,B,6,36,39,,,,,,,,,,,,,
,SP,37.2,B,5,43,46,48,,,,,,,,,,,,
,SP,37.2,B,4,153,,,,,,,,,,,,,,
,SP,37.2,B,3,41,,,,,,,,,,,,,,
,SP,37.2,B,2,40,44,,,,,,,,,,,,,
,SP,37.2,B,1,154,,,,,,,,,,,,,,
,SP,37.2,A,6,155,,,,,,,,,,,,,,
,SP,37.2,A,5,156,,,,,,,,,,,,,,
,SP,37.2,A,4,10,,,,,,,,,,,,,,
,SP,37.2,A,3,13,16,,,,,,,,,,,,,
,SP,37.2,A,2,15,20,,,,,,,,,,,,,
,SP,37.2,A,1,157,,,,,,,,,,,,,,
,SP,38.1,D,6,227,,,,,,,,,,,,,,
,SP,38.1,D,5,167,180,,,,,,,,,,,,,
,SP,38.1,D,4,228,,,,,,,,,,,,,,
,SP,38.1,D,3,160,165,189,,,,,,,,,,,,
,SP,38.1,D,2,164,172,178,,,,,,,,,,,,
,SP,38.1,D,1,170,229,,,,,,,,,,,,,
,SP,38.1,C,6,230,231,,,,,,,,,,,,,
,SP,38.1,C,5,126,,,,,,,,,,,,,,
,SP,38.1,C,4,119,,,,,,,,,,,,,,
,SP,38.1,C,3,109,118,123,,,,,,,,,,,,
,SP,38.1,C,2,108,,,,,,,,,,,,,,
,SP,38.1,C,1,107,116,120,,,,,,,,,,,,
,SP,38.1,B,6,72,,,,,,,,,,,,,,
,SP,38.1,B,5,86,,,,,,,,,,,,,,
,SP,38.1,B,4,84,232,,,,,,,,,,,,,
,SP,38.1,B,3,78,82,91,,,,,,,,,,,,
,SP,38.1,B,2,79,,,,,,,,,,,,,,
,SP,38.1,B,1,76,87,90,,,,,,,,,,,,
,SP,38.1,A,6,22,36,53,233,234,,,,,,,,,,
,SP,38.1,A,5,32,,,,,,,,,,,,,,
,SP,38.1,A,4,29,46,,,,,,,,,,,,,
,SP,38.1,A,3,16,28,40,33,,,,,,,,,,,
,SP,38.1,A,2,44,,,,,,,,,,,,,,
,SP,38.1,A,1,50,48,43,56,52,,,,,,,,,,
,SP,38.2,D,6,124,125,150,,,,,,,,,,,,
,SP,38.2,D,5,130,138,148,,,,,,,,,,,,
,SP,38.2,D,4,132,144,140,,,,,,,,,,,,
,SP,38.2,D,3,135,139,141,133,,,,,,,,,,,
,SP,38.2,D,2,137,143,,,,,,,,,,,,,
,SP,38.2,D,1,126,134,,,,,,,,,,,,,
,SP,38.2,C,6,94,99,106,113,,,,,,,,,,,
,SP,38.2,C,5,109,,,,,,,,,,,,,,
,SP,38.2,C,4,102,,,,,,,,,,,,,,
,SP,38.2,C,3,92,93,98,103,,,,,,,,,,,
,SP,38.2,C,2,105,104,,,,,,,,,,,,,
,SP,38.2,C,1,101,,,,,,,,,,,,,,
,SP,38.2,B,6,62,73,72,76,80,,,,,,,,,,
,SP,38.2,B,5,66,70,,,,,,,,,,,,,
,SP,38.2,B,4,74,75,,,,,,,,,,,,,
,SP,38.2,B,3,68,,,,,,,,,,,,,,
,SP,38.2,B,2,64,63,,,,,,,,,,,,,
,SP,38.2,B,1,55,71,77,,,,,,,,,,,,
,SP,38.2,A,6,29,,,,,,,,,,,,,,
,SP,38.2,A,5,50,54,52,,,,,,,,,,,,
,SP,38.2,A,4,48,47,53,,,,,,,,,,,,
,SP,38.2,A,3,33,43,,,,,,,,,,,,,
,SP,38.2,A,2,32,,,,,,,,,,,,,,
,SP,38.2,A,1,38,,,,,,,,,,,,,,
,SP,39.1,D,6,116,124,126,,,,,,,,,,,,
,SP,39.1,D,5,125,133,,,,,,,,,,,,,
,SP,39.1,D,4,128,117,118,,,,,,,,,,,,
,SP,39.1,D,3,120,,,,,,,,,,,,,,
,SP,39.1,D,2,119,,,,,,,,,,,,,,
,SP,39.1,D,1,115,,,,,,,,,,,,,,
,SP,39.1,C,6,97,100,103,,,,,,,,,,,,
,SP,39.1,C,5,99,104,109,110,,,,,,,,,,,
,SP,39.1,C,4,93,102,96,94,,,,,,,,,,,
,SP,39.1,C,3,95,,,,,,,,,,,,,,
,SP,39.1,C,2,105,106,108,,,,,,,,,,,,
,SP,39.1,C,1,92,91,89,,,,,,,,,,,,
,SP,39.1,B,6,66,68,71,80,,,,,,,,,,,
,SP,39.1,B,5,67,69,82,84,,,,,,,,,,,
,SP,39.1,B,4,72,73,77,,,,,,,,,,,,
,SP,39.1,B,3,76,79,,,,,,,,,,,,,
,SP,39.1,B,2,70,75,74,81,,,,,,,,,,,
,SP,39.1,B,1,78,83,,,,,,,,,,,,,
,SP,39.1,A,6,37,51,,,,,,,,,,,,,
,SP,39.1,A,5,21,40,47,,,,,,,,,,,,
,SP,39.1,A,4,34,,,,,,,,,,,,,,
,SP,39.1,A,3,22,30,31,39,,,,,,,,,,,
,SP,39.1,A,2,32,,,,,,,,,,,,,,
,SP,39.1,A,1,26,24,,,,,,,,,,,,,
,SP,39.2,D,6,110,116,111,,,,,,,,,,,,
,SP,39.2,D,5,114,125,128,,,,,,,,,,,,
,SP,39.2,D,4,123,119,131,,,,,,,,,,,,
,SP,39.2,D,3,136,,,,,,,,,,,,,,
,SP,39.2,D,2,106,,,,,,,,,,,,,,
,SP,39.2,D,1,112,134,,,,,,,,,,,,,
,SP,39.2,C,6,72,76,,,,,,,,,,,,,
,SP,39.2,C,5,63,64,,,,,,,,,,,,,
,SP,39.2,C,4,150,,,,,,,,,,,,,,
,SP,39.2,C,3,75,,,,,,,,,,,,,,
,SP,39.2,C,2,79,,,,,,,,,,,,,,
,SP,39.2,C,1,77,,,,,,,,,,,,,,
,SP,39.2,B,6,52,56,62,,,,,,,,,,,,
,SP,39.2,B,5,51,47,,,,,,,,,,,,,
,SP,39.2,B,4,54,,,,,,,,,,,,,,
,SP,39.2,B,3,55,,,,,,,,,,,,,,
,SP,39.2,B,2,50,,,,,,,,,,,,,,
,SP,39.2,B,1,48,53,58,57,,,,,,,,,,,
,SP,39.2,A,6,26,,,,,,,,,,,,,,
,SP,39.2,A,5,8,20,,,,,,,,,,,,,
,SP,39.2,A,4,30,38,,,,,,,,,,,,,
,SP,39.2,A,3,28,,,,,,,,,,,,,,
,SP,39.2,A,2,22,,,,,,,,,,,,,,
,SP,39.2,A,1,23,25,27,36,,,,,,,,,,,
,SP,40.1,D,6,112,,,,,,,,,,,,,,
,SP,40.1,D,5,111,104,115,,,,,,,,,,,,
,SP,40.1,D,4,NA,,,,,,,,,,,,,,
,SP,40.1,D,3,100,,,,,,,,,,,,,,
,SP,40.1,D,2,NA,,,,,,,,,,,,,,
,SP,40.1,D,1,101,110,,,,,,,,,,,,,
,SP,40.1,C,6,65,72,83,87,90,67,77,,,,,,,,
,SP,40.1,C,5,82,85,81,,,,,,,,,,,,
,SP,40.1,C,4,NA,,,,,,,,,,,,,,
,SP,40.1,C,3,75,80,89,,,,,,,,,,,,
,SP,40.1,C,2,NA,,,,,,,,,,,,,,
,SP,40.1,C,1,76,79,,,,,,,,,,,,,
,SP,40.1,B,6,42,41,40,43,,,,,,,,,,,
,SP,40.1,B,5,35,37,,,,,,,,,,,,,
,SP,40.1,B,4,NA,,,,,,,,,,,,,,
,SP,40.1,B,3,36,39,50,54,,,,,,,,,,,
,SP,40.1,B,2,NA,,,,,,,,,,,,,,
,SP,40.1,B,1,38,47,,,,,,,,,,,,,
,SP,40.1,A,6,14,24,23,26,,,,,,,,,,,
,SP,40.1,A,5,9,15,19,20,,,,,,,,,,,
,SP,40.1,A,4,NA,,,,,,,,,,,,,,
,SP,40.1,A,3,5,6,11,135,,,,,,,,,,,
,SP,40.1,A,2,10,,,,,,,,,,,,,,
,SP,40.1,A,1,16,25,,,,,,,,,,,,,
,SP,40.2,D,6,72,80,,,,,,,,,,,,,
,SP,40.2,D,5,73,79,,,,,,,,,,,,,
,SP,40.2,D,4,82,,,,,,,,,,,,,,
,SP,40.2,D,3,71,75,77,,,,,,,,,,,,
,SP,40.2,D,2,NA,,,,,,,,,,,,,,
,SP,40.2,D,1,74,76,,,,,,,,,,,,,
,SP,40.2,C,6,53,58,,,,,,,,,,,,,
,SP,40.2,C,5,61,67,,,,,,,,,,,,,
,SP,40.2,C,4,NA,,,,,,,,,,,,,,
,SP,40.2,C,3,56,60,64,,,,,,,,,,,,
,SP,40.2,C,2,66,,,,,,,,,,,,,,
,SP,40.2,C,1,55,52,91,92,,,,,,,,,,,
,SP,40.2,B,6,35,46,,,,,,,,,,,,,
,SP,40.2,B,5,36,40,,,,,,,,,,,,,
,SP,40.2,B,4,NA,,,,,,,,,,,,,,
,SP,40.2,B,3,33,34,48,,,,,,,,,,,,
,SP,40.2,B,2,NA,,,,,,,,,,,,,,
,SP,40.2,B,1,44,49,,,,,,,,,,,,,
,SP,40.2,A,6,9,14,,,,,,,,,,,,,
,SP,40.2,A,5,12,16,,,,,,,,,,,,,
,SP,40.2,A,4,NA,,,,,,,,,,,,,,
,SP,40.2,A,3,13,,,,,,,,,,,,,,
,SP,40.2,A,2,NA,,,,,,,,,,,,,,
,SP,40.2,A,1,10,21,,,,,,,,,,,,,
,AW,41.1,A,1,4,,,,,,,,,,,,,,
,AW,41.1,A,2,21,27,,,,,,,,,,,,,
,AW,41.1,A,3,14,,,,,,,,,,,,,,
,AW,41.1,A,4,15,,,,,,,,,,,,,,
,AW,41.1,A,5,20,158,,,,,,,,,,,,,
,AW,41.1,A,6,22,23,159,,,,,,,,,,,,
,AW,41.1,B,1,70,79,,,,,,,,,,,,,
,AW,41.1,B,2,78,86,160,,,,,,,,,,,,
,AW,41.1,B,3,77,84,,,,,,,,,,,,,
,AW,41.1,B,4,73,,,,,,,,,,,,,,
,AW,41.1,B,5,72,92,,,,,,,,,,,,,
,AW,41.1,B,6,75,91,161,,,,,,,,,,,,
,AW,41.1,C,1,103,109,123,,,,,,,,,,,,
,AW,41.1,C,2,98,112,,,,,,,,,,,,,
,AW,41.1,C,3,104,,,,,,,,,,,,,,
,AW,41.1,C,4,110,,,,,,,,,,,,,,
,AW,41.1,C,5,105,162,,,,,,,,,,,,,
,AW,41.1,C,6,108,,,,,,,,,,,,,,
,AW,41.1,D,1,137,,,,,,,,,,,,,,
,AW,41.1,D,2,145,,,,,,,,,,,,,,
,AW,41.1,D,3,146,,,,,,,,,,,,,,
,AW,41.1,D,4,163,,,,,,,,,,,,,,
,AW,41.1,D,5,147,164,,,,,,,,,,,,,
,AW,41.1,D,6,149,150,,,,,,,,,,,,,
,AW,41.2,A,1,28,,,,,,,,,,,,,,
,AW,41.2,A,2,152,153,,,,,,,,,,,,,
,AW,41.2,A,3,23,32,,,,,,,,,,,,,
,AW,41.2,A,4,24,,,,,,,,,,,,,,
,AW,41.2,A,5,22,,,,,,,,,,,,,,
,AW,41.2,A,6,21,26,33,,,,,,,,,,,,
,AW,41.2,B,1,61,75,,,,,,,,,,,,,
,AW,41.2,B,2,56,,,,,,,,,,,,,,
,AW,41.2,B,3,67,70,,,,,,,,,,,,,
,AW,41.2,B,4,74,154,,,,,,,,,,,,,
,AW,41.2,B,5,155,156,,,,,,,,,,,,,
,AW,41.2,B,6,53,69,157,,,,,,,,,,,,
,AW,41.2,C,1,104,,,,,,,,,,,,,,
,AW,41.2,C,2,108,,,,,,,,,,,,,,
,AW,41.2,C,3,102,,,,,,,,,,,,,,
,AW,41.2,C,4,106,,,,,,,,,,,,,,
,AW,41.2,C,5,96,100,,,,,,,,,,,,,
,AW,41.2,C,6,158,159,,,,,,,,,,,,,
,AW,41.2,D,1,132,,,,,,,,,,,,,,
,AW,41.2,D,2,137,160,,,,,,,,,,,,,
,AW,41.2,D,3,128,141,,,,,,,,,,,,,
,AW,41.2,D,4,133,,,,,,,,,,,,,,
,AW,41.2,D,5,161,162,,,,,,,,,,,,,
,AW,41.2,D,6,126,163,,,,,,,,,,,,,
,AW,42.1,A,1,15,34,,,,,,,,,,,,,
,AW,42.1,A,2,18,36,,,,,,,,,,,,,
,AW,42.1,A,3,25,190,,,,,,,,,,,,,
,AW,42.1,A,4,30,33,191,,,,,,,,,,,,
,AW,42.1,A,5,23,26,38,41,,,,,,,,,,,
,AW,42.1,A,6,21,,,,,,,,,,,,,,
,AW,42.1,B,1,61,76,81,,,,,,,,,,,,
,AW,42.1,B,2,64,,,,,,,,,,,,,,
,AW,42.1,B,3,59,73,,,,,,,,,,,,,
,AW,42.1,B,4,68,,,,,,,,,,,,,,
,AW,42.1,B,5,54,62,79,,,,,,,,,,,,
,AW,42.1,B,6,58,,,,,,,,,,,,,,
,AW,42.1,C,1,88,93,97,100,117,,,,,,,,,,
,AW,42.1,C,2,110,,,,,,,,,,,,,,
,AW,42.1,C,3,99,111,,,,,,,,,,,,,
,AW,42.1,C,4,124,192,,,,,,,,,,,,,
,AW,42.1,C,5,103,108,114,,,,,,,,,,,,
,AW,42.1,C,6,193,,,,,,,,,,,,,,
,AW,42.1,D,1,149,194,,,,,,,,,,,,,
,AW,42.1,D,2,145,150,,,,,,,,,,,,,
,AW,42.1,D,3,147,152,,,,,,,,,,,,,
,AW,42.1,D,4,158,160,195,,,,,,,,,,,,
,AW,42.1,D,5,NA,,,,,,,,,,,,,,
,AW,42.1,D,6,NA,,,,,,,,,,,,,,
,AW,42.2,A,1,14,53,,,,,,,,,,,,,
,AW,42.2,A,2,37,,,,,,,,,,,,,,
,AW,42.2,A,3,34,,,,,,,,,,,,,,
,AW,42.2,A,4,33,38,176,,,,,,,,,,,,
,AW,42.2,A,5,36,177,,,,,,,,,,,,,
,AW,42.2,A,6,178,,,,,,,,,,,,,,
,AW,42.2,B,1,71,81,82,,,,,,,,,,,,
,AW,42.2,B,2,66,75,179,,,,,,,,,,,,
,AW,42.2,B,3,77,,,,,,,,,,,,,,
,AW,42.2,B,4,68,74,79,,,,,,,,,,,,
,AW,42.2,B,5,69,78,80,,,,,,,,,,,,
,AW,42.2,B,6,65,,,,,,,,,,,,,,
,AW,42.2,C,1,88,101,108,,,,,,,,,,,,
,AW,42.2,C,2,84,86,93,,,,,,,,,,,,
,AW,42.2,C,3,90,97,,,,,,,,,,,,,
,AW,42.2,C,4,87,92,99,104,,,,,,,,,,,
,AW,42.2,C,5,95,100,,,,,,,,,,,,,
,AW,42.2,C,6,180,,,,,,,,,,,,,,
,AW,42.2,D,1,131,145,,,,,,,,,,,,,
,AW,42.2,D,2,136,151,,,,,,,,,,,,,
,AW,42.2,D,3,138,141,,,,,,,,,,,,,
,AW,42.2,D,4,147,181,,,,,,,,,,,,,
,AW,42.2,D,5,135,143,149,,,,,,,,,,,,
,AW,42.2,D,6,140,,,,,,,,,,,,,,
,AW,43.1,A,1,32,38,51,,,,,,,,,,,,
,AW,43.1,A,2,11,16,19,,,,,,,,,,,,
,AW,43.1,A,3,140,141,142,,,,,,,,,,,,
,AW,43.1,A,4,43,48,143,144,145,,,,,,,,,,
,AW,43.1,A,5,NA,,,,,,,,,,,,,,
,AW,43.1,A,6,21,39,40,44,49,146,147,,,,,,,,
,AW,43.1,B,1,72,79,,,,,,,,,,,,,
,AW,43.1,B,2,82,83,,,,,,,,,,,,,
,AW,43.1,B,3,75,,,,,,,,,,,,,,
,AW,43.1,B,4,67,74,,,,,,,,,,,,,
,AW,43.1,B,5,NA,,,,,,,,,,,,,,
,AW,43.1,B,6,65,71,73,85,,,,,,,,,,,
,AW,43.1,C,1,97,107,,,,,,,,,,,,,
,AW,43.1,C,2,96,100,109,,,,,,,,,,,,
,AW,43.1,C,3,102,,,,,,,,,,,,,,
,AW,43.1,C,4,95,98,103,105,,,,,,,,,,,
,AW,43.1,C,5,NA,,,,,,,,,,,,,,
,AW,43.1,C,6,110,106,,,,,,,,,,,,,
,AW,43.1,D,1,121,,,,,,,,,,,,,,
,AW,43.1,D,2,122,,,,,,,,,,,,,,
,AW,43.1,D,3,124,,,,,,,,,,,,,,
,AW,43.1,D,4,125,,,,,,,,,,,,,,
,AW,43.1,D,5,NA,,,,,,,,,,,,,,
,AW,43.1,D,6,119,123,,,,,,,,,,,,,
,AW,43.2,A,1,13,23,,,,,,,,,,,,,
,AW,43.2,A,2,21,24,,,,,,,,,,,,,
,AW,43.2,A,3,20,118,119,,,,,,,,,,,,
,AW,43.2,A,4,16,18,26,,,,,,,,,,,,
,AW,43.2,A,5,NA,,,,,,,,,,,,,,
,AW,43.2,A,6,11,17,25,,,,,,,,,,,,
,AW,43.2,B,1,38,44,120,,,,,,,,,,,,
,AW,43.2,B,2,32,39,42,,,,,,,,,,,,
,AW,43.2,B,3,35,,,,,,,,,,,,,,
,AW,43.2,B,4,36,,,,,,,,,,,,,,
,AW,43.2,B,5,NA,,,,,,,,,,,,,,
,AW,43.2,B,6,46,48,,,,,,,,,,,,,
,AW,43.2,C,1,73,121,,,,,,,,,,,,,
,AW,43.2,C,2,75,,,,,,,,,,,,,,
,AW,43.2,C,3,67,,,,,,,,,,,,,,
,AW,43.2,C,4,61,64,,,,,,,,,,,,,
,AW,43.2,C,5,NA,,,,,,,,,,,,,,
,AW,43.2,C,6,63,65,70,,,,,,,,,,,,
,AW,43.2,D,1,82,,,,,,,,,,,,,,
,AW,43.2,D,2,94,96,,,,,,,,,,,,,
,AW,43.2,D,3,93,,,,,,,,,,,,,,
,AW,43.2,D,4,84,85,,,,,,,,,,,,,
,AW,43.2,D,5,NA,,,,,,,,,,,,,,
,AW,43.2,D,6,89,97,102,,,,,,,,,,,,
,AW,44.1,A,1,26,249,,,,,,,,,,,,,
,AW,44.1,A,2,31,33,51,55,,,,,,,,,,,
,AW,44.1,A,3,43,250,251,,,,,,,,,,,,
,AW,44.1,A,4,50,,,,,,,,,,,,,,
,AW,44.1,A,5,32,36,46,252,,,,,,,,,,,
,AW,44.1,A,6,40,42,58,,,,,,,,,,,,
,AW,44.1,B,1,97,,,,,,,,,,,,,,
,AW,44.1,B,2,106,253,,,,,,,,,,,,,
,AW,44.1,B,3,108,121,,,,,,,,,,,,,
,AW,44.1,B,4,98,,,,,,,,,,,,,,
,AW,44.1,B,5,100,,,,,,,,,,,,,,
,AW,44.1,B,6,92,104,,,,,,,,,,,,,
,AW,44.1,C,1,139,254,,,,,,,,,,,,,
,AW,44.1,C,2,153,,,,,,,,,,,,,,
,AW,44.1,C,3,136,,,,,,,,,,,,,,
,AW,44.1,C,4,150,,,,,,,,,,,,,,
,AW,44.1,C,5,137,141,154,162,,,,,,,,,,,
,AW,44.1,C,6,157,255,256,257,,,,,,,,,,,
,AW,44.1,D,1,217,258,,,,,,,,,,,,,
,AW,44.1,D,2,203,,,,,,,,,,,,,,
,AW,44.1,D,3,206,259,260,,,,,,,,,,,,
,AW,44.1,D,4,261,262,,,,,,,,,,,,,
,AW,44.1,D,5,202,,,,,,,,,,,,,,
,AW,44.1,D,6,200,,,,,,,,,,,,,,
,AW,44.2,A,1,6,18,23,27,,,,,,,,,,,
,AW,44.2,A,2,16,26,159,,,,,,,,,,,,
,AW,44.2,A,3,13,21,,,,,,,,,,,,,
,AW,44.2,A,4,NA,,,,,,,,,,,,,,
,AW,44.2,A,5,15,,,,,,,,,,,,,,
,AW,44.2,A,6,14,,,,,,,,,,,,,,
,AW,44.2,B,1,42,60,,,,,,,,,,,,,
,AW,44.2,B,2,54,57,,,,,,,,,,,,,
,AW,44.2,B,3,50,62,160,,,,,,,,,,,,
,AW,44.2,B,4,51,,,,,,,,,,,,,,
,AW,44.2,B,5,48,52,,,,,,,,,,,,,
,AW,44.2,B,6,47,,,,,,,,,,,,,,
,AW,44.2,C,1,83,161,,,,,,,,,,,,,
,AW,44.2,C,2,162,,,,,,,,,,,,,,
,AW,44.2,C,3,82,163,,,,,,,,,,,,,
,AW,44.2,C,4,86,,,,,,,,,,,,,,
,AW,44.2,C,5,85,,,,,,,,,,,,,,
,AW,44.2,C,6,164,,,,,,,,,,,,,,
,AW,44.2,D,1,117,136,,,,,,,,,,,,,
,AW,44.2,D,2,165,166,167,,,,,,,,,,,,
,AW,44.2,D,3,121,123,,,,,,,,,,,,,
,AW,44.2,D,4,106,,,,,,,,,,,,,,
,AW,44.2,D,5,107,,,,,,,,,,,,,,
,AW,44.2,D,6,NA,,,,,,,,,,,,,,
,AW,45.1,A,1,21,152,,,,,,,,,,,,,
,AW,45.1,A,2,20,22,34,36,,,,,,,,,,,
,AW,45.1,A,3,16,30,32,37,,,,,,,,,,,
,AW,45.1,A,4,25,153,,,,,,,,,,,,,
,AW,45.1,A,5,9,40,,,,,,,,,,,,,
,AW,45.1,A,6,19,26,31,39,,,,,,,,,,,
,AW,45.1,B,1,154,155,,,,,,,,,,,,,
,AW,45.1,B,2,72,63,,,,,,,,,,,,,
,AW,45.1,B,3,76,,,,,,,,,,,,,,
,AW,45.1,B,4,70,156,,,,,,,,,,,,,
,AW,45.1,B,5,62,73,79,,,,,,,,,,,,
,AW,45.1,B,6,66,69,,,,,,,,,,,,,
,AW,45.1,C,1,100,104,,,,,,,,,,,,,
,AW,45.1,C,2,99,,,,,,,,,,,,,,
,AW,45.1,C,3,103,,,,,,,,,,,,,,
,AW,45.1,C,4,94,109,,,,,,,,,,,,,
,AW,45.1,C,5,97,,,,,,,,,,,,,,
,AW,45.1,C,6,95,107,157,158,,,,,,,,,,,
,AW,45.1,D,1,NA,,,,,,,,,,,,,,
,AW,45.1,D,2,123,,,,,,,,,,,,,,
,AW,45.1,D,3,125,126,,,,,,,,,,,,,
,AW,45.1,D,4,131,159,160,,,,,,,,,,,,
,AW,45.1,D,5,132,135,141,,,,,,,,,,,,
,AW,45.1,D,6,121,124,136,143,,,,,,,,,,,
,AW,45.2,A,1,13,27,170,,,,,,,,,,,,
,AW,45.2,A,2,11,,,,,,,,,,,,,,
,AW,45.2,A,3,15,25,171,,,,,,,,,,,,
,AW,45.2,A,4,18,23,,,,,,,,,,,,,
,AW,45.2,A,5,20,22,,,,,,,,,,,,,
,AW,45.2,A,6,9,14,21,,,,,,,,,,,,
,AW,45.2,B,1,54,,,,,,,,,,,,,,
,AW,45.2,B,2,49,,,,,,,,,,,,,,
,AW,45.2,B,3,60,,,,,,,,,,,,,,
,AW,45.2,B,4,69,172,173,,,,,,,,,,,,
,AW,45.2,B,5,52,64,70,174,,,,,,,,,,,
,AW,45.2,B,6,NA,,,,,,,,,,,,,,
,AW,45.2,C,1,99,102,,,,,,,,,,,,,
,AW,45.2,C,2,101,175,,,,,,,,,,,,,
,AW,45.2,C,3,91,,,,,,,,,,,,,,
,AW,45.2,C,4,176,177,,,,,,,,,,,,,
,AW,45.2,C,5,103,107,178,179,,,,,,,,,,,
,AW,45.2,C,6,97,,,,,,,,,,,,,,
,AW,45.2,D,1,180,,,,,,,,,,,,,,
,AW,45.2,D,2,126,,,,,,,,,,,,,,
,AW,45.2,D,3,120,,,,,,,,,,,,,,
,AW,45.2,D,4,139,,,,,,,,,,,,,,
,AW,45.2,D,5,134,181,,,,,,,,,,,,,
,AW,45.2,D,6,129,131,133,,,,,,,,,,,,
,AW,46.1,A,1,234,,,,,,,,,,,,,,
,AW,46.1,A,2,9,235,236,,,,,,,,,,,,
,AW,46.1,A,3,10,18,237,,,,,,,,,,,,
,AW,46.1,A,4,8,12,238,,,,,,,,,,,,
,AW,46.1,A,5,13,14,,,,,,,,,,,,,
,AW,46.1,A,6,11,19,239,240,,,,,,,,,,,
,AW,46.1,B,1,58,,,,,,,,,,,,,,
,AW,46.1,B,2,49,241,,,,,,,,,,,,,
,AW,46.1,B,3,51,56,66,,,,,,,,,,,,
,AW,46.1,B,4,52,,,,,,,,,,,,,,
,AW,46.1,B,5,55,,,,,,,,,,,,,,
,AW,46.1,B,6,45,53,,,,,,,,,,,,,
,AW,46.1,C,1,103,115,,,,,,,,,,,,,
,AW,46.1,C,2,100,242,,,,,,,,,,,,,
,AW,46.1,C,3,117,122,,,,,,,,,,,,,
,AW,46.1,C,4,104,105,107,,,,,,,,,,,,
,AW,46.1,C,5,101,121,,,,,,,,,,,,,
,AW,46.1,C,6,119,,,,,,,,,,,,,,
,AW,46.1,D,1,166,171,,,,,,,,,,,,,
,AW,46.1,D,2,161,243,244,,,,,,,,,,,,
,AW,46.1,D,3,163,245,,,,,,,,,,,,,
,AW,46.1,D,4,NA,,,,,,,,,,,,,,
,AW,46.1,D,5,183,,,,,,,,,,,,,,
,AW,46.1,D,6,180,,,,,,,,,,,,,,
,AW,46.2,A,1,14,,,,,,,,,,,,,,
,AW,46.2,A,2,21,,,,,,,,,,,,,,
,AW,46.2,A,3,19,20,,,,,,,,,,,,,
,AW,46.2,A,4,18,,,,,,,,,,,,,,
,AW,46.2,A,5,NA,,,,,,,,,,,,,,
,AW,46.2,A,6,NA,,,,,,,,,,,,,,
,AW,46.2,B,1,41,48,,,,,,,,,,,,,
,AW,46.2,B,2,35,,,,,,,,,,,,,,
,AW,46.2,B,3,31,33,39,45,,,,,,,,,,,
,AW,46.2,B,4,43,,,,,,,,,,,,,,
,AW,46.2,B,5,36,46,,,,,,,,,,,,,
,AW,46.2,B,6,37,40,,,,,,,,,,,,,
,AW,46.2,C,1,54,,,,,,,,,,,,,,
,AW,46.2,C,2,53,58,,,,,,,,,,,,,
,AW,46.2,C,3,60,61,63,,,,,,,,,,,,
,AW,46.2,C,4,NA,,,,,,,,,,,,,,
,AW,46.2,C,5,110,,,,,,,,,,,,,,
,AW,46.2,C,6,50,,,,,,,,,,,,,,
,AW,46.2,D,1,72,75,,,,,,,,,,,,,
,AW,46.2,D,2,74,76,,,,,,,,,,,,,
,AW,46.2,D,3,87,94,,,,,,,,,,,,,
,AW,46.2,D,4,NA,,,,,,,,,,,,,,
,AW,46.2,D,5,88,,,,,,,,,,,,,,
,AW,46.2,D,6,84,111,,,,,,,,,,,,,
,AW,47.1,A,1,17,,,,,,,,,,,,,,
,AW,47.1,A,2,20,139,140,141,,,,,,,,,,,
,AW,47.1,A,3,142,,,,,,,,,,,,,,
,AW,47.1,A,4,NA,,,,,,,,,,,,,,
,AW,47.1,A,5,11,12,13,18,,,,,,,,,,,
,AW,47.1,A,6,26,143,144,,,,,,,,,,,,
,AW,47.1,B,1,145,,,,,,,,,,,,,,
,AW,47.1,B,2,32,42,,,,,,,,,,,,,
,AW,47.1,B,3,46,49,,,,,,,,,,,,,
,AW,47.1,B,4,NA,,,,,,,,,,,,,,
,AW,47.1,B,5,35,37,,,,,,,,,,,,,
,AW,47.1,B,6,34,44,,,,,,,,,,,,,
,AW,47.1,C,1,73,74,,,,,,,,,,,,,
,AW,47.1,C,2,71,,,,,,,,,,,,,,
,AW,47.1,C,3,NA,,,,,,,,,,,,,,
,AW,47.1,C,4,NA,,,,,,,,,,,,,,
,AW,47.1,C,5,67,146,,,,,,,,,,,,,
,AW,47.1,C,6,72,,,,,,,,,,,,,,
,AW,47.1,D,1,112,118,,,,,,,,,,,,,
,AW,47.1,D,2,110,117,126,147,,,,,,,,,,,
,AW,47.1,D,3,148,,,,,,,,,,,,,,
,AW,47.1,D,4,NA,,,,,,,,,,,,,,
,AW,47.1,D,5,116,120,121,,,,,,,,,,,,
,AW,47.1,D,6,101,113,119,122,149,,,,,,,,,,
,AW,47.2,A,1,11,,,,,,,,,,,,,,
,AW,47.2,A,2,35,38,166,167,,,,,,,,,,,
,AW,47.2,A,3,31,168,,,,,,,,,,,,,
,AW,47.2,A,4,NA,,,,,,,,,,,,,,
,AW,47.2,A,5,21,,,,,,,,,,,,,,
,AW,47.2,A,6,16,28,,,,,,,,,,,,,
,AW,47.2,B,1,62,,,,,,,,,,,,,,
,AW,47.2,B,2,57,60,74,,,,,,,,,,,,
,AW,47.2,B,3,67,71,,,,,,,,,,,,,
,AW,47.2,B,4,NA,,,,,,,,,,,,,,
,AW,47.2,B,5,58,61,70,,,,,,,,,,,,
,AW,47.2,B,6,64,169,,,,,,,,,,,,,
,AW,47.2,C,1,91,,,,,,,,,,,,,,
,AW,47.2,C,2,87,95,109,,,,,,,,,,,,
,AW,47.2,C,3,94,113,,,,,,,,,,,,,
,AW,47.2,C,4,NA,,,,,,,,,,,,,,
,AW,47.2,C,5,90,98,,,,,,,,,,,,,
,AW,47.2,C,6,170,,,,,,,,,,,,,,
,AW,47.2,D,1,138,,,,,,,,,,,,,,
,AW,47.2,D,2,140,143,,,,,,,,,,,,,
,AW,47.2,D,3,141,147,,,,,,,,,,,,,
,AW,47.2,D,4,NA,,,,,,,,,,,,,,
,AW,47.2,D,5,132,139,,,,,,,,,,,,,
,AW,47.2,D,6,136,,,,,,,,,,,,,,
,AW,48.1,A,1,14,19,,,,,,,,,,,,,
,AW,48.1,A,2,10,21,,,,,,,,,,,,,
,AW,48.1,A,3,139,,,,,,,,,,,,,,
,AW,48.1,A,4,11,,,,,,,,,,,,,,
,AW,48.1,A,5,23,140,,,,,,,,,,,,,
,AW,48.1,A,6,141,,,,,,,,,,,,,,
,AW,48.1,B,1,54,,,,,,,,,,,,,,
,AW,48.1,B,2,47,50,64,,,,,,,,,,,,
,AW,48.1,B,3,NA,,,,,,,,,,,,,,
,AW,48.1,B,4,57,,,,,,,,,,,,,,
,AW,48.1,B,5,59,65,,,,,,,,,,,,,
,AW,48.1,B,6,38,,,,,,,,,,,,,,
,AW,48.1,C,1,92,,,,,,,,,,,,,,
,AW,48.1,C,2,86,97,98,,,,,,,,,,,,
,AW,48.1,C,3,NA,,,,,,,,,,,,,,
,AW,48.1,C,4,NA,,,,,,,,,,,,,,
,AW,48.1,C,5,89,91,,,,,,,,,,,,,
,AW,48.1,C,6,83,88,90,95,,,,,,,,,,,
,AW,48.1,D,1,142,,,,,,,,,,,,,,
,AW,48.1,D,2,110,,,,,,,,,,,,,,
,AW,48.1,D,3,NA,,,,,,,,,,,,,,
,AW,48.1,D,4,121,,,,,,,,,,,,,,
,AW,48.1,D,5,115,122,,,,,,,,,,,,,
,AW,48.1,D,6,120,,,,,,,,,,,,,,
,AW,48.2,A,1,7,,,,,,,,,,,,,,
,AW,48.2,A,2,8,12,,,,,,,,,,,,,
,AW,48.2,A,3,NA,,,,,,,,,,,,,,
,AW,48.2,A,4,11,,,,,,,,,,,,,,
,AW,48.2,A,5,9,,,,,,,,,,,,,,
,AW,48.2,A,6,121,,,,,,,,,,,,,,
,AW,48.2,B,1,29,122,,,,,,,,,,,,,
,AW,48.2,B,2,27,,,,,,,,,,,,,,
,AW,48.2,B,3,NA,,,,,,,,,,,,,,
,AW,48.2,B,4,31,36,,,,,,,,,,,,,
,AW,48.2,B,5,37,46,,,,,,,,,,,,,
,AW,48.2,B,6,33,35,,,,,,,,,,,,,
,AW,48.2,C,1,71,,,,,,,,,,,,,,
,AW,48.2,C,2,62,66,,,,,,,,,,,,,
,AW,48.2,C,3,NA,,,,,,,,,,,,,,
,AW,48.2,C,4,68,,,,,,,,,,,,,,
,AW,48.2,C,5,64,73,123,,,,,,,,,,,,
,AW,48.2,C,6,70,,,,,,,,,,,,,,
,AW,48.2,D,1,107,,,,,,,,,,,,,,
,AW,48.2,D,2,102,106,,,,,,,,,,,,,
,AW,48.2,D,3,NA,,,,,,,,,,,,,,
,AW,48.2,D,4,124,,,,,,,,,,,,,,
,AW,48.2,D,5,101,104,108,111,,,,,,,,,,,
,AW,48.2,D,6,99,109,,,,,,,,,,,,,
,AW,49.1,A,1,42,48,54,57,,,,,,,,,,,
,AW,49.1,A,2,45,,,,,,,,,,,,,,
,AW,49.1,A,3,NA,,,,,,,,,,,,,,
,AW,49.1,A,4,46,56,,,,,,,,,,,,,
,AW,49.1,A,5,47,267,,,,,,,,,,,,,
,AW,49.1,A,6,43,,,,,,,,,,,,,,
,AW,49.1,B,1,79,84,,,,,,,,,,,,,
,AW,49.1,B,2,268,,,,,,,,,,,,,,
,AW,49.1,B,3,269,,,,,,,,,,,,,,
,AW,49.1,B,4,80,88,97,,,,,,,,,,,,
,AW,49.1,B,5,87,,,,,,,,,,,,,,
,AW,49.1,B,6,95,270,,,,,,,,,,,,,
,AW,49.1,C,1,132,143,271,272,,,,,,,,,,,
,AW,49.1,C,2,128,,,,,,,,,,,,,,
,AW,49.1,C,3,140,,,,,,,,,,,,,,
,AW,49.1,C,4,135,,,,,,,,,,,,,,
,AW,49.1,C,5,136,137,153,159,,,,,,,,,,,
,AW,49.1,C,6,112,273,,,,,,,,,,,,,
,AW,49.1,D,1,199,201,,,,,,,,,,,,,
,AW,49.1,D,2,274,,,,,,,,,,,,,,
,AW,49.1,D,3,239,275,,,,,,,,,,,,,
,AW,49.1,D,4,211,212,235,276,,,,,,,,,,,
,AW,49.1,D,5,206,215,236,,,,,,,,,,,,
,AW,49.1,D,6,277,,,,,,,,,,,,,,
,AW,49.2,A,1,12,39,,,,,,,,,,,,,
,AW,49.2,A,2,46,281,,,,,,,,,,,,,
,AW,49.2,A,3,59,61,,,,,,,,,,,,,
,AW,49.2,A,4,33,48,60,282,,,,,,,,,,,
,AW,49.2,A,5,47,,,,,,,,,,,,,,
,AW,49.2,A,6,29,56,,,,,,,,,,,,,
,AW,49.2,B,1,105,,,,,,,,,,,,,,
,AW,49.2,B,2,120,,,,,,,,,,,,,,
,AW,49.2,B,3,122,135,,,,,,,,,,,,,
,AW,49.2,B,4,109,125,132,,,,,,,,,,,,
,AW,49.2,B,5,118,124,129,134,,,,,,,,,,,
,AW,49.2,B,6,102,,,,,,,,,,,,,,
,AW,49.2,C,1,164,182,,,,,,,,,,,,,
,AW,49.2,C,2,163,,,,,,,,,,,,,,
,AW,49.2,C,3,171,283,,,,,,,,,,,,,
,AW,49.2,C,4,178,284,,,,,,,,,,,,,
,AW,49.2,C,5,181,,,,,,,,,,,,,,
,AW,49.2,C,6,187,285,,,,,,,,,,,,,
,AW,49.2,D,1,232,237,,,,,,,,,,,,,
,AW,49.2,D,2,234,286,,,,,,,,,,,,,
,AW,49.2,D,3,224,233,,,,,,,,,,,,,
,AW,49.2,D,4,228,229,239,,,,,,,,,,,,
,AW,49.2,D,5,223,,,,,,,,,,,,,,
,AW,49.2,D,6,221,244,,,,,,,,,,,,,
,AW,50.1,A,1,28,35,44,46,,,,,,,,,,,
,AW,50.1,A,2,29,,,,,,,,,,,,,,
,AW,50.1,A,3,32,42,51,,,,,,,,,,,,
,AW,50.1,A,4,43,,,,,,,,,,,,,,
,AW,50.1,A,5,147,,,,,,,,,,,,,,
,AW,50.1,A,6,37,,,,,,,,,,,,,,
,AW,50.1,B,1,58,64,,,,,,,,,,,,,
,AW,50.1,B,2,63,,,,,,,,,,,,,,
,AW,50.1,B,3,59,,,,,,,,,,,,,,
,AW,50.1,B,4,61,,,,,,,,,,,,,,
,AW,50.1,B,5,65,,,,,,,,,,,,,,
,AW,50.1,B,6,62,,,,,,,,,,,,,,
,AW,50.1,C,1,90,99,100,148,,,,,,,,,,,
,AW,50.1,C,2,84,102,149,,,,,,,,,,,,
,AW,50.1,C,3,150,,,,,,,,,,,,,,
,AW,50.1,C,4,NA,,,,,,,,,,,,,,
,AW,50.1,C,5,85,,,,,,,,,,,,,,
,AW,50.1,C,6,151,,,,,,,,,,,,,,
,AW,50.1,D,1,117,152,,,,,,,,,,,,,
,AW,50.1,D,2,116,120,,,,,,,,,,,,,
,AW,50.1,D,3,124,131,,,,,,,,,,,,,
,AW,50.1,D,4,NA,,,,,,,,,,,,,,
,AW,50.1,D,5,122,153,154,,,,,,,,,,,,
,AW,50.1,D,6,155,,,,,,,,,,,,,,
,AW,50.2,A,1,167,,,,,,,,,,,,,,
,AW,50.2,A,2,31,37,,,,,,,,,,,,,
,AW,50.2,A,3,168,,,,,,,,,,,,,,
,AW,50.2,A,4,NA,,,,,,,,,,,,,,
,AW,50.2,A,5,169,170,,,,,,,,,,,,,
,AW,50.2,A,6,35,,,,,,,,,,,,,,
,AW,50.2,B,1,85,,,,,,,,,,,,,,
,AW,50.2,B,2,87,,,,,,,,,,,,,,
,AW,50.2,B,3,93,,,,,,,,,,,,,,
,AW,50.2,B,4,NA,,,,,,,,,,,,,,
,AW,50.2,B,5,171,,,,,,,,,,,,,,
,AW,50.2,B,6,172,,,,,,,,,,,,,,
,AW,50.2,C,1,122,173,,,,,,,,,,,,,
,AW,50.2,C,2,121,,,,,,,,,,,,,,
,AW,50.2,C,3,132,,,,,,,,,,,,,,
,AW,50.2,C,4,174,,,,,,,,,,,,,,
,AW,50.2,C,5,125,175,,,,,,,,,,,,,
,AW,50.2,C,6,NA,,,,,,,,,,,,,,
,AW,50.2,D,1,NA,,,,,,,,,,,,,,
,AW,50.2,D,2,144,145,153,,,,,,,,,,,,
,AW,50.2,D,3,146,157,,,,,,,,,,,,,
,AW,50.2,D,4,NA,,,,,,,,,,,,,,
,AW,50.2,D,5,147,,,,,,,,,,,,,,
,AW,50.2,D,6,NA,,,,,,,,,,,,,,
