collector,plate,row,column,ROI,,,,,,,,,,
SP,31.1,D,6,42,43,,,,,,,,,
SP,31.1,D,5,46,51,,,,,,,,,
SP,31.1,D,4,44,,,,,,,,,,
SP,31.1,D,3,45,47,,,,,,,,,
SP,31.1,D,2,48,50,,,,,,,,,
SP,31.1,D,1,49,52,54,,,,,,,,
SP,31.1,C,6,29,28,,,,,,,,,
SP,31.1,C,5,31,35,37,41,,,,,,,
SP,31.1,C,4,33,,,,,,,,,,
SP,31.1,C,3,30,38,,,,,,,,,
SP,31.1,C,2,34,39,,,,,,,,,
SP,31.1,C,1,36,40,,,,,,,,,
SP,31.1,B,6,15,18,,,,,,,,,
SP,31.1,B,5,16,24,,,,,,,,,
SP,31.1,B,4,20,,,,,,,,,,
SP,31.1,B,3,17,22,23,,,,,,,,
SP,31.1,B,2,26,19,,,,,,,,,
SP,31.1,B,1,27,,,,,,,,,,
SP,31.1,A,6,2,5,,,,,,,,,
SP,31.1,A,5,6,11,,,,,,,,,
SP,31.1,A,4,3,7,,,,,,,,,
SP,31.1,A,3,8,12,,,,,,,,,
SP,31.1,A,2,1,9,,,,,,,,,
SP,31.1,A,1,10,14,,,,,,,,,
SP,31.2,D,6,38,,,,,,,,,,
SP,31.2,D,5,39,41,,,,,,,,,
SP,31.2,D,4,37,,,,,,,,,,
SP,31.2,D,3,42,43,,,,,,,,,
SP,31.2,D,2,40,44,,,,,,,,,
SP,31.2,D,1,36,45,,,,,,,,,
SP,31.2,C,6,25,34,,,,,,,,,
SP,31.2,C,5,27,33,,,,,,,,,
SP,31.2,C,4,29,35,,,,,,,,,
SP,31.2,C,3,26,32,,,,,,,,,
SP,31.2,C,2,31,30,,,,,,,,,
SP,31.2,C,1,28,,,,,,,,,,
SP,31.2,B,6,13,15,,,,,,,,,
SP,31.2,B,5,20,24,,,,,,,,,
SP,31.2,B,4,14,,,,,,,,,,
SP,31.2,B,3,17,22,,,,,,,,,
SP,31.2,B,2,19,21,,,,,,,,,
SP,31.2,B,1,16,23,,,,,,,,,
SP,31.2,A,6,2,4,,,,,,,,,
SP,31.2,A,5,3,,,,,,,,,,
SP,31.2,A,4,1,6,9,,,,,,,,
SP,31.2,A,3,5,12,,,,,,,,,
SP,31.2,A,2,8,10,,,,,,,,,
SP,31.2,A,1,7,11,,,,,,,,,
SP,32.1,D,6,45,40,,,,,,,,,
SP,32.1,D,5,42,49,,,,,,,,,
SP,32.1,D,4,44,,,,,,,,,,
SP,32.1,D,3,46,52,,,,,,,,,
SP,32.1,D,2,50,,,,,,,,,,
SP,32.1,D,1,43,47,,,,,,,,,
SP,32.1,C,6,32,30,,,,,,,,,
SP,32.1,C,5,31,34,,,,,,,,,
SP,32.1,C,4,29,39,,,,,,,,,
SP,32.1,C,3,36,28,,,,,,,,,
SP,32.1,C,2,33,38,,,,,,,,,
SP,32.1,C,1,37,35,,,,,,,,,
SP,32.1,B,6,19,16,,,,,,,,,
SP,32.1,B,5,17,24,,,,,,,,,
SP,32.1,B,4,15,22,,,,,,,,,
SP,32.1,B,3,20,26,27,,,,,,,,
SP,32.1,B,2,18,23,,,,,,,,,
SP,32.1,B,1,14,21,,,,,,,,,
SP,32.1,A,6,2,10,,,,,,,,,
SP,32.1,A,5,5,6,,,,,,,,,
SP,32.1,A,4,4,12,,,,,,,,,
SP,32.1,A,3,3,13,,,,,,,,,
SP,32.1,A,2,7,11,,,,,,,,,
SP,32.1,A,1,9,8,,,,,,,,,
SP,32.2,D,6,42,45,,,,,,,,,
SP,32.2,D,5,43,48,,,,,,,,,
SP,32.2,D,4,41,,,,,,,,,,
SP,32.2,D,3,46,,,,,,,,,,
SP,32.2,D,2,47,50,,,,,,,,,
SP,32.2,D,1,44,49,51,,,,,,,,
SP,32.2,C,6,29,26,,,,,,,,,
SP,32.2,C,5,28,31,36,,,,,,,,
SP,32.2,C,4,37,27,,,,,,,,,
SP,32.2,C,3,38,35,,,,,,,,,
SP,32.2,C,2,30,32,,,,,,,,,
SP,32.2,C,1,33,34,39,,,,,,,,
SP,32.2,B,6,13,14,,,,,,,,,
SP,32.2,B,5,15,,,,,,,,,,
SP,32.2,B,4,23,22,,,,,,,,,
SP,32.2,B,3,19,20,,,,,,,,,
SP,32.2,B,2,18,24,,,,,,,,,
SP,32.2,B,1,21,25,,,,,,,,,
SP,32.2,A,6,2,,,,,,,,,,
SP,32.2,A,5,3,,,,,,,,,,
SP,32.2,A,4,7,8,,,,,,,,,
SP,32.2,A,3,4,9,,,,,,,,,
SP,32.2,A,2,5,10,1,,,,,,,,
SP,32.2,A,1,6,11,,,,,,,,,
SP,33.1,D,6,48,46,,,,,,,,,
SP,33.1,D,5,45,52,56,,,,,,,,
SP,33.1,D,4,47,51,,,,,,,,,
SP,33.1,D,3,50,55,,,,,,,,,
SP,33.1,D,2,44,53,,,,,,,,,
SP,33.1,D,1,57,54,49,,,,,,,,
SP,33.1,C,6,31,33,38,,,,,,,,
SP,33.1,C,5,35,41,,,,,,,,,
SP,33.1,C,4,30,37,,,,,,,,,
SP,33.1,C,3,36,39,43,42,,,,,,,
SP,33.1,C,2,32,40,,,,,,,,,
SP,33.1,C,1,34,,,,,,,,,,
SP,33.1,B,6,19,23,,,,,,,,,
SP,33.1,B,5,21,22,27,,,,,,,,
SP,33.1,B,4,18,,,,,,,,,,
SP,33.1,B,3,28,,,,,,,,,,
SP,33.1,B,2,20,26,,,,,,,,,
SP,33.1,B,1,25,24,17,,,,,,,,
SP,33.1,A,6,5,,,,,,,,,,
SP,33.1,A,5,3,4,10,,,,,,,,
SP,33.1,A,4,NA,,,,,,,,,,
SP,33.1,A,3,9,7,12,13,15,,,,,,
SP,33.1,A,2,6,11,,,,,,,,,
SP,33.1,A,1,8,14,16,,,,,,,,
SP,33.2,D,6,51,56,58,,,,,,,,
SP,33.2,D,5,54,50,57,,,,,,,,
SP,33.2,D,4,46,,,,,,,,,,
SP,33.2,D,3,48,,,,,,,,,,
SP,33.2,D,2,45,52,,,,,,,,,
SP,33.2,D,1,49,53,,,,,,,,,
SP,33.2,C,6,32,42,44,41,,,,,,,
SP,33.2,C,5,36,43,,,,,,,,,
SP,33.2,C,4,33,40,,,,,,,,,
SP,33.2,C,3,35,39,,,,,,,,,
SP,33.2,C,2,31,37,,,,,,,,,
SP,33.2,C,1,34,38,,,,,,,,,
SP,33.2,B,6,26,29,,,,,,,,,
SP,33.2,B,5,27,,,,,,,,,,
SP,33.2,B,4,25,21,,,,,,,,,
SP,33.2,B,3,23,28,,,,,,,,,
SP,33.2,B,2,20,30,,,,,,,,,
SP,33.2,B,1,22,24,,,,,,,,,
SP,33.2,A,6,4,6,,,,,,,,,
SP,33.2,A,5,8,12,18,,,,,,,,
SP,33.2,A,4,14,11,,,,,,,,,
SP,33.2,A,3,5,13,16,17,,,,,,,
SP,33.2,A,2,3,15,,,,,,,,,
SP,33.2,A,1,10,7,,,,,,,,,
SP,34.1,D,6,50,57,61,,,,,,,,
SP,34.1,D,5,48,55,,,,,,,,,
SP,34.1,D,4,49,59,,,,,,,,,
SP,34.1,D,3,47,58,,,,,,,,,
SP,34.1,D,2,53,51,56,,,,,,,,
SP,34.1,D,1,52,60,54,,,,,,,,
SP,34.1,C,6,34,40,,,,,,,,,
SP,34.1,C,5,32,33,,,,,,,,,
SP,34.1,C,4,35,41,45,,,,,,,,
SP,34.1,C,3,39,38,,,,,,,,,
SP,34.1,C,2,43,42,36,46,,,,,,,
SP,34.1,C,1,37,44,,,,,,,,,
SP,34.1,B,6,20,30,,,,,,,,,
SP,34.1,B,5,25,27,,,,,,,,,
SP,34.1,B,4,21,31,,,,,,,,,
SP,34.1,B,3,26,22,,,,,,,,,
SP,34.1,B,2,24,28,29,,,,,,,,
SP,34.1,B,1,23,,,,,,,,,,
SP,34.1,A,6,2,9,14,,,,,,,,
SP,34.1,A,5,4,11,,,,,,,,,
SP,34.1,A,4,7,17,,,,,,,,,
SP,34.1,A,3,10,3,,,,,,,,,
SP,34.1,A,2,6,12,,,,,,,,,
SP,34.1,A,1,5,8,13,15,16,19,,,,,
SP,34.2,D,6,52,59,,,,,,,,,
SP,34.2,D,5,55,,,,,,,,,,
SP,34.2,D,4,58,,,,,,,,,,
SP,34.2,D,3,54,,,,,,,,,,
SP,34.2,D,2,57,63,,,,,,,,,
SP,34.2,D,1,53,56,62,,,,,,,,
SP,34.2,C,6,39,41,40,46,,,,,,,
SP,34.2,C,5,36,50,,,,,,,,,
SP,34.2,C,4,37,48,,,,,,,,,
SP,34.2,C,3,49,43,,,,,,,,,
SP,34.2,C,2,45,38,47,,,,,,,,
SP,34.2,C,1,42,44,,,,,,,,,
SP,34.2,B,6,18,28,26,33,,,,,,,
SP,34.2,B,5,20,29,,,,,,,,,
SP,34.2,B,4,19,27,34,,,,,,,,
SP,34.2,B,3,22,30,,,,,,,,,
SP,34.2,B,2,21,23,31,,,,,,,,
SP,34.2,B,1,24,25,,,,,,,,,
SP,34.2,A,6,4,14,,,,,,,,,
SP,34.2,A,5,8,11,,,,,,,,,
SP,34.2,A,4,5,,,,,,,,,,
SP,34.2,A,3,17,12,,,,,,,,,
SP,34.2,A,2,10,13,,,,,,,,,
SP,34.2,A,1,7,15,,,,,,,,,
SP,35.1,D,6,41,39,,,,,,,,,
SP,35.1,D,5,44,50,,,,,,,,,
SP,35.1,D,4,38,45,49,,,,,,,,
SP,35.1,D,3,51,46,40,,,,,,,,
SP,35.1,D,2,47,42,,,,,,,,,
SP,35.1,D,1,43,48,,,,,,,,,
SP,35.1,C,6,27,34,,,,,,,,,
SP,35.1,C,5,33,26,,,,,,,,,
SP,35.1,C,4,28,35,,,,,,,,,
SP,35.1,C,3,32,36,,,,,,,,,
SP,35.1,C,2,31,37,,,,,,,,,
SP,35.1,C,1,30,29,,,,,,,,,
SP,35.1,B,6,14,24,,,,,,,,,
SP,35.1,B,5,22,17,,,,,,,,,
SP,35.1,B,4,16,25,,,,,,,,,
SP,35.1,B,3,19,23,,,,,,,,,
SP,35.1,B,2,15,21,,,,,,,,,
SP,35.1,B,1,20,13,,,,,,,,,
SP,35.1,A,6,4,3,,,,,,,,,
SP,35.1,A,5,8,12,,,,,,,,,
SP,35.1,A,4,2,9,,,,,,,,,
SP,35.1,A,3,6,,,,,,,,,,
SP,35.1,A,2,5,10,11,,,,,,,,
SP,35.1,A,1,7,,,,,,,,,,
SP,35.2,D,6,45,54,,,,,,,,,
SP,35.2,D,5,46,53,,,,,,,,,
SP,35.2,D,4,47,51,,,,,,,,,
SP,35.2,D,3,44,43,50,,,,,,,,
SP,35.2,D,2,49,48,,,,,,,,,
SP,35.2,D,1,42,52,,,,,,,,,
SP,35.2,C,6,36,39,,,,,,,,,
SP,35.2,C,5,37,32,38,,,,,,,,
SP,35.2,C,4,33,,,,,,,,,,
SP,35.2,C,3,31,34,41,,,,,,,,
SP,35.2,C,2,35,,,,,,,,,,
SP,35.2,C,1,30,40,,,,,,,,,
SP,35.2,B,6,24,28,,,,,,,,,
SP,35.2,B,5,23,21,,,,,,,,,
SP,35.2,B,4,18,,,,,,,,,,
SP,35.2,B,3,22,25,16,27,,,,,,,
SP,35.2,B,2,17,20,,,,,,,,,
SP,35.2,B,1,26,29,,,,,,,,,
SP,35.2,A,6,3,9,,,,,,,,,
SP,35.2,A,5,8,14,12,,,,,,,,
SP,35.2,A,4,6,,,,,,,,,,
SP,35.2,A,3,5,11,13,,,,,,,,
SP,35.2,A,2,4,15,,,,,,,,,
SP,35.2,A,1,7,10,,,,,,,,,
SP,36.1,D,6,50,,,,,,,,,,
SP,36.1,D,5,47,56,,,,,,,,,
SP,36.1,D,4,49,51,,,,,,,,,
SP,36.1,D,3,46,53,,,,,,,,,
SP,36.1,D,2,45,48,52,54,58,57,,,,,
SP,36.1,D,1,44,55,,,,,,,,,
SP,36.1,C,6,33,36,,,,,,,,,
SP,36.1,C,5,34,42,,,,,,,,,
SP,36.1,C,4,35,,,,,,,,,,
SP,36.1,C,3,32,40,,,,,,,,,
SP,36.1,C,2,38,41,,,,,,,,,
SP,36.1,C,1,31,39,,,,,,,,,
SP,36.1,B,6,17,,,,,,,,,,
SP,36.1,B,5,24,21,27,,,,,,,,
SP,36.1,B,4,22,26,,,,,,,,,
SP,36.1,B,3,28,20,,,,,,,,,
SP,36.1,B,2,18,19,25,,,,,,,,
SP,36.1,B,1,23,,,,,,,,,,
SP,36.1,A,6,7,,,,,,,,,,
SP,36.1,A,5,2,10,15,,,,,,,,
SP,36.1,A,4,1,,,,,,,,,,
SP,36.1,A,3,3,11,,,,,,,,,
SP,36.1,A,2,5,13,9,,,,,,,,
SP,36.1,A,1,4,6,14,,,,,,,,
SP,36.2,D,6,43,,,,,,,,,,
SP,36.2,D,5,48,,,,,,,,,,
SP,36.2,D,4,45,,,,,,,,,,
SP,36.2,D,3,46,47,,,,,,,,,
SP,36.2,D,2,44,49,,,,,,,,,
SP,36.2,D,1,42,,,,,,,,,,
SP,36.2,C,6,36,30,,,,,,,,,
SP,36.2,C,5,31,38,,,,,,,,,
SP,36.2,C,4,34,,,,,,,,,,
SP,36.2,C,3,35,28,40,,,,,,,,
SP,36.2,C,2,32,37,,,,,,,,,
SP,36.2,C,1,29,33,,,,,,,,,
SP,36.2,B,6,17,,,,,,,,,,
SP,36.2,B,5,18,27,26,,,,,,,,
SP,36.2,B,4,16,25,,,,,,,,,
SP,36.2,B,3,15,19,23,,,,,,,,
SP,36.2,B,2,21,20,,,,,,,,,
SP,36.2,B,1,22,24,,,,,,,,,
SP,36.2,A,6,8,9,,,,,,,,,
SP,36.2,A,5,3,10,14,,,,,,,,
SP,36.2,A,4,4,11,,,,,,,,,
SP,36.2,A,3,5,12,,,,,,,,,
SP,36.2,A,2,7,13,,,,,,,,,
SP,36.2,A,1,6,,,,,,,,,,
SP,37.1,D,6,51,,,,,,,,,,
SP,37.1,D,5,52,55,,,,,,,,,
SP,37.1,D,4,47,48,,,,,,,,,
SP,37.1,D,3,50,53,54,,,,,,,,
SP,37.1,D,2,49,,,,,,,,,,
SP,37.1,D,1,56,57,,,,,,,,,
SP,37.1,C,6,33,41,,,,,,,,,
SP,37.1,C,5,35,,,,,,,,,,
SP,37.1,C,4,39,,,,,,,,,,
SP,37.1,C,3,36,45,,,,,,,,,
SP,37.1,C,2,37,40,46,,,,,,,,
SP,37.1,C,1,38,44,,,,,,,,,
SP,37.1,B,6,14,21,,,,,,,,,
SP,37.1,B,5,18,,,,,,,,,,
SP,37.1,B,4,15,,,,,,,,,,
SP,37.1,B,3,13,16,20,,,,,,,,
SP,37.1,B,2,22,24,27,,,,,,,,
SP,37.1,B,1,19,23,,,,,,,,,
SP,37.1,A,6,2,4,,,,,,,,,
SP,37.1,A,5,3,,,,,,,,,,
SP,37.1,A,4,10,12,,,,,,,,,
SP,37.1,A,3,6,8,11,,,,,,,,
SP,37.1,A,2,5,9,,,,,,,,,
SP,37.1,A,1,7,,,,,,,,,,
SP,37.2,D,6,40,48,50,,,,,,,,
SP,37.2,D,5,44,,,,,,,,,,
SP,37.2,D,4,45,,,,,,,,,,
SP,37.2,D,3,41,49,,,,,,,,,
SP,37.2,D,2,46,42,,,,,,,,,
SP,37.2,D,1,43,47,,,,,,,,,
SP,37.2,C,6,25,33,34,,,,,,,,
SP,37.2,C,5,29,35,,,,,,,,,
SP,37.2,C,4,26,,,,,,,,,,
SP,37.2,C,3,28,36,38,39,,,,,,,
SP,37.2,C,2,31,37,,,,,,,,,
SP,37.2,C,1,30,32,,,,,,,,,
SP,37.2,B,6,15,,,,,,,,,,
SP,37.2,B,5,18,19,,,,,,,,,
SP,37.2,B,4,16,,,,,,,,,,
SP,37.2,B,3,14,,,,,,,,,,
SP,37.2,B,2,22,24,,,,,,,,,
SP,37.2,B,1,13,20,,,,,,,,,
SP,37.2,A,6,5,,,,,,,,,,
SP,37.2,A,5,2,11,10,,,,,,,,
SP,37.2,A,4,3,,,,,,,,,,
SP,37.2,A,3,7,8,,,,,,,,,
SP,37.2,A,2,9,,,,,,,,,,
SP,37.2,A,1,4,12,,,,,,,,,
SP,38.1,D,6,54,,,,,,,,,,
SP,38.1,D,5,56,,,,,,,,,,
SP,38.1,D,4,57,,,,,,,,,,
SP,38.1,D,3,59,62,,,,,,,,,
SP,38.1,D,2,58,60,,,,,,,,,
SP,38.1,D,1,55,61,63,53,,,,,,,
SP,38.1,C,6,38,39,47,,,,,,,,
SP,38.1,C,5,46,40,,,,,,,,,
SP,38.1,C,4,43,50,,,,,,,,,
SP,38.1,C,3,48,49,,,,,,,,,
SP,38.1,C,2,45,,,,,,,,,,
SP,38.1,C,1,37,41,44,51,52,,,,,,
SP,38.1,B,6,23,29,,,,,,,,,
SP,38.1,B,5,24,28,,,,,,,,,
SP,38.1,B,4,25,26,,,,,,,,,
SP,38.1,B,3,27,35,,,,,,,,,
SP,38.1,B,2,21,31,,,,,,,,,
SP,38.1,B,1,32,30,22,34,36,,,,,,
SP,38.1,A,6,2,4,11,18,,,,,,,
SP,38.1,A,5,8,14,,,,,,,,,
SP,38.1,A,4,6,13,15,,,,,,,,
SP,38.1,A,3,9,10,7,16,,,,,,,
SP,38.1,A,2,5,,,,,,,,,,
SP,38.1,A,1,12,17,20,3,19,,,,,,
SP,38.2,D,6,43,45,,,,,,,,,
SP,38.2,D,5,42,48,,,,,,,,,
SP,38.2,D,4,41,44,,,,,,,,,
SP,38.2,D,3,40,50,,,,,,,,,
SP,38.2,D,2,46,47,,,,,,,,,
SP,38.2,D,1,49,39,,,,,,,,,
SP,38.2,C,6,30,35,,,,,,,,,
SP,38.2,C,5,31,38,,,,,,,,,
SP,38.2,C,4,32,,,,,,,,,,
SP,38.2,C,3,34,37,,,,,,,,,
SP,38.2,C,2,28,29,,,,,,,,,
SP,38.2,C,1,36,33,,,,,,,,,
SP,38.2,B,6,14,17,26,,,,,,,,
SP,38.2,B,5,15,22,23,,,,,,,,
SP,38.2,B,4,16,,,,,,,,,,
SP,38.2,B,3,21,18,,,,,,,,,
SP,38.2,B,2,24,,,,,,,,,,
SP,38.2,B,1,20,19,25,,,,,,,,
SP,38.2,A,6,2,6,,,,,,,,,
SP,38.2,A,5,4,11,12,,,,,,,,
SP,38.2,A,4,3,10,,,,,,,,,
SP,38.2,A,3,8,,,,,,,,,,
SP,38.2,A,2,7,,,,,,,,,,
SP,38.2,A,1,9,5,,,,,,,,,
SP,39.1,D,6,51,49,55,,,,,,,,
SP,39.1,D,5,50,57,,,,,,,,,
SP,39.1,D,4,47,53,,,,,,,,,
SP,39.1,D,3,48,58,,,,,,,,,
SP,39.1,D,2,52,,,,,,,,,,
SP,39.1,D,1,56,54,,,,,,,,,
SP,39.1,C,6,32,35,40,,,,,,,,
SP,39.1,C,5,36,42,,,,,,,,,
SP,39.1,C,4,43,,,,,,,,,,
SP,39.1,C,3,33,,,,,,,,,,
SP,39.1,C,2,39,41,44,34,45,,,,,,
SP,39.1,C,1,38,37,,,,,,,,,
SP,39.1,B,6,21,29,,,,,,,,,
SP,39.1,B,5,28,18,,,,,,,,,
SP,39.1,B,4,23,,,,,,,,,,
SP,39.1,B,3,22,19,,,,,,,,,
SP,39.1,B,2,20,27,,,,,,,,,
SP,39.1,B,1,26,24,,,,,,,,,
SP,39.1,A,6,8,5,10,,,,,,,,
SP,39.1,A,5,4,11,2,,,,,,,,
SP,39.1,A,4,3,,,,,,,,,,
SP,39.1,A,3,12,7,13,,,,,,,,
SP,39.1,A,2,9,16,,,,,,,,,
SP,39.1,A,1,6,14,,,,,,,,,
SP,39.2,D,6,42,,,,,,,,,,
SP,39.2,D,5,44,39,,,,,,,,,
SP,39.2,D,4,40,,,,,,,,,,
SP,39.2,D,3,43,,,,,,,,,,
SP,39.2,D,2,38,,,,,,,,,,
SP,39.2,D,1,41,45,,,,,,,,,
SP,39.2,C,6,30,32,,,,,,,,,
SP,39.2,C,5,35,,,,,,,,,,
SP,39.2,C,4,34,29,,,,,,,,,
SP,39.2,C,3,37,36,,,,,,,,,
SP,39.2,C,2,33,,,,,,,,,,
SP,39.2,C,1,31,,,,,,,,,,
SP,39.2,B,6,17,26,,,,,,,,,
SP,39.2,B,5,20,21,,,,,,,,,
SP,39.2,B,4,23,,,,,,,,,,
SP,39.2,B,3,27,,,,,,,,,,
SP,39.2,B,2,15,16,24,28,,,,,,,
SP,39.2,B,1,19,22,,,,,,,,,
SP,39.2,A,6,10,5,,,,,,,,,
SP,39.2,A,5,11,3,,,,,,,,,
SP,39.2,A,4,9,13,,,,,,,,,
SP,39.2,A,3,7,,,,,,,,,,
SP,39.2,A,2,8,,,,,,,,,,
SP,39.2,A,1,6,12,14,,,,,,,,
SP,40.1,D,6,52,58,,,,,,,,,
SP,40.1,D,5,56,51,,,,,,,,,
SP,40.1,D,4,53,49,,,,,,,,,
SP,40.1,D,3,50,,,,,,,,,,
SP,40.1,D,2,46,47,55,,,,,,,,
SP,40.1,D,1,48,54,,,,,,,,,
SP,40.1,C,6,34,38,45,,,,,,,,
SP,40.1,C,5,35,,,,,,,,,,
SP,40.1,C,4,40,42,,,,,,,,,
SP,40.1,C,3,NA,,,,,,,,,,
SP,40.1,C,2,36,41,44,,,,,,,,
SP,40.1,C,1,33,37,43,,,,,,,,
SP,40.1,B,6,22,24,31,20,,,,,,,
SP,40.1,B,5,21,,,,,,,,,,
SP,40.1,B,4,27,,,,,,,,,,
SP,40.1,B,3,23,29,,,,,,,,,
SP,40.1,B,2,28,,,,,,,,,,
SP,40.1,B,1,25,26,,,,,,,,,
SP,40.1,A,6,9,16,,,,,,,,,
SP,40.1,A,5,3,12,,,,,,,,,
SP,40.1,A,4,17,4,,,,,,,,,
SP,40.1,A,3,8,11,14,,,,,,,,
SP,40.1,A,2,5,,,,,,,,,,
SP,40.1,A,1,2,13,,,,,,,,,
SP,40.2,D,6,34,,,,,,,,,,
SP,40.2,D,5,38,35,,,,,,,,,
SP,40.2,D,4,44,,,,,,,,,,
SP,40.2,D,3,36,45,43,,,,,,,,
SP,40.2,D,2,46,42,,,,,,,,,
SP,40.2,D,1,37,33,,,,,,,,,
SP,40.2,C,6,25,,,,,,,,,,
SP,40.2,C,5,29,27,,,,,,,,,
SP,40.2,C,4,24,,,,,,,,,,
SP,40.2,C,3,22,,,,,,,,,,
SP,40.2,C,2,30,,,,,,,,,,
SP,40.2,C,1,23,28,,,,,,,,,
SP,40.2,B,6,16,20,,,,,,,,,
SP,40.2,B,5,18,,,,,,,,,,
SP,40.2,B,4,NA,,,,,,,,,,
SP,40.2,B,3,15,,,,,,,,,,
SP,40.2,B,2,14,,,,,,,,,,
SP,40.2,B,1,13,17,,,,,,,,,
SP,40.2,A,6,6,,,,,,,,,,
SP,40.2,A,5,3,,,,,,,,,,
SP,40.2,A,4,11,12,,,,,,,,,
SP,40.2,A,3,4,8,,,,,,,,,
SP,40.2,A,2,5,,,,,,,,,,
SP,40.2,A,1,2,7,9,,,,,,,,
SP,41.1,D,6,48,,,,,,,,,,
SP,41.1,D,5,45,51,,,,,,,,,
SP,41.1,D,4,49,,,,,,,,,,
SP,41.1,D,3,52,,,,,,,,,,
SP,41.1,D,2,46,54,,,,,,,,,
SP,41.1,D,1,50,47,,,,,,,,,
SP,41.1,C,6,36,41,,,,,,,,,
SP,41.1,C,5,31,40,,,,,,,,,
SP,41.1,C,4,33,43,39,,,,,,,,
SP,41.1,C,3,38,,,,,,,,,,
SP,41.1,C,2,34,42,,,,,,,,,
SP,41.1,C,1,29,32,,,,,,,,,
SP,41.1,B,6,22,23,,,,,,,,,
SP,41.1,B,5,18,25,,,,,,,,,
SP,41.1,B,4,15,27,,,,,,,,,
SP,41.1,B,3,20,21,,,,,,,,,
SP,41.1,B,2,19,24,28,,,,,,,,
SP,41.1,B,1,16,,,,,,,,,,
SP,41.1,A,6,4,8,9,14,,,,,,,
SP,41.1,A,5,5,10,,,,,,,,,
SP,41.1,A,4,2,11,,,,,,,,,
SP,41.1,A,3,1,7,,,,,,,,,
SP,41.1,A,2,12,13,,,,,,,,,
SP,41.1,A,1,3,6,,,,,,,,,
SP,41.2,D,6,45,50,,,,,,,,,
SP,41.2,D,5,42,49,,,,,,,,,
SP,41.2,D,4,41,46,47,,,,,,,,
SP,41.2,D,3,40,48,,,,,,,,,
SP,41.2,D,2,44,43,,,,,,,,,
SP,41.2,D,1,39,,,,,,,,,,
SP,41.2,C,6,30,38,,,,,,,,,
SP,41.2,C,5,33,,,,,,,,,,
SP,41.2,C,4,34,,,,,,,,,,
SP,41.2,C,3,31,36,,,,,,,,,
SP,41.2,C,2,28,35,,,,,,,,,
SP,41.2,C,1,29,,,,,,,,,,
SP,41.2,B,6,22,23,,,,,,,,,
SP,41.2,B,5,19,25,24,,,,,,,,
SP,41.2,B,4,16,21,,,,,,,,,
SP,41.2,B,3,20,18,,,,,,,,,
SP,41.2,B,2,13,15,,,,,,,,,
SP,41.2,B,1,17,14,,,,,,,,,
SP,41.2,A,6,9,10,,,,,,,,,
SP,41.2,A,5,12,6,,,,,,,,,
SP,41.2,A,4,7,,,,,,,,,,
SP,41.2,A,3,3,11,,,,,,,,,
SP,41.2,A,2,2,8,5,,,,,,,,
SP,41.2,A,1,4,,,,,,,,,,
SP,42.1,D,6,48,53,,,,,,,,,
SP,42.1,D,5,57,,,,,,,,,,
SP,42.1,D,4,51,56,,,,,,,,,
SP,42.1,D,3,50,,,,,,,,,,
SP,42.1,D,2,52,,,,,,,,,,
SP,42.1,D,1,49,54,55,,,,,,,,
SP,42.1,C,6,35,,,,,,,,,,
SP,42.1,C,5,43,,,,,,,,,,
SP,42.1,C,4,42,39,45,,,,,,,,
SP,42.1,C,3,44,,,,,,,,,,
SP,42.1,C,2,36,,,,,,,,,,
SP,42.1,C,1,41,38,40,47,46,,,,,,
SP,42.1,B,6,28,32,,,,,,,,,
SP,42.1,B,5,23,24,33,,,,,,,,
SP,42.1,B,4,27,,,,,,,,,,
SP,42.1,B,3,25,30,,,,,,,,,
SP,42.1,B,2,26,,,,,,,,,,
SP,42.1,B,1,21,31,,,,,,,,,
SP,42.1,A,6,2,11,13,17,19,20,,,,,
SP,42.1,A,5,3,6,10,12,18,,,,,,
SP,42.1,A,4,4,7,15,,,,,,,,
SP,42.1,A,3,5,16,,,,,,,,,
SP,42.1,A,2,9,,,,,,,,,,
SP,42.1,A,1,8,14,,,,,,,,,
SP,42.2,D,6,35,41,43,44,40,,,,,,
SP,42.2,D,5,37,,,,,,,,,,
SP,42.2,D,4,39,,,,,,,,,,
SP,42.2,D,3,34,,,,,,,,,,
SP,42.2,D,2,38,42,,,,,,,,,
SP,42.2,D,1,36,,,,,,,,,,
SP,42.2,C,6,24,30,,,,,,,,,
SP,42.2,C,5,26,,,,,,,,,,
SP,42.2,C,4,28,27,,,,,,,,,
SP,42.2,C,3,31,,,,,,,,,,
SP,42.2,C,2,29,33,,,,,,,,,
SP,42.2,C,1,25,,,,,,,,,,
SP,42.2,B,6,15,,,,,,,,,,
SP,42.2,B,5,21,,,,,,,,,,
SP,42.2,B,4,19,22,,,,,,,,,
SP,42.2,B,3,16,,,,,,,,,,
SP,42.2,B,2,17,,,,,,,,,,
SP,42.2,B,1,18,23,20,,,,,,,,
SP,42.2,A,6,7,13,14,,,,,,,,
SP,42.2,A,5,3,8,11,,,,,,,,
SP,42.2,A,4,5,12,,,,,,,,,
SP,42.2,A,3,4,,,,,,,,,,
SP,42.2,A,2,9,,,,,,,,,,
SP,42.2,A,1,6,10,,,,,,,,,
SP,43.1,D,6,53,59,,,,,,,,,
SP,43.1,D,5,54,,,,,,,,,,
SP,43.1,D,4,55,52,,,,,,,,,
SP,43.1,D,3,58,57,62,,,,,,,,
SP,43.1,D,2,50,56,,,,,,,,,
SP,43.1,D,1,51,,,,,,,,,,
SP,43.1,C,6,41,,,,,,,,,,
SP,43.1,C,5,40,45,,,,,,,,,
SP,43.1,C,4,38,44,46,,,,,,,,
SP,43.1,C,3,42,,,,,,,,,,
SP,43.1,C,2,43,49,,,,,,,,,
SP,43.1,C,1,39,,,,,,,,,,
SP,43.1,B,6,21,25,23,26,31,36,33,,,,
SP,43.1,B,5,37,,,,,,,,,,
SP,43.1,B,4,22,28,,,,,,,,,
SP,43.1,B,3,35,,,,,,,,,,
SP,43.1,B,2,27,30,,,,,,,,,
SP,43.1,B,1,24,34,,,,,,,,,
SP,43.1,A,6,4,7,19,18,,,,,,,
SP,43.1,A,5,2,6,8,,,,,,,,
SP,43.1,A,4,5,11,14,16,,,,,,,
SP,43.1,A,3,15,17,20,,,,,,,,
SP,43.1,A,2,13,12,,,,,,,,,
SP,43.1,A,1,3,9,10,,,,,,,,
SP,43.2,D,6,44,53,54,,,,,,,,
SP,43.2,D,5,43,46,,,,,,,,,
SP,43.2,D,4,47,,,,,,,,,,
SP,43.2,D,3,51,52,,,,,,,,,
SP,43.2,D,2,50,,,,,,,,,,
SP,43.2,D,1,48,,,,,,,,,,
SP,43.2,C,6,31,33,,,,,,,,,
SP,43.2,C,5,40,,,,,,,,,,
SP,43.2,C,4,34,,,,,,,,,,
SP,43.2,C,3,35,37,,,,,,,,,
SP,43.2,C,2,30,38,41,,,,,,,,
SP,43.2,C,1,32,,,,,,,,,,
SP,43.2,B,6,16,22,,,,,,,,,
SP,43.2,B,5,18,,,,,,,,,,
SP,43.2,B,4,NA,,,,,,,,,,
SP,43.2,B,3,27,20,,,,,,,,,
SP,43.2,B,2,17,15,,,,,,,,,
SP,43.2,B,1,19,26,24,,,,,,,,
SP,43.2,A,6,8,9,,,,,,,,,
SP,43.2,A,5,3,7,,,,,,,,,
SP,43.2,A,4,6,,,,,,,,,,
SP,43.2,A,3,4,12,,,,,,,,,
SP,43.2,A,2,10,14,,,,,,,,,
SP,43.2,A,1,5,11,,,,,,,,,
SP,44.1,D,6,50,,,,,,,,,,
SP,44.1,D,5,55,57,,,,,,,,,
SP,44.1,D,4,54,59,,,,,,,,,
SP,44.1,D,3,53,58,,,,,,,,,
SP,44.1,D,2,52,,,,,,,,,,
SP,44.1,D,1,51,56,,,,,,,,,
SP,44.1,C,6,45,40,43,49,,,,,,,
SP,44.1,C,5,38,48,,,,,,,,,
SP,44.1,C,4,47,39,,,,,,,,,
SP,44.1,C,3,34,41,,,,,,,,,
SP,44.1,C,2,37,44,46,,,,,,,,
SP,44.1,C,1,36,42,,,,,,,,,
SP,44.1,B,6,16,24,31,32,,,,,,,
SP,44.1,B,5,21,28,,,,,,,,,
SP,44.1,B,4,20,23,27,25,30,,,,,,
SP,44.1,B,3,14,19,29,,,,,,,,
SP,44.1,B,2,15,18,26,22,,,,,,,
SP,44.1,B,1,17,,,,,,,,,,
SP,44.1,A,6,4,,,,,,,,,,
SP,44.1,A,5,5,,,,,,,,,,
SP,44.1,A,4,2,12,,,,,,,,,
SP,44.1,A,3,9,6,13,,,,,,,,
SP,44.1,A,2,3,7,11,,,,,,,,
SP,44.1,A,1,1,8,10,,,,,,,,
SP,44.2,D,6,48,,,,,,,,,,
SP,44.2,D,5,51,,,,,,,,,,
SP,44.2,D,4,49,57,,,,,,,,,
SP,44.2,D,3,55,60,,,,,,,,,
SP,44.2,D,2,50,54,56,58,,,,,,,
SP,44.2,D,1,53,59,,,,,,,,,
SP,44.2,C,6,35,33,34,45,,,,,,,
SP,44.2,C,5,31,,,,,,,,,,
SP,44.2,C,4,36,43,,,,,,,,,
SP,44.2,C,3,37,38,,,,,,,,,
SP,44.2,C,2,39,46,,,,,,,,,
SP,44.2,C,1,32,41,42,44,,,,,,,
SP,44.2,B,6,15,20,,,,,,,,,
SP,44.2,B,5,16,14,30,,,,,,,,
SP,44.2,B,4,29,22,27,17,24,,,,,,
SP,44.2,B,3,18,19,,,,,,,,,
SP,44.2,B,2,21,26,,,,,,,,,
SP,44.2,B,1,23,25,,,,,,,,,
SP,44.2,A,6,8,,,,,,,,,,
SP,44.2,A,5,3,,,,,,,,,,
SP,44.2,A,4,10,9,13,,,,,,,,
SP,44.2,A,3,6,,,,,,,,,,
SP,44.2,A,2,7,4,11,,,,,,,,
SP,44.2,A,1,5,12,,,,,,,,,
SP,45.1,D,6,68,70,80,,,,,,,,
SP,45.1,D,5,64,79,76,,,,,,,,
SP,45.1,D,4,66,71,74,,,,,,,,
SP,45.1,D,3,67,75,,,,,,,,,
SP,45.1,D,2,65,73,72,78,,,,,,,
SP,45.1,D,1,69,77,,,,,,,,,
SP,45.1,C,6,54,56,63,,,,,,,,
SP,45.1,C,5,50,57,,,,,,,,,
SP,45.1,C,4,52,59,58,,,,,,,,
SP,45.1,C,3,55,,,,,,,,,,
SP,45.1,C,2,49,53,61,62,,,,,,,
SP,45.1,C,1,51,60,,,,,,,,,
SP,45.1,B,6,38,44,34,,,,,,,,
SP,45.1,B,5,40,47,,,,,,,,,
SP,45.1,B,4,32,39,45,,,,,,,,
SP,45.1,B,3,35,,,,,,,,,,
SP,45.1,B,2,36,43,48,,,,,,,,
SP,45.1,B,1,29,31,,,,,,,,,
SP,45.1,A,6,15,17,21,,,,,,,,
SP,45.1,A,5,8,24,27,,,,,,,,
SP,45.1,A,4,3,6,12,20,,,,,,,
SP,45.1,A,3,9,10,16,,,,,,,,
SP,45.1,A,2,2,7,11,22,25,,,,,,
SP,45.1,A,1,4,5,18,23,,,,,,,
SP,45.2,D,6,51,57,61,,,,,,,,
SP,45.2,D,5,60,,,,,,,,,,
SP,45.2,D,4,52,56,62,65,,,,,,,
SP,45.2,D,3,54,63,,,,,,,,,
SP,45.2,D,2,59,58,,,,,,,,,
SP,45.2,D,1,53,,,,,,,,,,
SP,45.2,C,6,41,45,,,,,,,,,
SP,45.2,C,5,43,48,,,,,,,,,
SP,45.2,C,4,40,46,49,,,,,,,,
SP,45.2,C,3,44,,,,,,,,,,
SP,45.2,C,2,38,50,,,,,,,,,
SP,45.2,C,1,39,42,,,,,,,,,
SP,45.2,B,6,37,,,,,,,,,,
SP,45.2,B,5,24,28,32,,,,,,,,
SP,45.2,B,4,22,29,34,,,,,,,,
SP,45.2,B,3,27,26,,,,,,,,,
SP,45.2,B,2,21,25,30,31,,,,,,,
SP,45.2,B,1,23,,,,,,,,,,
SP,45.2,A,6,9,15,,,,,,,,,
SP,45.2,A,5,3,13,16,,,,,,,,
SP,45.2,A,4,11,10,,,,,,,,,
SP,45.2,A,3,5,6,14,,,,,,,,
SP,45.2,A,2,4,12,17,,,,,,,,
SP,45.2,A,1,7,,,,,,,,,,
DL,1.1,A,6,7,,,,,,,,,,
DL,1.1,A,5,4,,,,,,,,,,
DL,1.1,A,4,6,,,,,,,,,,
DL,1.1,A,3,5,,,,,,,,,,
DL,1.1,A,2,2,,,,,,,,,,
DL,1.1,A,1,3,,,,,,,,,,
DL,1.1,B,6,14,,,,,,,,,,
DL,1.1,B,5,9,,,,,,,,,,
DL,1.1,B,4,12,,,,,,,,,,
DL,1.1,B,3,11,,,,,,,,,,
DL,1.1,B,2,10,,,,,,,,,,
DL,1.1,B,1,13,8,,,,,,,,,
DL,1.1,C,6,18,,,,,,,,,,
DL,1.1,C,5,20,,,,,,,,,,
DL,1.1,C,4,17,,,,,,,,,,
DL,1.1,C,3,19,,,,,,,,,,
DL,1.1,C,2,15,,,,,,,,,,
DL,1.1,C,1,16,,,,,,,,,,
DL,1.1,D,6,27,26,,,,,,,,,
DL,1.1,D,5,23,,,,,,,,,,
DL,1.1,D,4,25,28,,,,,,,,,
DL,1.1,D,3,24,29,,,,,,,,,
DL,1.1,D,2,22,,,,,,,,,,
DL,1.1,D,1,21,,,,,,,,,,
DL,1.2,A,6,5,,,,,,,,,,
DL,1.2,A,5,7,,,,,,,,,,
DL,1.2,A,4,6,,,,,,,,,,
DL,1.2,A,3,8,4,,,,,,,,,
DL,1.2,A,2,3,,,,,,,,,,
DL,1.2,A,1,9,,,,,,,,,,
DL,1.2,B,6,13,15,,,,,,,,,
DL,1.2,B,5,17,,,,,,,,,,
DL,1.2,B,4,12,,,,,,,,,,
DL,1.2,B,3,10,,,,,,,,,,
DL,1.2,B,2,11,,,,,,,,,,
DL,1.2,B,1,14,16,,,,,,,,,
DL,1.2,C,6,20,,,,,,,,,,
DL,1.2,C,5,22,,,,,,,,,,
DL,1.2,C,4,18,25,26,,,,,,,,
DL,1.2,C,3,21,,,,,,,,,,
DL,1.2,C,2,19,,,,,,,,,,
DL,1.2,C,1,23,24,,,,,,,,,
DL,1.2,D,6,28,30,,,,,,,,,
DL,1.2,D,5,35,,,,,,,,,,
DL,1.2,D,4,34,,,,,,,,,,
DL,1.2,D,3,33,,,,,,,,,,
DL,1.2,D,2,31,,,,,,,,,,
DL,1.2,D,1,27,29,32,,,,,,,,
DL,2.1,A,6,5,8,,,,,,,,,
DL,2.1,A,5,7,3,,,,,,,,,
DL,2.1,A,4,1,,,,,,,,,,
DL,2.1,A,3,4,,,,,,,,,,
DL,2.1,A,2,2,,,,,,,,,,
DL,2.1,A,1,6,,,,,,,,,,
DL,2.1,B,6,14,15,18,,,,,,,,
DL,2.1,B,5,9,11,19,,,,,,,,
DL,2.1,B,4,16,,,,,,,,,,
DL,2.1,B,3,12,,,,,,,,,,
DL,2.1,B,2,10,20,17,,,,,,,,
DL,2.1,B,1,13,,,,,,,,,,
DL,2.1,C,6,24,,,,,,,,,,
DL,2.1,C,5,26,,,,,,,,,,
DL,2.1,C,4,25,,,,,,,,,,
DL,2.1,C,3,23,,,,,,,,,,
DL,2.1,C,2,22,,,,,,,,,,
DL,2.1,C,1,21,,,,,,,,,,
DL,2.1,D,6,32,35,,,,,,,,,
DL,2.1,D,5,30,33,34,,,,,,,,
DL,2.1,D,4,31,,,,,,,,,,
DL,2.1,D,3,29,,,,,,,,,,
DL,2.1,D,2,28,,,,,,,,,,
DL,2.1,D,1,27,,,,,,,,,,
DL,2.2,A,6,9,,,,,,,,,,
DL,2.2,A,5,6,10,13,12,11,,,,,,
DL,2.2,A,4,5,,,,,,,,,,
DL,2.2,A,3,3,,,,,,,,,,
DL,2.2,A,2,7,8,14,,,,,,,,
DL,2.2,A,1,4,,,,,,,,,,
DL,2.2,B,6,18,,,,,,,,,,
DL,2.2,B,5,19,,,,,,,,,,
DL,2.2,B,4,21,,,,,,,,,,
DL,2.2,B,3,20,15,,,,,,,,,
DL,2.2,B,2,17,,,,,,,,,,
DL,2.2,B,1,16,,,,,,,,,,
DL,2.2,C,6,30,27,,,,,,,,,
DL,2.2,C,5,28,29,24,,,,,,,,
DL,2.2,C,4,22,,,,,,,,,,
DL,2.2,C,3,25,,,,,,,,,,
DL,2.2,C,2,23,,,,,,,,,,
DL,2.2,C,1,26,,,,,,,,,,
DL,2.2,D,6,35,,,,,,,,,,
DL,2.2,D,5,32,37,,,,,,,,,
DL,2.2,D,4,36,,,,,,,,,,
DL,2.2,D,3,34,,,,,,,,,,
DL,2.2,D,2,31,,,,,,,,,,
DL,2.2,D,1,33,,,,,,,,,,
DL,3.1,A,6,6,,,,,,,,,,
DL,3.1,A,5,12,,,,,,,,,,
DL,3.1,A,4,3,11,13,,,,,,,,
DL,3.1,A,3,7,,,,,,,,,,
DL,3.1,A,2,10,8,,,,,,,,,
DL,3.1,A,1,4,9,2,5,,,,,,,
DL,3.1,B,6,14,22,23,,,,,,,,
DL,3.1,B,5,15,24,,,,,,,,,
DL,3.1,B,4,18,21,,,,,,,,,
DL,3.1,B,3,17,19,,,,,,,,,
DL,3.1,B,2,20,25,,,,,,,,,
DL,3.1,B,1,16,,,,,,,,,,
DL,3.1,C,6,33,27,,,,,,,,,
DL,3.1,C,5,26,34,,,,,,,,,
DL,3.1,C,4,28,36,,,,,,,,,
DL,3.1,C,3,32,31,,,,,,,,,
DL,3.1,C,2,29,,,,,,,,,,
DL,3.1,C,1,30,35,,,,,,,,,
DL,3.1,D,6,46,,,,,,,,,,
DL,3.1,D,5,41,44,47,,,,,,,,
DL,3.1,D,4,39,43,48,49,50,,,,,,
DL,3.1,D,3,40,,,,,,,,,,
DL,3.1,D,2,37,42,45,,,,,,,,
DL,3.1,D,1,38,,,,,,,,,,
DL,3.2,A,6,10,,,,,,,,,,
DL,3.2,A,5,7,5,11,12,,,,,,,
DL,3.2,A,4,4,3,,,,,,,,,
DL,3.2,A,3,8,,,,,,,,,,
DL,3.2,A,2,6,,,,,,,,,,
DL,3.2,A,1,2,9,,,,,,,,,
DL,3.2,B,6,14,21,19,,,,,,,,
DL,3.2,B,5,18,22,,,,,,,,,
DL,3.2,B,4,16,,,,,,,,,,
DL,3.2,B,3,15,,,,,,,,,,
DL,3.2,B,2,13,17,23,24,,,,,,,
DL,3.2,B,1,20,,,,,,,,,,
DL,3.2,C,6,30,26,34,,,,,,,,
DL,3.2,C,5,33,31,37,,,,,,,,
DL,3.2,C,4,32,27,,,,,,,,,
DL,3.2,C,3,29,,,,,,,,,,
DL,3.2,C,2,25,,,,,,,,,,
DL,3.2,C,1,28,35,36,,,,,,,,
DL,3.2,D,6,47,,,,,,,,,,
DL,3.2,D,5,46,51,44,49,,,,,,,
DL,3.2,D,4,41,50,,,,,,,,,
DL,3.2,D,3,45,52,54,,,,,,,,
DL,3.2,D,2,42,,,,,,,,,,
DL,3.2,D,1,40,43,48,39,38,,,,,,
DL,4.1,A,6,3,5,8,,,,,,,,
DL,4.1,A,5,7,,,,,,,,,,
DL,4.1,A,4,2,10,,,,,,,,,
DL,4.1,A,3,1,9,,,,,,,,,
DL,4.1,A,2,6,,,,,,,,,,
DL,4.1,A,1,4,,,,,,,,,,
DL,4.1,B,6,14,15,,,,,,,,,
DL,4.1,B,5,18,19,,,,,,,,,
DL,4.1,B,4,11,12,17,,,,,,,,
DL,4.1,B,3,20,,,,,,,,,,
DL,4.1,B,2,16,,,,,,,,,,
DL,4.1,B,1,13,,,,,,,,,,
DL,4.1,C,6,23,30,31,,,,,,,,
DL,4.1,C,5,25,,,,,,,,,,
DL,4.1,C,4,26,,,,,,,,,,
DL,4.1,C,3,24,29,,,,,,,,,
DL,4.1,C,2,27,28,21,,,,,,,,
DL,4.1,C,1,22,,,,,,,,,,
DL,4.1,D,6,41,43,,,,,,,,,
DL,4.1,D,5,40,,,,,,,,,,
DL,4.1,D,4,32,37,,,,,,,,,
DL,4.1,D,3,36,35,42,,,,,,,,
DL,4.1,D,2,33,38,39,,,,,,,,
DL,4.1,D,1,34,,,,,,,,,,
DL,4.2,A,6,6,,,,,,,,,,
DL,4.2,A,5,4,9,13,,,,,,,,
DL,4.2,A,4,7,,,,,,,,,,
DL,4.2,A,3,5,12,,,,,,,,,
DL,4.2,A,2,3,10,,,,,,,,,
DL,4.2,A,1,1,2,11,8,,,,,,,
DL,4.2,B,6,15,25,,,,,,,,,
DL,4.2,B,5,22,20,,,,,,,,,
DL,4.2,B,4,18,,,,,,,,,,
DL,4.2,B,3,24,19,,,,,,,,,
DL,4.2,B,2,17,21,23,,,,,,,,
DL,4.2,B,1,16,,,,,,,,,,
DL,4.2,C,6,26,,,,,,,,,,
DL,4.2,C,5,33,32,,,,,,,,,
DL,4.2,C,4,29,35,36,,,,,,,,
DL,4.2,C,3,30,,,,,,,,,,
DL,4.2,C,2,31,34,,,,,,,,,
DL,4.2,C,1,27,28,,,,,,,,,
DL,4.2,D,6,38,,,,,,,,,,
DL,4.2,D,5,44,48,,,,,,,,,
DL,4.2,D,4,40,45,,,,,,,,,
DL,4.2,D,3,43,39,,,,,,,,,
DL,4.2,D,2,41,40,37,47,,,,,,,
DL,4.2,D,1,42,,,,,,,,,,
DL,5.1,A,6,8,,,,,,,,,,
DL,5.1,A,5,7,12,,,,,,,,,
DL,5.1,A,4,10,,,,,,,,,,
DL,5.1,A,3,9,2,,,,,,,,,
DL,5.1,A,2,4,3,,,,,,,,,
DL,5.1,A,1,5,6,11,13,,,,,,,
DL,5.1,B,6,16,,,,,,,,,,
DL,5.1,B,5,14,19,,,,,,,,,
DL,5.1,B,4,18,,,,,,,,,,
DL,5.1,B,3,21,22,23,,,,,,,,
DL,5.1,B,2,17,,,,,,,,,,
DL,5.1,B,1,15,20,,,,,,,,,
DL,5.1,C,6,32,,,,,,,,,,
DL,5.1,C,5,29,30,,,,,,,,,
DL,5.1,C,4,27,,,,,,,,,,
DL,5.1,C,3,28,,,,,,,,,,
DL,5.1,C,2,24,26,,,,,,,,,
DL,5.1,C,1,25,31,33,,,,,,,,
DL,5.1,D,6,39,,,,,,,,,,
DL,5.1,D,5,37,42,47,,,,,,,,
DL,5.1,D,4,41,45,,,,,,,,,
DL,5.1,D,3,46,40,,,,,,,,,
DL,5.1,D,2,43,44,35,,,,,,,,
DL,5.1,D,1,34,36,38,48,,,,,,,
DL,5.2,A,6,7,,,,,,,,,,
DL,5.2,A,5,5,,,,,,,,,,
DL,5.2,A,4,3,9,,,,,,,,,
DL,5.2,A,3,6,8,13,,,,,,,,
DL,5.2,A,2,11,10,,,,,,,,,
DL,5.2,A,1,2,4,12,14,,,,,,,
DL,5.2,B,6,18,,,,,,,,,,
DL,5.2,B,5,23,,,,,,,,,,
DL,5.2,B,4,20,,,,,,,,,,
DL,5.2,B,3,17,25,,,,,,,,,
DL,5.2,B,2,19,22,,,,,,,,,
DL,5.2,B,1,16,21,24,15,,,,,,,
DL,5.2,C,6,27,,,,,,,,,,
DL,5.2,C,5,31,33,,,,,,,,,
DL,5.2,C,4,29,,,,,,,,,,
DL,5.2,C,3,30,,,,,,,,,,
DL,5.2,C,2,32,,,,,,,,,,
DL,5.2,C,1,26,28,,,,,,,,,
DL,5.2,D,6,34,38,,,,,,,,,
DL,5.2,D,5,43,,,,,,,,,,
DL,5.2,D,4,37,,,,,,,,,,
DL,5.2,D,3,35,42,44,,,,,,,,
DL,5.2,D,2,36,,,,,,,,,,
DL,5.2,D,1,40,39,41,,,,,,,,
DL,6.1,A,6,7,,,,,,,,,,
DL,6.1,A,5,3,8,,,,,,,,,
DL,6.1,A,4,10,12,,,,,,,,,
DL,6.1,A,3,4,9,,,,,,,,,
DL,6.1,A,2,6,5,,,,,,,,,
DL,6.1,A,1,2,11,,,,,,,,,
DL,6.1,B,6,19,,,,,,,,,,
DL,6.1,B,5,13,24,,,,,,,,,
DL,6.1,B,4,21,22,,,,,,,,,
DL,6.1,B,3,18,20,17,,,,,,,,
DL,6.1,B,2,15,,,,,,,,,,
DL,6.1,B,1,14,16,23,,,,,,,,
DL,6.1,C,6,31,29,,,,,,,,,
DL,6.1,C,5,27,34,,,,,,,,,
DL,6.1,C,4,30,,,,,,,,,,
DL,6.1,C,3,26,32,35,36,33,,,,,,
DL,6.1,C,2,28,,,,,,,,,,
DL,6.1,C,1,25,,,,,,,,,,
DL,6.1,D,6,40,,,,,,,,,,
DL,6.1,D,5,44,50,,,,,,,,,
DL,6.1,D,4,43,49,,,,,,,,,
DL,6.1,D,3,37,42,46,45,51,,,,,,
DL,6.1,D,2,38,41,,,,,,,,,
DL,6.1,D,1,47,39,48,,,,,,,,
DL,6.2,A,6,4,6,10,,,,,,,,
DL,6.2,A,5,8,,,,,,,,,,
DL,6.2,A,4,9,,,,,,,,,,
DL,6.2,A,3,3,7,11,,,,,,,,
DL,6.2,A,2,2,,,,,,,,,,
DL,6.2,A,1,5,,,,,,,,,,
DL,6.2,B,6,17,,,,,,,,,,
DL,6.2,B,5,13,18,22,,,,,,,,
DL,6.2,B,4,20,,,,,,,,,,
DL,6.2,B,3,12,15,23,,,,,,,,
DL,6.2,B,2,16,,,,,,,,,,
DL,6.2,B,1,19,14,21,,,,,,,,
DL,6.2,C,6,31,28,,,,,,,,,
DL,6.2,C,5,25,,,,,,,,,,
DL,6.2,C,4,29,,,,,,,,,,
DL,6.2,C,3,30,27,,,,,,,,,
DL,6.2,C,2,26,,,,,,,,,,
DL,6.2,C,1,24,,,,,,,,,,
DL,6.2,D,6,38,40,,,,,,,,,
DL,6.2,D,5,37,44,,,,,,,,,
DL,6.2,D,4,35,32,39,42,,,,,,,
DL,6.2,D,3,36,41,43,,,,,,,,
DL,6.2,D,2,33,,,,,,,,,,
DL,6.2,D,1,34,,,,,,,,,,
DL,7.1,A,6,7,,,,,,,,,,
DL,7.1,A,5,11,4,2,,,,,,,,
DL,7.1,A,4,8,,,,,,,,,,
DL,7.1,A,3,6,,,,,,,,,,
DL,7.1,A,2,5,9,10,,,,,,,,
DL,7.1,A,1,3,,,,,,,,,,
DL,7.1,B,6,18,19,29,,,,,,,,
DL,7.1,B,5,24,,,,,,,,,,
DL,7.1,B,4,26,20,30,,,,,,,,
DL,7.1,B,3,15,12,,,,,,,,,
DL,7.1,B,2,17,25,28,13,14,,,,,,
DL,7.1,B,1,16,23,21,22,27,,,,,,
DL,7.1,C,6,33,36,38,,,,,,,,
DL,7.1,C,5,41,,,,,,,,,,
DL,7.1,C,4,35,40,,,,,,,,,
DL,7.1,C,3,34,37,,,,,,,,,
DL,7.1,C,2,32,39,,,,,,,,,
DL,7.1,C,1,31,,,,,,,,,,
DL,7.1,D,6,48,,,,,,,,,,
DL,7.1,D,5,47,50,,,,,,,,,
DL,7.1,D,4,49,51,55,56,,,,,,,
DL,7.1,D,3,46,52,,,,,,,,,
DL,7.1,D,2,45,53,42,,,,,,,,
DL,7.1,D,1,44,43,54,,,,,,,,
DL,7.2,A,6,15,16,,,,,,,,,
DL,7.2,A,5,22,23,,,,,,,,,
DL,7.2,A,4,21,18,25,,,,,,,,
DL,7.2,A,3,17,19,,,,,,,,,
DL,7.2,A,2,24,14,,,,,,,,,
DL,7.2,A,1,20,,,,,,,,,,
DL,7.2,B,6,28,38,,,,,,,,,
DL,7.2,B,5,31,,,,,,,,,,
DL,7.2,B,4,29,35,,,,,,,,,
DL,7.2,B,3,36,34,,,,,,,,,
DL,7.2,B,2,33,39,30,40,,,,,,,
DL,7.2,B,1,32,37,27,26,,,,,,,
DL,7.2,C,6,28,38,,,,,,,,,
DL,7.2,C,5,31,,,,,,,,,,
DL,7.2,C,4,29,35,,,,,,,,,
DL,7.2,C,3,36,34,,,,,,,,,
DL,7.2,C,2,33,30,39,40,,,,,,,
DL,7.2,C,1,32,37,37,26,,,,,,,
DL,7.2,D,6,43,,,,,,,,,,
DL,7.2,D,5,46,,,,,,,,,,
DL,7.2,D,4,42,49,,,,,,,,,
DL,7.2,D,3,41,48,,,,,,,,,
DL,7.2,D,2,47,44,,,,,,,,,
DL,7.2,D,1,45,50,,,,,,,,,
DL,8.1,A,6,8,,,,,,,,,,
DL,8.1,A,5,9,,,,,,,,,,
DL,8.1,A,4,4,2,,,,,,,,,
DL,8.1,A,3,7,,,,,,,,,,
DL,8.1,A,2,5,,,,,,,,,,
DL,8.1,A,1,6,3,,,,,,,,,
DL,8.1,B,6,13,,,,,,,,,,
DL,8.1,B,5,14,,,,,,,,,,
DL,8.1,B,4,15,,,,,,,,,,
DL,8.1,B,3,16,17,10,,,,,,,,
DL,8.1,B,2,12,,,,,,,,,,
DL,8.1,B,1,11,,,,,,,,,,
DL,8.1,C,6,23,,,,,,,,,,
DL,8.1,C,5,22,,,,,,,,,,
DL,8.1,C,4,24,25,28,,,,,,,,
DL,8.1,C,3,18,21,,,,,,,,,
DL,8.1,C,2,19,27,,,,,,,,,
DL,8.1,C,1,26,20,,,,,,,,,
DL,8.1,D,6,34,,,,,,,,,,
DL,8.1,D,5,31,38,39,,,,,,,,
DL,8.1,D,4,30,36,,,,,,,,,
DL,8.1,D,3,35,,,,,,,,,,
DL,8.1,D,2,32,37,29,,,,,,,,
DL,8.1,D,1,33,,,,,,,,,,
DL,8.2,A,6,7,,,,,,,,,,
DL,8.2,A,5,6,,,,,,,,,,
DL,8.2,A,4,4,,,,,,,,,,
DL,8.2,A,3,5,,,,,,,,,,
DL,8.2,A,2,3,8,,,,,,,,,
DL,8.2,A,1,2,,,,,,,,,,
DL,8.2,B,6,13,17,,,,,,,,,
DL,8.2,B,5,14,,,,,,,,,,
DL,8.2,B,4,9,18,,,,,,,,,
DL,8.2,B,3,10,,,,,,,,,,
DL,8.2,B,2,16,15,11,19,,,,,,,
DL,8.2,B,1,12,,,,,,,,,,
DL,8.2,C,6,22,30,,,,,,,,,
DL,8.2,C,5,24,21,,,,,,,,,
DL,8.2,C,4,23,29,,,,,,,,,
DL,8.2,C,3,28,20,,,,,,,,,
DL,8.2,C,2,27,25,,,,,,,,,
DL,8.2,C,1,26,,,,,,,,,,
DL,8.2,D,6,35,,,,,,,,,,
DL,8.2,D,5,34,40,42,43,,,,,,,
DL,8.2,D,4,32,38,,,,,,,,,
DL,8.2,D,3,37,,,,,,,,,,
DL,8.2,D,2,33,31,,,,,,,,,
DL,8.2,D,1,39,36,,,,,,,,,
DL,9.1,A,6,2,,,,,,,,,,
DL,9.1,A,5,4,,,,,,,,,,
DL,9.1,A,4,6,1,,,,,,,,,
DL,9.1,A,3,5,,,,,,,,,,
DL,9.1,A,2,3,,,,,,,,,,
DL,9.1,A,1,7,,,,,,,,,,
DL,9.1,B,6,13,,,,,,,,,,
DL,9.1,B,5,14,10,,,,,,,,,
DL,9.1,B,4,9,,,,,,,,,,
DL,9.1,B,3,12,,,,,,,,,,
DL,9.1,B,2,15,16,,,,,,,,,
DL,9.1,B,1,8,11,,,,,,,,,
DL,9.1,C,6,24,,,,,,,,,,
DL,9.1,C,5,22,25,,,,,,,,,
DL,9.1,C,4,23,,,,,,,,,,
DL,9.1,C,3,21,17,,,,,,,,,
DL,9.1,C,2,20,27,,,,,,,,,
DL,9.1,C,1,18,19,28,29,26,,,,,,
DL,9.1,D,6,33,,,,,,,,,,
DL,9.1,D,5,35,38,,,,,,,,,
DL,9.1,D,4,32,,,,,,,,,,
DL,9.1,D,3,36,,,,,,,,,,
DL,9.1,D,2,34,,,,,,,,,,
DL,9.1,D,1,31,30,37,39,,,,,,,
DL,9.2,A,6,6,,,,,,,,,,
DL,9.2,A,5,2,9,1,,,,,,,,
DL,9.2,A,4,3,,,,,,,,,,
DL,9.2,A,3,10,,,,,,,,,,
DL,9.2,A,2,4,8,,,,,,,,,
DL,9.2,A,1,5,7,11,12,,,,,,,
DL,9.2,B,6,18,21,,,,,,,,,
DL,9.2,B,5,19,,,,,,,,,,
DL,9.2,B,4,15,,,,,,,,,,
DL,9.2,B,3,17,,,,,,,,,,
DL,9.2,B,2,13,14,,,,,,,,,
DL,9.2,B,1,16,20,,,,,,,,,
DL,9.2,C,6,26,,,,,,,,,,
DL,9.2,C,5,25,30,,,,,,,,,
DL,9.2,C,4,24,,,,,,,,,,
DL,9.2,C,3,29,,,,,,,,,,
DL,9.2,C,2,28,27,,,,,,,,,
DL,9.2,C,1,22,23,31,,,,,,,,
DL,9.2,D,6,36,,,,,,,,,,
DL,9.2,D,5,35,38,,,,,,,,,
DL,9.2,D,4,37,,,,,,,,,,
DL,9.2,D,3,34,,,,,,,,,,
DL,9.2,D,2,33,,,,,,,,,,
DL,9.2,D,1,32,,,,,,,,,,
DL,10.1,A,6,4,,,,,,,,,,
DL,10.1,A,5,2,,,,,,,,,,
DL,10.1,A,4,3,7,11,,,,,,,,
DL,10.1,A,3,5,,,,,,,,,,
DL,10.1,A,2,9,8,,,,,,,,,
DL,10.1,A,1,6,10,,,,,,,,,
DL,10.1,B,6,14,,,,,,,,,,
DL,10.1,B,5,16,,,,,,,,,,
DL,10.1,B,4,19,15,,,,,,,,,
DL,10.1,B,3,18,,,,,,,,,,
DL,10.1,B,2,17,,,,,,,,,,
DL,10.1,B,1,20,21,13,,,,,,,,
DL,10.1,C,6,23,26,,,,,,,,,
DL,10.1,C,5,29,22,32,,,,,,,,
DL,10.1,C,4,25,,,,,,,,,,
DL,10.1,C,3,27,,,,,,,,,,
DL,10.1,C,2,30,28,,,,,,,,,
DL,10.1,C,1,24,31,32,,,,,,,,
DL,10.1,D,6,34,36,43,,,,,,,,
DL,10.1,D,5,35,39,44,45,,,,,,,
DL,10.1,D,4,37,41,,,,,,,,,
DL,10.1,D,3,40,,,,,,,,,,
DL,10.1,D,2,38,,,,,,,,,,
DL,10.1,D,1,42,,,,,,,,,,
DL,10.2,A,6,11,13,,,,,,,,,
DL,10.2,A,5,2,4,12,,,,,,,,
DL,10.2,A,4,8,10,,,,,,,,,
DL,10.2,A,3,9,,,,,,,,,,
DL,10.2,A,2,7,6,,,,,,,,,
DL,10.2,A,1,5,,,,,,,,,,
DL,10.2,B,6,20,,,,,,,,,,
DL,10.2,B,5,14,,,,,,,,,,
DL,10.2,B,4,21,19,,,,,,,,,
DL,10.2,B,3,17,18,,,,,,,,,
DL,10.2,B,2,16,,,,,,,,,,
DL,10.2,B,1,15,,,,,,,,,,
DL,10.2,C,6,28,34,30,35,,,,,,,
DL,10.2,C,5,29,32,,,,,,,,,
DL,10.2,C,4,24,27,22,,,,,,,,
DL,10.2,C,3,25,31,,,,,,,,,
DL,10.2,C,2,26,,,,,,,,,,
DL,10.2,C,1,23,33,,,,,,,,,
DL,10.2,D,6,43,45,,,,,,,,,
DL,10.2,D,5,44,36,,,,,,,,,
DL,10.2,D,4,42,46,49,48,,,,,,,
DL,10.2,D,3,38,,,,,,,,,,
DL,10.2,D,2,37,41,,,,,,,,,
DL,10.2,D,1,39,40,47,,,,,,,,
DL,11.1,A,6,9,,,,,,,,,,
DL,11.1,A,5,14,,,,,,,,,,
DL,11.1,A,4,10,8,12,15,16,,,,,,
DL,11.1,A,3,13,2,3,4,,,,,,,
DL,11.1,A,2,7,11,17,,,,,,,,
DL,11.1,A,1,6,,,,,,,,,,
DL,11.1,B,6,25,,,,,,,,,,
DL,11.1,B,5,20,23,34,31,32,,,,,,
DL,11.1,B,4,28,22,26,30,,,,,,,
DL,11.1,B,3,18,29,,,,,,,,,
DL,11.1,B,2,21,27,33,,,,,,,,
DL,11.1,B,1,19,,,,,,,,,,
DL,11.1,C,6,41,45,,,,,,,,,
DL,11.1,C,5,40,36,43,,,,,,,,
DL,11.1,C,4,47,44,39,,,,,,,,
DL,11.1,C,3,38,37,,,,,,,,,
DL,11.1,C,2,35,46,42,,,,,,,,
DL,11.1,C,1,34,,,,,,,,,,
DL,11.1,D,6,53,,,,,,,,,,
DL,11.1,D,5,55,,,,,,,,,,
DL,11.1,D,4,56,57,49,58,,,,,,,
DL,11.1,D,3,54,50,48,59,60,,,,,,
DL,11.1,D,2,52,,,,,,,,,,
DL,11.1,D,1,51,,,,,,,,,,
DL,11.2,A,6,3,7,,,,,,,,,
DL,11.2,A,5,2,5,,,,,,,,,
DL,11.2,A,4,6,8,,,,,,,,,
DL,11.2,A,3,4,9,,,,,,,,,
DL,11.2,A,2,10,,,,,,,,,,
DL,11.2,A,1,11,,,,,,,,,,
DL,11.2,B,6,15,,,,,,,,,,
DL,11.2,B,5,18,16,,,,,,,,,
DL,11.2,B,4,14,17,,,,,,,,,
DL,11.2,B,3,12,13,,,,,,,,,
DL,11.2,B,2,20,21,22,,,,,,,,
DL,11.2,B,1,19,,,,,,,,,,
DL,11.2,C,6,36,26,,,,,,,,,
DL,11.2,C,5,27,23,,,,,,,,,
DL,11.2,C,4,32,28,24,,,,,,,,
DL,11.2,C,3,30,25,,,,,,,,,
DL,11.2,C,2,29,31,34,,,,,,,,
DL,11.2,C,1,35,33,,,,,,,,,
DL,11.2,D,6,40,42,,,,,,,,,
DL,11.2,D,5,37,39,38,50,51,39,49,,,,
DL,11.2,D,4,41,45,46,47,,,,,,,
DL,11.2,D,3,48,,,,,,,,,,
DL,11.2,D,2,44,53,55,,,,,,,,
DL,11.2,D,1,54,52,43,,,,,,,,
DL,12.1,A,6,5,,,,,,,,,,
DL,12.1,A,5,8,,,,,,,,,,
DL,12.1,A,4,2,3,,,,,,,,,
DL,12.1,A,3,6,,,,,,,,,,
DL,12.1,A,2,4,,,,,,,,,,
DL,12.1,A,1,7,9,10,,,,,,,,
DL,12.1,B,6,11,18,,,,,,,,,
DL,12.1,B,5,15,,,,,,,,,,
DL,12.1,B,4,16,20,,,,,,,,,
DL,12.1,B,3,13,17,,,,,,,,,
DL,12.1,B,2,14,21,,,,,,,,,
DL,12.1,B,1,12,19,,,,,,,,,
DL,12.1,C,6,22,26,,,,,,,,,
DL,12.1,C,5,24,,,,,,,,,,
DL,12.1,C,4,23,30,31,,,,,,,,
DL,12.1,C,3,27,29,,,,,,,,,
DL,12.1,C,2,25,33,,,,,,,,,
DL,12.1,C,1,34,32,28,,,,,,,,
DL,12.1,D,6,38,47,,,,,,,,,
DL,12.1,D,5,37,,,,,,,,,,
DL,12.1,D,4,40,,,,,,,,,,
DL,12.1,D,3,35,46,,,,,,,,,
DL,12.1,D,2,36,39,41,44,,,,,,,
DL,12.1,D,1,42,43,45,,,,,,,,
DL,12.2,A,6,1,7,,,,,,,,,
DL,12.2,A,5,4,,,,,,,,,,
DL,12.2,A,4,2,11,,,,,,,,,
DL,12.2,A,3,6,,,,,,,,,,
DL,12.2,A,2,3,9,,,,,,,,,
DL,12.2,A,1,5,10,8,12,,,,,,,
DL,12.2,B,6,16,14,,,,,,,,,
DL,12.2,B,5,15,,,,,,,,,,
DL,12.2,B,4,20,13,22,,,,,,,,
DL,12.2,B,3,17,18,,,,,,,,,
DL,12.2,B,2,19,,,,,,,,,,
DL,12.2,B,1,21,,,,,,,,,,
DL,12.2,C,6,26,30,,,,,,,,,
DL,12.2,C,5,23,29,32,,,,,,,,
DL,12.2,C,4,27,,,,,,,,,,
DL,12.2,C,3,28,31,,,,,,,,,
DL,12.2,C,2,35,25,,,,,,,,,
DL,12.2,C,1,34,24,33,36,,,,,,,
DL,12.2,D,6,40,,,,,,,,,,
DL,12.2,D,5,38,41,,,,,,,,,
DL,12.2,D,4,45,39,,,,,,,,,
DL,12.2,D,3,42,37,,,,,,,,,
DL,12.2,D,2,44,,,,,,,,,,
DL,12.2,D,1,46,43,47,,,,,,,,
DL,13.1,A,6,5,11,,,,,,,,,
DL,13.1,A,5,1,,,,,,,,,,
DL,13.1,A,4,10,8,,,,,,,,,
DL,13.1,A,3,3,,,,,,,,,,
DL,13.1,A,2,7,9,,,,,,,,,
DL,13.1,A,1,2,4,6,12,,,,,,,
DL,13.1,B,6,15,21,,,,,,,,,
DL,13.1,B,5,22,23,,,,,,,,,
DL,13.1,B,4,19,,,,,,,,,,
DL,13.1,B,3,18,,,,,,,,,,
DL,13.1,B,2,20,14,13,16,,,,,,,
DL,13.1,B,1,17,,,,,,,,,,
DL,13.1,C,6,33,29,32,,,,,,,,
DL,13.1,C,5,31,34,24,,,,,,,,
DL,13.1,C,4,27,28,,,,,,,,,
DL,13.1,C,3,30,,,,,,,,,,
DL,13.1,C,2,25,,,,,,,,,,
DL,13.1,C,1,26,,,,,,,,,,
DL,13.1,D,6,43,,,,,,,,,,
DL,13.1,D,5,36,39,,,,,,,,,
DL,13.1,D,4,40,44,,,,,,,,,
DL,13.1,D,3,41,,,,,,,,,,
DL,13.1,D,2,38,42,45,,,,,,,,
DL,13.1,D,1,37,35,,,,,,,,,
DL,13.2,A,6,3,4,,,,,,,,,
DL,13.2,A,5,2,,,,,,,,,,
DL,13.2,A,4,6,,,,,,,,,,
DL,13.2,A,3,5,8,10,,,,,,,,
DL,13.2,A,2,9,,,,,,,,,,
DL,13.2,A,1,7,,,,,,,,,,
DL,13.2,B,6,11,,,,,,,,,,
DL,13.2,B,5,13,,,,,,,,,,
DL,13.2,B,4,12,17,,,,,,,,,
DL,13.2,B,3,15,,,,,,,,,,
DL,13.2,B,2,14,,,,,,,,,,
DL,13.2,B,1,16,,,,,,,,,,
DL,13.2,C,6,20,,,,,,,,,,
DL,13.2,C,5,19,,,,,,,,,,
DL,13.2,C,4,22,27,,,,,,,,,
DL,13.2,C,3,24,,,,,,,,,,
DL,13.2,C,2,21,23,26,28,18,,,,,,
DL,13.2,C,1,25,,,,,,,,,,
DL,13.2,D,6,33,32,,,,,,,,,
DL,13.2,D,5,29,34,36,38,,,,,,,
DL,13.2,D,4,35,,,,,,,,,,
DL,13.2,D,3,43,39,,,,,,,,,
DL,13.2,D,2,44,40,42,31,30,,,,,,
DL,13.2,D,1,41,37,,,,,,,,,
DL,14.1,A,6,7,5,,,,,,,,,
DL,14.1,A,5,1,11,,,,,,,,,
DL,14.1,A,4,6,,,,,,,,,,
DL,14.1,A,3,9,4,,,,,,,,,
DL,14.1,A,2,3,,,,,,,,,,
DL,14.1,A,1,2,8,10,,,,,,,,
DL,14.1,B,6,20,,,,,,,,,,
DL,14.1,B,5,17,13,,,,,,,,,
DL,14.1,B,4,18,,,,,,,,,,
DL,14.1,B,3,22,,,,,,,,,,
DL,14.1,B,2,14,16,,,,,,,,,
DL,14.1,B,1,15,19,21,12,,,,,,,
DL,14.1,C,6,25,28,30,,,,,,,,
DL,14.1,C,5,27,,,,,,,,,,
DL,14.1,C,4,24,31,26,,,,,,,,
DL,14.1,C,3,29,,,,,,,,,,
DL,14.1,C,2,32,,,,,,,,,,
DL,14.1,C,1,23,,,,,,,,,,
DL,14.1,D,6,36,41,,,,,,,,,
DL,14.1,D,5,40,47,46,,,,,,,,
DL,14.1,D,4,33,34,39,42,43,45,,,,,
DL,14.1,D,3,35,,,,,,,,,,
DL,14.1,D,2,38,,,,,,,,,,
DL,14.1,D,1,37,44,,,,,,,,,
DL,14.2,A,6,7,9,11,,,,,,,,
DL,14.2,A,5,6,8,12,,,,,,,,
DL,14.2,A,4,4,3,10,,,,,,,,
DL,14.2,A,3,13,,,,,,,,,,
DL,14.2,A,2,5,,,,,,,,,,
DL,14.2,A,1,2,,,,,,,,,,
DL,14.2,B,6,19,26,,,,,,,,,
DL,14.2,B,5,14,17,28,29,,,,,,,
DL,14.2,B,4,20,25,,,,,,,,,
DL,14.2,B,3,18,27,,,,,,,,,
DL,14.2,B,2,15,21,24,,,,,,,,
DL,14.2,B,1,22,23,16,,,,,,,,
DL,14.2,C,6,31,33,,,,,,,,,
DL,14.2,C,5,34,,,,,,,,,,
DL,14.2,C,4,37,38,,,,,,,,,
DL,14.2,C,3,36,30,,,,,,,,,
DL,14.2,C,2,34,,,,,,,,,,
DL,14.2,C,1,32,,,,,,,,,,
DL,14.2,D,6,48,49,43,52,,,,,,,
DL,14.2,D,5,40,45,39,,,,,,,,
DL,14.2,D,4,44,,,,,,,,,,
DL,14.2,D,3,47,46,50,,,,,,,,
DL,14.2,D,2,42,,,,,,,,,,
DL,14.2,D,1,41,51,,,,,,,,,
DL,15.1,A,6,5,,,,,,,,,,
DL,15.1,A,5,2,12,,,,,,,,,
DL,15.1,A,4,8,10,14,,,,,,,,
DL,15.1,A,3,9,13,,,,,,,,,
DL,15.1,A,2,11,7,,,,,,,,,
DL,15.1,A,1,34,6,,,,,,,,,
DL,15.1,B,6,15,24,,,,,,,,,
DL,15.1,B,5,19,25,,,,,,,,,
DL,15.1,B,4,26,18,,,,,,,,,
DL,15.1,B,3,17,23,,,,,,,,,
DL,15.1,B,2,20,22,,,,,,,,,
DL,15.1,B,1,21,16,,,,,,,,,
DL,15.1,C,6,27,32,31,28,38,44,45,46,,,
DL,15.1,C,5,29,43,42,,,,,,,,
DL,15.1,C,4,34,40,,,,,,,,,
DL,15.1,C,3,36,30,39,37,,,,,,,
DL,15.1,C,2,33,,,,,,,,,,
DL,15.1,C,1,41,35,,,,,,,,,
DL,15.1,D,6,47,,,,,,,,,,
DL,15.1,D,5,58,55,53,,,,,,,,
DL,15.1,D,4,49,57,60,61,,,,,,,
DL,15.1,D,3,52,56,,,,,,,,,
DL,15.1,D,2,51,54,48,62,,,,,,,
DL,15.1,D,1,50,59,,,,,,,,,
DL,15.2,A,6,1,,,,,,,,,,
DL,15.2,A,5,4,,,,,,,,,,
DL,15.2,A,4,3,2,,,,,,,,,
DL,15.2,A,3,6,9,,,,,,,,,
DL,15.2,A,2,7,,,,,,,,,,
DL,15.2,A,1,5,8,,,,,,,,,
DL,15.2,B,6,12,19,23,,,,,,,,
DL,15.2,B,5,14,13,,,,,,,,,
DL,15.2,B,4,20,15,,,,,,,,,
DL,15.2,B,3,16,21,,,,,,,,,
DL,15.2,B,2,22,17,11,10,,,,,,,
DL,15.2,B,1,18,,,,,,,,,,
DL,15.2,C,6,28,26,34,33,35,,,,,,
DL,15.2,C,5,27,,,,,,,,,,
DL,15.2,C,4,29,,,,,,,,,,
DL,15.2,C,3,31,37,,,,,,,,,
DL,15.2,C,2,32,25,24,,,,,,,,
DL,15.2,C,1,36,30,38,,,,,,,,
DL,15.2,D,6,39,40,41,43,42,50,53,58,59,60,
DL,15.2,D,5,49,,,,,,,,,,
DL,15.2,D,4,47,,,,,,,,,,
DL,15.2,D,3,45,52,56,,,,,,,,
DL,15.2,D,2,44,48,51,54,55,,,,,,
DL,15.2,D,1,46,57,,,,,,,,,
MG,16.1,A,1,5,10,12,,,,,,,,
MG,16.1,A,2,9,8,,,,,,,,,
MG,16.1,A,3,7,,,52,,,,,,,
MG,16.1,A,4,6,,,48,,,,,,,
MG,16.1,A,5,3,11,,49,,,,,,,
MG,16.1,A,6,4,,,,,,,,,,
MG,16.1,B,1,18,,,,,,,,,,
MG,16.1,B,2,16,,,,,,,,,,
MG,16.1,B,3,21,19,14,,,,,,,,
MG,16.1,B,4,17,,,,,,,,,,
MG,16.1,B,5,20,,,,,,,,,,
MG,16.1,B,6,15,,,,,,,,,,
MG,16.1,C,1,34,31,35,,,,,,,,
MG,16.1,C,2,24,32,,,,,,,,,
MG,16.1,C,3,22,25,28,,,,,,,,
MG,16.1,C,4,23,33,30,26,36,,,,,,
MG,16.1,C,5,27,,,,,,,,,,
MG,16.1,C,6,29,,,,,,,,,,
MG,16.1,D,1,41,51,,,,,,,,,
MG,16.1,D,2,46,53,,,,,,,,,
MG,16.1,D,3,40,44,47,,,,,,,,
MG,16.1,D,4,50,43,42,,,,,,,,
MG,16.1,D,5,39,45,38,,,,,,,,
MG,16.1,D,6,37,,,,,,,,,,
MG,16.2,A,1,8,,,,,,,,,,
MG,16.2,A,2,3,,,,,,,,,,
MG,16.2,A,3,9,7,,,,,,,,,
MG,16.2,A,4,6,,,,,,,,,,
MG,16.2,A,5,4,5,11,12,,,,,,,
MG,16.2,A,6,2,10,,,,,,,,,
MG,16.2,B,1,17,,,,,,,,,,
MG,16.2,B,2,18,20,,,,,,,,,
MG,16.2,B,3,22,23,21,13,,,,,,,
MG,16.2,B,4,14,16,,,,,,,,,
MG,16.2,B,5,19,,,,,,,,,,
MG,16.2,B,6,15,,,,,,,,,,
MG,16.2,C,1,33,,,,,,,,,,
MG,16.2,C,2,36,39,,,,,,,,,
MG,16.2,C,3,27,32,40,43,,,,,,,
MG,16.2,C,4,24,28,35,37,42,,,,,,
MG,16.2,C,5,31,26,34,,,,,,,,
MG,16.2,C,6,25,29,30,38,41,,,,,,
MG,16.2,D,1,53,54,,,,,,,,,
MG,16.2,D,2,49,,,,,,,,,,
MG,16.2,D,3,47,52,56,,,,,,,,
MG,16.2,D,4,46,50,55,,,,,,,,
MG,16.2,D,5,45,51,,,,,,,,,
MG,16.2,D,6,48,57,,,,,,,,,
MG,17.1,A,1,9,11,,,,,,,,,
MG,17.1,A,2,2,5,10,14,12,,,,,,
MG,17.1,A,3,3,7,,,,,,,,,
MG,17.1,A,4,6,,,,,,,,,,
MG,17.1,A,5,4,,,,,,,,,,
MG,17.1,A,6,8,13,,,,,,,,,
MG,17.1,B,1,26,24,,,,,,,,,
MG,17.1,B,2,15,21,27,,,,,,,,
MG,17.1,B,3,17,20,23,,,,,,,,
MG,17.1,B,4,18,16,22,28,,,,,,,
MG,17.1,B,5,25,,,,,,,,,,
MG,17.1,B,6,19,,,,,,,,,,
MG,17.1,C,1,42,39,,,,,,,,,
MG,17.1,C,2,30,29,35,34,31,41,40,44,,,
MG,17.1,C,3,43,37,33,,,,,,,,
MG,17.1,C,4,38,,,,,,,,,,
MG,17.1,C,5,36,,,,,,,,,,
MG,17.1,C,6,32,,,,,,,,,,
MG,17.1,D,1,53,,,,,,,,,,
MG,17.1,D,2,48,55,,,,,,,,,
MG,17.1,D,3,45,50,,,,,,,,,
MG,17.1,D,4,54,49,,,,,,,,,
MG,17.1,D,5,52,47,,,,,,,,,
MG,17.1,D,6,51,46,56,,,,,,,,
MG,17.2,A,1,6,,,,,,,,,,
MG,17.2,A,2,2,,,,,,,,,,
MG,17.2,A,3,4,,,,,,,,,,
MG,17.2,A,4,3,7,,,,,,,,,
MG,17.2,A,5,1,5,,,,,,,,,
MG,17.2,A,6,,,,,,,,,,,
MG,17.2,B,1,16,,,,,,,,,,
MG,17.2,B,2,14,,,,,,,,,,
MG,17.2,B,3,8,18,10,20,,,,,,,
MG,17.2,B,4,15,12,,,,,,,,,
MG,17.2,B,5,13,19,17,,,,,,,,
MG,17.2,B,6,11,9,,,,,,,,,
MG,17.2,C,1,26,27,,,,,,,,,
MG,17.2,C,2,28,,,,,,,,,,
MG,17.2,C,3,24,,,,,,,,,,
MG,17.2,C,4,23,,,,,,,,,,
MG,17.2,C,5,22,25,,,,,,,,,
MG,17.2,C,6,21,,,,,,,,,,
MG,17.2,D,1,30,31,38,,,,,,,,
MG,17.2,D,2,29,,,,,,,,,,
MG,17.2,D,3,36,,,,,,,,,,
MG,17.2,D,4,33,37,35,39,,,,,,,
MG,17.2,D,5,34,,,,,,,,,,
MG,17.2,D,6,32,,,,,,,,,,
MG,18.1,A,1,8,,,,,,,,,,
MG,18.1,A,2,13,,,,,,,,,,
MG,18.1,A,3,16,12,14,11,3,,,,,,
MG,18.1,A,4,9,,,,,,,,,,
MG,18.1,A,5,6,7,17,,,,,,,,
MG,18.1,A,6,4,5,10,15,,,,,,,
MG,18.1,B,1,20,,,,,,,,,,
MG,18.1,B,2,18,21,,,,,,,,,
MG,18.1,B,3,24,27,,,,,,,,,
MG,18.1,B,4,19,,,,,,,,,,
MG,18.1,B,5,22,25,,,,,,,,,
MG,18.1,B,6,26,23,,,,,,,,,
MG,18.1,C,1,33,,,,,,,,,,
MG,18.1,C,2,41,32,30,43,42,,,,,,
MG,18.1,C,3,38,36,,,,,,,,,
MG,18.1,C,4,35,,,,,,,,,,
MG,18.1,C,5,34,,,,,,,,,,
MG,18.1,C,6,31,37,,,,,,,,,
MG,18.1,D,1,50,51,,,,,,,,,
MG,18.1,D,2,46,,,,,,,,,,
MG,18.1,D,3,49,,,,,,,,,,
MG,18.1,D,4,45,52,,,,,,,,,
MG,18.1,D,5,47,,,,,,,,,,
MG,18.1,D,6,48,,,,,,,,,,
MG,18.2,A,1,8,,,,,,,,,,
MG,18.2,A,2,9,11,13,,,,,,,,
MG,18.2,A,3,3,7,14,,,,,,,,
MG,18.2,A,4,2,10,,,,,,,,,
MG,18.2,A,5,5,12,,,,,,,,,
MG,18.2,A,6,4,6,,,,,,,,,
MG,18.2,B,1,20,,,,,,,,,,
MG,18.2,B,2,22,24,,,,,,,,,
MG,18.2,B,3,19,,,,,,,,,,
MG,18.2,B,4,21,,,,,,,,,,
MG,18.2,B,5,15,,,,,,,,,,
MG,18.2,B,6,16,18,17,23,,,,,,,
MG,18.2,C,1,30,35,,,,,,,,,
MG,18.2,C,2,33,36,32,34,39,,,,,,
MG,18.2,C,3,28,38,,,,,,,,,
MG,18.2,C,4,31,26,,,,,,,,,
MG,18.2,C,5,29,,,,,,,,,,
MG,18.2,C,6,25,27,37,,,,,,,,
MG,18.2,D,1,45,,,,,,,,,,
MG,18.2,D,2,42,51,52,48,,,,,,,
MG,18.2,D,3,47,,,,,,,,,,
MG,18.2,D,4,44,50,,,,,,,,,
MG,18.2,D,5,41,,,,,,,,,,
MG,18.2,D,6,43,49,46,,,,,,,,
MG,19.1,A,1,7,,,,,,,,,,
MG,19.1,A,2,5,,,,,,,,,,
MG,19.1,A,3,6,,,,,,,,,,
MG,19.1,A,4,4,,,,,,,,,,
MG,19.1,A,5,3,,,,,,,,,,
MG,19.1,A,6,2,8,,,,,,,,,
MG,19.1,B,1,17,16,,,,,,,,,
MG,19.1,B,2,14,,,,,,,,,,
MG,19.1,B,3,13,,,,,,,,,,
MG,19.1,B,4,12,15,19,,,,,,,,
MG,19.1,B,5,11,,,,,,,,,,
MG,19.1,B,6,9,10,18,,,,,,,,
MG,19.1,C,1,26,,,,,,,,,,
MG,19.1,C,2,24,,,,,,,,,,
MG,19.1,C,3,25,,,,,,,,,,
MG,19.1,C,4,22,23,,,,,,,,,
MG,19.1,C,5,21,,,,,,,,,,
MG,19.1,C,6,20,,,,,,,,,,
MG,19.1,D,1,37,,,,,,,,,,
MG,19.1,D,2,35,,,,,,,,,,
MG,19.1,D,3,34,,,,,,,,,,
MG,19.1,D,4,29,31,36,,,,,,,,
MG,19.1,D,5,32,30,,,,,,,,,
MG,19.1,D,6,33,28,,,,,,,,,
MG,19.2,A,1,7,,,,,,,,,,
MG,19.2,A,2,8,,,,,,,,,,
MG,19.2,A,3,5,,,,,,,,,,
MG,19.2,A,4,6,2,10,,,,,,,,
MG,19.2,A,5,9,3,,,,,,,,,
MG,19.2,A,6,4,,,,,,,,,,
MG,19.2,B,1,17,26,28,,,,,,,,
MG,19.2,B,2,25,22,,,,,,,,,
MG,19.2,B,3,21,27,,,,,,,,,
MG,19.2,B,4,13,14,19,23,24,,,,,,
MG,19.2,B,5,20,15,18,,,,,,,,
MG,19.2,B,6,12,16,,,,,,,,,
MG,19.2,C,1,38,36,40,,,,,,,,
MG,19.2,C,2,,,,,,,,,,,
MG,19.2,C,3,33,39,,,,,,,,,
MG,19.2,C,4,34,32,41,,,,,,,,
MG,19.2,C,5,29,35,32,30,,,,,,,
MG,19.2,C,6,31,,,,,,,,,,
MG,19.2,D,1,44,49,,,,,,,,,
MG,19.2,D,2,50,,,,,,,,,,
MG,19.2,D,3,47,,,,,,,,,,
MG,19.2,D,4,46,43,51,,,,,,,,
MG,19.2,D,5,42,48,52,,,,,,,,
MG,19.2,D,6,45,,,,,,,,,,
MG,20.1,A,1,3,,,,,,,,,,
MG,20.1,A,2,6,,,,,,,,,,
MG,20.1,A,3,8,,,,,,,,,,
MG,20.1,A,4,7,,,,,,,,,,
MG,20.1,A,5,4,9,,,,,,,,,
MG,20.1,A,6,5,,,,,,,,,,
MG,20.1,B,1,10,,,,,,,,,,
MG,20.1,B,2,11,16,,,,,,,,,
MG,20.1,B,3,15,,,,,,,,,,
MG,20.1,B,4,13,,,,,,,,,,
MG,20.1,B,5,12,,,,,,,,,,
MG,20.1,B,6,14,,,,,,,,,,
MG,20.1,C,1,18,,,,,,,,,,
MG,20.1,C,2,22,,,,,,,,,,
MG,20.1,C,3,19,25,,,,,,,,,
MG,20.1,C,4,21,,,,,,,,,,
MG,20.1,C,5,20,,,,,,,,,,
MG,20.1,C,6,17,23,24,,,,,,,,
MG,20.1,D,1,26,,,,,,,,,,
MG,20.1,D,2,29,,,,,,,,,,
MG,20.1,D,3,27,,,,,,,,,,
MG,20.1,D,4,31,,,,,,,,,,
MG,20.1,D,5,30,32,,,,,,,,,
MG,20.1,D,6,28,,,,,,,,,,
MG,20.2,A,1,10,,,,,,,,,,
MG,20.2,A,2,5,9,11,,,,,,,,
MG,20.2,A,3,3,8,13,,,,,,,,
MG,20.2,A,4,7,12,,,,,,,,,
MG,20.2,A,5,4,,,,,,,,,,
MG,20.2,A,6,6,,,,,,,,,,
MG,20.2,B,1,20,,,,,,,,,,
MG,20.2,B,2,18,,,,,,,,,,
MG,20.2,B,3,21,17,,,,,,,,,
MG,20.2,B,4,16,,,,,,,,,,
MG,20.2,B,5,14,19,,,,,,,,,
MG,20.2,B,6,15,,,,,,,,,,
MG,20.2,C,1,26,,,,,,,,,,
MG,20.2,C,2,32,,,,,,,,,,
MG,20.2,C,3,22,,,,,,,,,,
MG,20.2,C,4,25,30,,,,,,,,,
MG,20.2,C,5,23,27,,,,,,,,,
MG,20.2,C,6,24,28,,,,,,,,,
MG,20.2,D,1,33,,,,,,,,,,
MG,20.2,D,2,40,,,,,,,,,,
MG,20.2,D,3,38,36,,,,,,,,,
MG,20.2,D,4,37,43,,,,,,,,,
MG,20.2,D,5,39,42,,,,,,,,,
MG,20.2,D,6,35,34,41,,,,,,,,
MG,21.1,A,1,15,13,,,,,,,,,
MG,21.1,A,2,7,,,,,,,,,,
MG,21.1,A,3,14,8,,,,,,,,,
MG,21.1,A,4,3,9,,,,,,,,,
MG,21.1,A,5,2,5,,,,,,,,,
MG,21.1,A,6,4,6,11,12,10,,,,,,
MG,21.1,B,1,24,27,,,,,,,,,
MG,21.1,B,2,20,,,,,,,,,,
MG,21.1,B,3,19,25,29,,,,,,,,
MG,21.1,B,4,23,22,,,,,,,,,
MG,21.1,B,5,18,28,26,,,,,,,,
MG,21.1,B,6,17,16,21,,,,,,,,
MG,21.1,C,1,31,,,,,,,,,,
MG,21.1,C,2,36,,,,,,,,,,
MG,21.1,C,3,32,41,,,,,,,,,
MG,21.1,C,4,37,34,,,,,,,,,
MG,21.1,C,5,35,33,40,,,,,,,,
MG,21.1,C,6,30,38,,,,,,,,,
MG,21.1,D,1,44,48,,,,,,,,,
MG,21.1,D,2,49,,,,,,,,,,
MG,21.1,D,3,50,47,,,,,,,,,
MG,21.1,D,4,46,51,,,,,,,,,
MG,21.1,D,5,43,45,53,,,,,,,,
MG,21.1,D,6,42,52,,,,,,,,,
MG,21.2,A,1,,,,,,,,,,,
MG,21.2,A,2,7,,,,,,,,,,
MG,21.2,A,3,1,13,12,15,9,,,,,,
MG,21.2,A,4,6,10,,,,,,,,,
MG,21.2,A,5,2,8,14,,,,,,,,
MG,21.2,A,6,3,4,5,11,,,,,,,
MG,21.2,B,1,19,27,,,,,,,,,
MG,21.2,B,2,24,,,,,,,,,,
MG,21.2,B,3,22,17,,,,,,,,,
MG,21.2,B,4,20,25,,,,,,,,,
MG,21.2,B,5,23,21,,,,,,,,,
MG,21.2,B,6,18,26,16,,,,,,,,
MG,21.2,C,1,33,38,,,,,,,,,
MG,21.2,C,2,36,,,,,,,,,,
MG,21.2,C,3,30,35,,,,,,,,,
MG,21.2,C,4,32,37,,,,,,,,,
MG,21.2,C,5,31,,,,,,,,,,
MG,21.2,C,6,29,28,39,34,,,,,,,
MG,21.2,D,1,40,,,,,,,,,,
MG,21.2,D,2,44,43,,,,,,,,,
MG,21.2,D,3,45,49,,,,,,,,,
MG,21.2,D,4,46,,,,,,,,,,
MG,21.2,D,5,41,48,,,,,,,,,
MG,21.2,D,6,47,42,,,,,,,,,
MG,22.1,A,1,8,2,,,,,,,,,
MG,22.1,A,2,6,11,10,,,,,,,,
MG,22.1,A,3,3,,,,,,,,,,
MG,22.1,A,4,4,9,,,,,,,,,
MG,22.1,A,5,7,,,,,,,,,,
MG,22.1,A,6,1,5,,,,,,,,,
MG,22.1,B,1,12,,,,,,,,,,
MG,22.1,B,2,19,22,20,,,,,,,,
MG,22.1,B,3,14,18,23,,,,,,,,
MG,22.1,B,4,17,16,,,,,,,,,
MG,22.1,B,5,13,21,,,,,,,,,
MG,22.1,B,6,15,,,,,,,,,,
MG,22.1,C,1,24,33,,,,,,,,,
MG,22.1,C,2,28,32,,,,,,,,,
MG,22.1,C,3,25,29,31,,,,,,,,
MG,22.1,C,4,26,,,,,,,,,,
MG,22.1,C,5,27,,,,,,,,,,
MG,22.1,C,6,30,,,,,,,,,,
MG,22.1,D,1,42,,,,,,,,,,
MG,22.1,D,2,38,,,,,,,,,,
MG,22.1,D,3,43,,,,,,,,,,
MG,22.1,D,4,41,,,,,,,,,,
MG,22.1,D,5,34,44,39,45,,,,,,,
MG,22.1,D,6,40,46,,,,,,,,,
MG,22.2,A,1,9,11,14,,,,,,,,
MG,22.2,A,2,7,,,,,,,,,,
MG,22.2,A,3,6,8,,,,,,,,,
MG,22.2,A,4,3,,,,,,,,,,
MG,22.2,A,5,5,10,,,,,,,,,
MG,22.2,A,6,2,4,12,13,,,,,,,
MG,22.2,B,1,18,23,,,,,,,,,
MG,22.2,B,2,20,25,,,,,,,,,
MG,22.2,B,3,15,24,,,,,,,,,
MG,22.2,B,4,16,27,21,,,,,,,,
MG,22.2,B,5,19,26,28,,,,,,,,
MG,22.2,B,6,17,,,,,,,,,,
MG,22.2,C,1,37,39,,,,,,,,,
MG,22.2,C,2,38,35,,,,,,,,,
MG,22.2,C,3,34,32,,,,,,,,,
MG,22.2,C,4,29,33,,,,,,,,,
MG,22.2,C,5,31,,,,,,,,,,
MG,22.2,C,6,30,36,,,,,,,,,
MG,22.2,D,1,40,53,52,56,,,,,,,
MG,22.2,D,2,45,54,50,,,,,,,,
MG,22.2,D,3,49,46,,,,,,,,,
MG,22.2,D,4,42,51,48,55,,,,,,,
MG,22.2,D,5,43,47,57,,,,,,,,
MG,22.2,D,6,41,44,,,,,,,,,
MG,23.1,A,1,1,9,8,,,,,,,,
MG,23.1,A,2,6,,,,,,,,,,
MG,23.1,A,3,7,,,,,,,,,,
MG,23.1,A,4,4,14,,,,,,,,,
MG,23.1,A,5,2,11,13,12,,,,,,,
MG,23.1,A,6,10,3,5,,,,,,,,
MG,23.1,B,1,22,,,,,,,,,,
MG,23.1,B,2,17,16,23,,,,,,,,
MG,23.1,B,3,19,26,,,,,,,,,
MG,23.1,B,4,21,,,,,,,,,,
MG,23.1,B,5,24,20,27,,,,,,,,
MG,23.1,B,6,18,25,,,,,,,,,
MG,23.1,C,1,33,35,41,,,,,,,,
MG,23.1,C,2,38,40,39,32,36,,,,,,
MG,23.1,C,3,37,,,,,,,,,,
MG,23.1,C,4,31,,,,,,,,,,
MG,23.1,C,5,30,,,,,,,,,,
MG,23.1,C,6,28,29,,,,,,,,,
MG,23.1,D,1,52,48,,,,,,,,,
MG,23.1,D,2,55,47,,,,,,,,,
MG,23.1,D,3,49,,,,,,,,,,
MG,23.1,D,4,45,42,53,54,56,50,,,,,
MG,23.1,D,5,43,46,,,,,,,,,
MG,23.1,D,6,44,51,,,,,,,,,
MG,23.2,A,1,6,,,,,,,,,,
MG,23.2,A,2,4,2,,,,,,,,,
MG,23.2,A,3,5,12,,,,,,,,,
MG,23.2,A,4,13,10,,,,,,,,,
MG,23.2,A,5,7,11,,,,,,,,,
MG,23.2,A,6,8,9,,,,,,,,,
MG,23.2,B,1,14,20,19,,,,,,,,
MG,23.2,B,2,17,24,,,,,,,,,
MG,23.2,B,3,15,23,,,,,,,,,
MG,23.2,B,4,18,26,,,,,,,,,
MG,23.2,B,5,21,,,,,,,,,,
MG,23.2,B,6,16,22,25,,,,,,,,
MG,23.2,C,1,27,35,,,,,,,,,
MG,23.2,C,2,33,,,,,,,,,,
MG,23.2,C,3,32,34,,,,,,,,,
MG,23.2,C,4,30,28,,,,,,,,,
MG,23.2,C,5,31,,,,,,,,,,
MG,23.2,C,6,29,,,,,,,,,,
MG,23.2,D,1,42,50,51,,,,,,,,
MG,23.2,D,2,37,45,,,,,,,,,
MG,23.2,D,3,39,47,38,,,,,,,,
MG,23.2,D,4,46,41,,,,,,,,,
MG,23.2,D,5,44,43,48,49,,,,,,,
MG,23.2,D,6,40,,,,,,,,,,
MG,24.1,A,1,5,13,8,,,,,,,,
MG,24.1,A,2,7,,,,,,,,,,
MG,24.1,A,3,10,11,,,,,,,,,
MG,24.1,A,4,4,12,,,,,,,,,
MG,24.1,A,5,2,9,3,,,,,,,,
MG,24.1,A,6,1,6,,,,,,,,,
MG,24.1,B,1,14,26,30,,,,,,,,
MG,24.1,B,2,22,18,,,,,,,,,
MG,24.1,B,3,20,25,,,,,,,,,
MG,24.1,B,4,17,21,,,,,,,,,
MG,24.1,B,5,19,24,23,28,,,,,,,
MG,24.1,B,6,16,15,29,27,,,,,,,
MG,24.1,C,1,38,,,,,,,,,,
MG,24.1,C,2,39,40,,,,,,,,,
MG,24.1,C,3,35,,,,,,,,,,
MG,24.1,C,4,37,34,,,,,,,,,
MG,24.1,C,5,32,31,,,,,,,,,
MG,24.1,C,6,36,33,,,,,,,,,
MG,24.1,D,1,46,,,,,,,,,,
MG,24.1,D,2,43,52,57,,,,,,,,
MG,24.1,D,3,42,45,51,49,48,53,56,,,,
MG,24.1,D,4,47,55,,,,,,,,,
MG,24.1,D,5,41,50,,,,,,,,,
MG,24.1,D,6,44,54,,,,,,,,,
MG,24.2,A,1,8,10,13,,,,,,,,
MG,24.2,A,2,2,3,,,,,,,,,
MG,24.2,A,3,5,11,,,,,,,,,
MG,24.2,A,4,6,12,,,,,,,,,
MG,24.2,A,5,4,7,,,,,,,,,
MG,24.2,A,6,9,,,,,,,,,,
MG,24.2,B,1,19,20,,,,,,,,,
MG,24.2,B,2,15,17,21,,,,,,,,
MG,24.2,B,3,22,23,,,,,,,,,
MG,24.2,B,4,24,,,,,,,,,,
MG,24.2,B,5,16,,,,,,,,,,
MG,24.2,B,6,14,18,,,,,,,,,
MG,24.2,C,1,27,29,36,,,,,,,,
MG,24.2,C,2,32,,,,,,,,,,
MG,24.2,C,3,26,,,,,,,,,,
MG,24.2,C,4,28,33,,,,,,,,,
MG,24.2,C,5,25,34,35,,,,,,,,
MG,24.2,C,6,31,30,,,,,,,,,
MG,24.2,D,1,37,50,,,,,,,,,
MG,24.2,D,2,42,49,48,51,,,,,,,
MG,24.2,D,3,38,44,45,,,,,,,,
MG,24.2,D,4,43,,,,,,,,,,
MG,24.2,D,5,39,47,,,,,,,,,
MG,24.2,D,6,41,40,46,,,,,,,,
MG,25.1,A,1,5,,,,,,,,,,
MG,25.1,A,2,7,8,,,,,,,,,
MG,25.1,A,3,2,11,12,,,,,,,,
MG,25.1,A,4,9,,,,,,,,,,
MG,25.1,A,5,3,10,,,,,,,,,
MG,25.1,A,6,6,4,,,,,,,,,
MG,25.1,B,1,17,16,,,,,,,,,
MG,25.1,B,2,,,,,,,,,,,
MG,25.1,B,3,14,20,,,,,,,,,
MG,25.1,B,4,19,18,,,,,,,,,
MG,25.1,B,5,15,21,,,,,,,,,
MG,25.1,B,6,13,,,,,,,,,,
MG,25.1,C,1,25,29,,,,,,,,,
MG,25.1,C,2,28,,,,,,,,,,
MG,25.1,C,3,26,,,,,,,,,,
MG,25.1,C,4,,,,,,,,,,,
MG,25.1,C,5,22,23,,,,,,,,,
MG,25.1,C,6,24,27,30,,,,,,,,
MG,25.1,D,1,33,36,41,,,,,,,,
MG,25.1,D,2,37,43,46,,,,,,,,
MG,25.1,D,3,38,47,,,,,,,,,
MG,25.1,D,4,32,34,48,,,,,,,,
MG,25.1,D,5,39,42,45,44,,,,,,,
MG,25.1,D,6,31,40,35,49,,,,,,,
MG,25.2,A,1,2,11,13,,,,,,,,
MG,25.2,A,2,3,9,16,,,,,,,,
MG,25.2,A,3,6,,,,,,,,,,
MG,25.2,A,4,12,15,,,,,,,,,
MG,25.2,A,5,4,7,5,14,,,,,,,
MG,25.2,A,6,10,8,,,,,,,,,
MG,25.2,B,1,19,,,,,,,,,,
MG,25.2,B,2,22,23,27,,,,,,,,
MG,25.2,B,3,21,26,,,,,,,,,
MG,25.2,B,4,20,28,,,,,,,,,
MG,25.2,B,5,18,24,,,,,,,,,
MG,25.2,B,6,17,25,29,30,31,,,,,,
MG,25.2,C,1,32,40,,,,,,,,,
MG,25.2,C,2,36,41,,,,,,,,,
MG,25.2,C,3,39,43,,,,,,,,,
MG,25.2,C,4,33,38,,,,,,,,,
MG,25.2,C,5,34,42,,,,,,,,,
MG,25.2,C,6,37,35,45,44,,,,,,,
MG,25.2,D,1,50,54,55,,,,,,,,
MG,25.2,D,2,47,49,,,,,,,,,
MG,25.2,D,3,51,46,,,,,,,,,
MG,25.2,D,4,52,58,,,,,,,,,
MG,25.2,D,5,48,57,,,,,,,,,
MG,25.2,D,6,53,56,,,,,,,,,
MG,26.1,A,1,7,13,,,,,,,,,
MG,26.1,A,2,3,6,,,,,,,,,
MG,26.1,A,3,9,12,,,,,,,,,
MG,26.1,A,4,5,10,,,,,,,,,
MG,26.1,A,5,8,,,,,,,,,,
MG,26.1,A,6,2,4,11,,,,,,,,
MG,26.1,B,1,14,,,,,,,,,,
MG,26.1,B,2,16,19,,,,,,,,,
MG,26.1,B,3,20,,,,,,,,,,
MG,26.1,B,4,15,21,,,,,,,,,
MG,26.1,B,5,17,,,,,,,,,,
MG,26.1,B,6,18,22,,,,,,,,,
MG,26.1,C,1,27,29,,,,,,,,,
MG,26.1,C,2,24,31,,,,,,,,,
MG,26.1,C,3,33,26,,,,,,,,,
MG,26.1,C,4,25,30,35,,,,,,,,
MG,26.1,C,5,23,32,,,,,,,,,
MG,26.1,C,6,28,34,,,,,,,,,
MG,26.1,D,1,43,,,,,,,,,,
MG,26.1,D,2,44,,,,,,,,,,
MG,26.1,D,3,40,38,46,49,,,,,,,
MG,26.1,D,4,37,42,47,50,,,,,,,
MG,26.1,D,5,39,45,,,,,,,,,
MG,26.1,D,6,41,48,51,,,,,,,,
MG,26.2,A,1,7,6,19,,,,,,,,
MG,26.2,A,2,11,8,17,,,,,,,,
MG,26.2,A,3,12,9,16,,,,,,,,
MG,26.2,A,4,10,18,,,,,,,,,
MG,26.2,A,5,4,14,,,,,,,,,
MG,26.2,A,6,3,5,13,15,,,,,,,
MG,26.2,B,1,27,23,29,,,,,,,,
MG,26.2,B,2,24,,,,,,,,,,
MG,26.2,B,3,25,31,,,,,,,,,
MG,26.2,B,4,30,26,,,,,,,,,
MG,26.2,B,5,21,20,,,,,,,,,
MG,26.2,B,6,22,28,,,,,,,,,
MG,26.2,C,1,37,47,,,,,,,,,
MG,26.2,C,2,32,44,39,42,49,,,,,,
MG,26.2,C,3,38,33,35,43,,,,,,,
MG,26.2,C,4,45,48,,,,,,,,,
MG,26.2,C,5,41,34,36,,,,,,,,
MG,26.2,C,6,40,46,50,,,,,,,,
MG,26.2,D,1,53,58,,,,,,,,,
MG,26.2,D,2,54,51,62,,,,,,,,
MG,26.2,D,3,59,55,,,,,,,,,
MG,26.2,D,4,57,60,,,,,,,,,
MG,26.2,D,5,56,61,,,,,,,,,
MG,26.2,D,6,52,,,,,,,,,,
MG,27.1,A,1,7,11,,,,,,,,,
MG,27.1,A,2,6,,,,,,,,,,
MG,27.1,A,3,5,,,,,,,,,,
MG,27.1,A,4,8,2,,,,,,,,,
MG,27.1,A,5,3,9,,,,,,,,,
MG,27.1,A,6,4,10,12,,,,,,,,
MG,27.1,B,1,20,21,,,,,,,,,
MG,27.1,B,2,17,14,19,27,,,,,,,
MG,27.1,B,3,23,15,29,28,,,,,,,
MG,27.1,B,4,18,25,,,,,,,,,
MG,27.1,B,5,24,22,,,,,,,,,
MG,27.1,B,6,13,16,26,,,,,,,,
MG,27.1,C,1,32,37,38,,,,,,,,
MG,27.1,C,2,33,39,,,,,,,,,
MG,27.1,C,3,36,,,,,,,,,,
MG,27.1,C,4,34,43,,,,,,,,,
MG,27.1,C,5,35,40,,,,,,,,,
MG,27.1,C,6,30,31,41,42,,,,,,,
MG,27.1,D,1,45,46,,,,,,,,,
MG,27.1,D,2,44,,,,,,,,,,
MG,27.1,D,3,51,49,54,,,,,,,,
MG,27.1,D,4,50,,,,,,,,,,
MG,27.1,D,5,47,52,,,,,,,,,
MG,27.1,D,6,48,53,,,,,,,,,
MG,27.2,A,1,4,8,,,,,,,,,
MG,27.2,A,2,3,12,,,,,,,,,
MG,27.2,A,3,5,,,,,,,,,,
MG,27.2,A,4,7,9,,,,,,,,,
MG,27.2,A,5,2,10,,,,,,,,,
MG,27.2,A,6,11,6,,,,,,,,,
MG,27.2,B,1,15,,,,,,,,,,
MG,27.2,B,2,19,14,,,,,,,,,
MG,27.2,B,3,16,18,26,,,,,,,,
MG,27.2,B,4,13,21,23,24,,,,,,,
MG,27.2,B,5,20,25,,,,,,,,,
MG,27.2,B,6,22,17,,,,,,,,,
MG,27.2,C,1,34,30,,,,,,,,,
MG,27.2,C,2,31,33,,,,,,,,,
MG,27.2,C,3,29,35,,,,,,,,,
MG,27.2,C,4,32,36,,,,,,,,,
MG,27.2,C,5,27,37,,,,,,,,,
MG,27.2,C,6,28,,,,,,,,,,
MG,27.2,D,1,47,41,,,,,,,,,
MG,27.2,D,2,45,46,50,,,,,,,,
MG,27.2,D,3,42,44,51,,,,,,,,
MG,27.2,D,4,39,49,,,,,,,,,
MG,27.2,D,5,40,48,,,,,,,,,
MG,27.2,D,6,38,43,,,,,,,,,
MG,28.1,A,1,2,10,12,17,,,,,,,
MG,28.1,A,2,13,7,,,,,,,,,
MG,28.1,A,3,3,8,14,16,,,,,,,
MG,28.1,A,4,5,11,15,,,,,,,,
MG,28.1,A,5,6,,,,,,,,,,
MG,28.1,A,6,9,4,,,,,,,,,
MG,28.1,B,1,20,27,,,,,,,,,
MG,28.1,B,2,22,,,,,,,,,,
MG,28.1,B,3,18,26,28,29,,,,,,,
MG,28.1,B,4,24,23,,,,,,,,,
MG,28.1,B,5,21,,,,,,,,,,
MG,28.1,B,6,19,25,,,,,,,,,
MG,28.1,C,1,37,34,41,,,,,,,,
MG,28.1,C,2,43,36,,,,,,,,,
MG,28.1,C,3,32,35,44,,,,,,,,
MG,28.1,C,4,31,38,33,,,,,,,,
MG,28.1,C,5,40,42,,,,,,,,,
MG,28.1,C,6,30,39,,,,,,,,,
MG,28.1,D,1,45,50,51,,,,,,,,
MG,28.1,D,2,47,54,,,,,,,,,
MG,28.1,D,3,49,,,,,,,,,,
MG,28.1,D,4,48,55,,,,,,,,,
MG,28.1,D,5,52,,,,,,,,,,
MG,28.1,D,6,46,53,,,,,,,,,
MG,28.2,A,1,3,8,,,,,,,,,
MG,28.2,A,2,2,6,,,,,,,,,
MG,28.2,A,3,9,11,,,,,,,,,
MG,28.2,A,4,1,7,,,,,,,,,
MG,28.2,A,5,4,10,,,,,,,,,
MG,28.2,A,6,5,,,,,,,,,,
MG,28.2,B,1,12,22,,,,,,,,,
MG,28.2,B,2,13,23,19,18,25,,,,,,
MG,28.2,B,3,16,21,14,,,,,,,,
MG,28.2,B,4,15,20,,,,,,,,,
MG,28.2,B,5,24,,,,,,,,,,
MG,28.2,B,6,17,,,,,,,,,,
MG,28.2,C,1,29,34,,,,,,,,,
MG,28.2,C,2,28,32,35,38,,,,,,,
MG,28.2,C,3,27,37,,,,,,,,,
MG,28.2,C,4,26,31,30,,,,,,,,
MG,28.2,C,5,36,,,,,,,,,,
MG,28.2,C,6,33,,,,,,,,,,
MG,28.2,D,1,40,46,,,,,,,,,
MG,28.2,D,2,39,49,48,,,,,,,,
MG,28.2,D,3,43,47,,,,,,,,,
MG,28.2,D,4,44,45,,,,,,,,,
MG,28.2,D,5,41,,,,,,,,,,
MG,28.2,D,6,42,,,,,,,,,,
MG,29.1,A,1,12,5,8,,,,,,,,
MG,29.1,A,2,1,9,,,,,,,,,
MG,29.1,A,3,4,2,13,,,,,,,,
MG,29.1,A,4,10,11,,,,,,,,,
MG,29.1,A,5,3,7,,,,,,,,,
MG,29.1,A,6,6,,,,,,,,,,
MG,29.1,B,1,22,17,18,,,,,,,,
MG,29.1,B,2,15,24,,,,,,,,,
MG,29.1,B,3,23,25,,,,,,,,,
MG,29.1,B,4,16,21,,,,,,,,,
MG,29.1,B,5,14,20,26,,,,,,,,
MG,29.1,B,6,19,,,,,,,,,,
MG,29.1,C,1,31,35,40,,,,,,,,
MG,29.1,C,2,27,,,,,,,,,,
MG,29.1,C,3,32,29,37,,,,,,,,
MG,29.1,C,4,28,36,41,,,,,,,,
MG,29.1,C,5,33,38,,,,,,,,,
MG,29.1,C,6,30,34,39,,,,,,,,
MG,29.1,D,1,49,44,,,,,,,,,
MG,29.1,D,2,45,52,,,,,,,,,
MG,29.1,D,3,43,46,54,53,,,,,,,
MG,29.1,D,4,50,,,,,,,,,,
MG,29.1,D,5,47,51,,,,,,,,,
MG,29.1,D,6,42,48,,,,,,,,,
MG,29.2,A,1,5,14,13,,,,,,,,
MG,29.2,A,2,3,,,,,,,,,,
MG,29.2,A,3,4,9,,,,,,,,,
MG,29.2,A,4,12,8,,,,,,,,,
MG,29.2,A,5,11,,,,,,,,,,
MG,29.2,A,6,10,6,7,,,,,,,,
MG,29.2,B,1,16,25,,,,,,,,,
MG,29.2,B,2,17,,,,,,,,,,
MG,29.2,B,3,21,19,28,,,,,,,,
MG,29.2,B,4,15,27,24,30,31,,,,,,
MG,29.2,B,5,22,18,26,,,,,,,,
MG,29.2,B,6,20,23,29,,,,,,,,
MG,29.2,C,1,35,42,,,,,,,,,
MG,29.2,C,2,32,38,,,,,,,,,
MG,29.2,C,3,33,40,43,,,,,,,,
MG,29.2,C,4,37,39,,,,,,,,,
MG,29.2,C,5,34,41,44,,,,,,,,
MG,29.2,C,6,36,45,,,,,,,,,
MG,29.2,D,1,54,51,50,59,,,,,,,
MG,29.2,D,2,47,53,58,,,,,,,,
MG,29.2,D,3,49,56,,,,,,,,,
MG,29.2,D,4,48,55,60,,,,,,,,
MG,29.2,D,5,52,,,,,,,,,,
MG,29.2,D,6,46,57,,,,,,,,,
MG,30.1,A,1,2,9,,,,,,,,,
MG,30.1,A,2,4,13,,,,,,,,,
MG,30.1,A,3,7,8,,,,,,,,,
MG,30.1,A,4,3,14,,,,,,,,,
MG,30.1,A,5,5,12,10,,,,,,,,
MG,30.1,A,6,11,6,,,,,,,,,
MG,30.1,B,1,19,23,,,,,,,,,
MG,30.1,B,2,15,,,,,,,,,,
MG,30.1,B,3,18,24,,,,,,,,,
MG,30.1,B,4,21,16,25,,,,,,,,
MG,30.1,B,5,20,17,,,,,,,,,
MG,30.1,B,6,22,26,27,,,,,,,,
MG,30.1,C,1,32,34,38,,,,,,,,
MG,30.1,C,2,28,35,,,,,,,,,
MG,30.1,C,3,29,37,,,,,,,,,
MG,30.1,C,4,33,,,,,,,,,,
MG,30.1,C,5,31,39,,,,,,,,,
MG,30.1,C,6,30,36,,,,,,,,,
MG,30.1,D,1,42,49,,,,,,,,,
MG,30.1,D,2,40,46,51,,,,,,,,
MG,30.1,D,3,45,,,,,,,,,,
MG,30.1,D,4,48,50,,,,,,,,,
MG,30.1,D,5,44,47,,,,,,,,,
MG,30.1,D,6,41,43,,,,,,,,,
MG,30.2,A,1,8,13,,,,,,,,,
MG,30.2,A,2,11,6,,,,,,,,,
MG,30.2,A,3,9,2,,,,,,,,,
MG,30.2,A,4,3,12,10,,,,,,,,
MG,30.2,A,5,7,4,,,,,,,,,
MG,30.2,A,6,5,,,,,,,,,,
MG,30.2,B,1,23,21,,,,,,,,,
MG,30.2,B,2,17,24,,,,,,,,,
MG,30.2,B,3,18,20,,,,,,,,,
MG,30.2,B,4,16,19,,,,,,,,,
MG,30.2,B,5,15,22,,,,,,,,,
MG,30.2,B,6,14,,,,,,,,,,
MG,30.2,C,1,28,38,,,,,,,,,
MG,30.2,C,2,31,37,,,,,,,,,
MG,30.2,C,3,32,33,,,,,,,,,
MG,30.2,C,4,25,27,35,,,,,,,,
MG,30.2,C,5,30,29,,,,,,,,,
MG,30.2,C,6,26,36,34,,,,,,,,
MG,30.2,D,1,49,47,,,,,,,,,
MG,30.2,D,2,43,53,51,56,,,,,,,
MG,30.2,D,3,40,44,54,,,,,,,,
MG,30.2,D,4,46,52,57,,,,,,,,
MG,30.2,D,5,42,48,,,,,,,,,
MG,30.2,D,6,45,41,50,55,,,,,,,
MG,48.2,A,1,1,,,,,,,,,,
MG,48.2,A,2,3,,,,,,,,,,
MG,48.2,A,3,2,6,,,,,,,,,
MG,48.2,A,4,4,,,,,,,,,,
MG,48.2,A,5,5,9,,,,,,,,,
MG,48.2,A,6,8,7,,,,,,,,,
MG,48.2,B,1,10,13,,,,,,,,,
MG,48.2,B,2,18,11,,,,,,,,,
MG,48.2,B,3,19,14,,,,,,,,,
MG,48.2,B,4,12,15,,,,,,,,,
MG,48.2,B,5,17,20,,,,,,,,,
MG,48.2,B,6,16,,,,,,,,,,
MG,48.2,C,1,24,,,,,,,,,,
MG,48.2,C,2,22,29,,,,,,,,,
MG,48.2,C,3,23,28,,,,,,,,,
MG,48.2,C,4,21,30,,,,,,,,,
MG,48.2,C,5,26,27,,,,,,,,,
MG,48.2,C,6,25,,,,,,,,,,
MG,48.2,D,1,32,33,,,,,,,,,
MG,48.2,D,2,31,36,39,,,,,,,,
MG,48.2,D,3,35,41,,,,,,,,,
MG,48.2,D,4,37,,,,,,,,,,
MG,48.2,D,5,34,40,,,,,,,,,
MG,48.2,D,6,42,38,,,,,,,,,
MG,49.1,A,1,14,9,15,,,,,,,,
MG,49.1,A,2,8,13,,,,,,,,,
MG,49.1,A,3,2,7,5,10,,,,,,,
MG,49.1,A,4,3,12,,,,,,,,,
MG,49.1,A,5,4,11,,,,,,,,,
MG,49.1,A,6,6,,,,,,,,,,
MG,49.1,B,1,26,25,,,,,,,,,
MG,49.1,B,2,16,17,21,28,,,,,,,
MG,49.1,B,3,22,,,,,,,,,,
MG,49.1,B,4,24,20,,,,,,,,,
MG,49.1,B,5,19,23,,,,,,,,,
MG,49.1,B,6,18,27,,,,,,,,,
MG,49.1,C,1,36,41,44,,,,,,,,
MG,49.1,C,2,31,38,,,,,,,,,
MG,49.1,C,3,33,39,42,,,,,,,,
MG,49.1,C,4,30,40,,,,,,,,,
MG,49.1,C,5,29,34,35,43,,,,,,,
MG,49.1,C,6,37,32,,,,,,,,,
MG,49.1,D,1,45,,,,,,,,,,
MG,49.1,D,2,47,57,55,,,,,,,,
MG,49.1,D,3,58,50,51,,,,,,,,
MG,49.1,D,4,46,53,52,56,,,,,,,
MG,49.1,D,5,48,54,,,,,,,,,
MG,49.1,D,6,49,,,,,,,,,,
MG,49.2,A,1,5,12,13,,,,,,,,
MG,49.2,A,2,9,19,,,,,,,,,
MG,49.2,A,3,7,20,21,,,,,,,,
MG,49.2,A,4,6,14,17,10,,,,,,,
MG,49.2,A,5,15,8,4,22,,,,,,,
MG,49.2,A,6,3,2,18,16,11,,,,,,
MG,49.2,B,1,29,,,,,,,,,,
MG,49.2,B,2,28,31,,,,,,,,,
MG,49.2,B,3,30,24,,,,,,,,,
MG,49.2,B,4,26,34,23,,,,,,,,
MG,49.2,B,5,32,25,35,36,,,,,,,
MG,49.2,B,6,33,27,,,,,,,,,
MG,49.2,C,1,37,43,,,,,,,,,
MG,49.2,C,2,42,47,,,,,,,,,
MG,49.2,C,3,44,48,,,,,,,,,
MG,49.2,C,4,41,46,38,,,,,,,,
MG,49.2,C,5,39,,,,,,,,,,
MG,49.2,C,6,40,45,,,,,,,,,
MG,49.2,D,1,53,57,,,,,,,,,
MG,49.2,D,2,60,55,,,,,,,,,
MG,49.2,D,3,56,52,,,,,,,,,
MG,49.2,D,4,49,58,62,,,,,,,,
MG,49.2,D,5,50,51,61,,,,,,,,
MG,49.2,D,6,54,59,,,,,,,,,
MG,50.1,A,1,6,10,12,,,,,,,,
MG,50.1,A,2,3,11,,,,,,,,,
MG,50.1,A,3,1,5,15,,,,,,,,
MG,50.1,A,4,8,9,,,,,,,,,
MG,50.1,A,5,4,13,,,,,,,,,
MG,50.1,A,6,2,7,14,,,,,,,,
MG,50.1,B,1,18,25,,,,,,,,,
MG,50.1,B,2,16,,,,,,,,,,
MG,50.1,B,3,17,26,23,,,,,,,,
MG,50.1,B,4,20,21,,,,,,,,,
MG,50.1,B,5,19,,,,,,,,,,
MG,50.1,B,6,24,22,27,,,,,,,,
MG,50.1,C,1,28,38,41,40,,,,,,,
MG,50.1,C,2,29,31,36,,,,,,,,
MG,50.1,C,3,33,,,,,,,,,,
MG,50.1,C,4,32,30,39,,,,,,,,
MG,50.1,C,5,35,37,,,,,,,,,
MG,50.1,C,6,34,,,,,,,,,,
MG,50.1,D,1,42,51,,,,,,,,,
MG,50.1,D,2,45,,,,,,,,,,
MG,50.1,D,3,43,55,,,,,,,,,
MG,50.1,D,4,44,53,48,49,,,,,,,
MG,50.1,D,5,54,52,46,,,,,,,,
MG,50.1,D,6,47,50,,,,,,,,,
MG,50.2,A,1,1,7,13,,,,,,,,
MG,50.2,A,2,6,5,,,,,,,,,
MG,50.2,A,3,3,10,,,,,,,,,
MG,50.2,A,4,8,,,,,,,,,,
MG,50.2,A,5,4,12,,,,,,,,,
MG,50.2,A,6,2,9,11,14,,,,,,,
MG,50.2,B,1,21,27,,,,,,,,,
MG,50.2,B,2,18,,,,,,,,,,
MG,50.2,B,3,20,25,,,,,,,,,
MG,50.2,B,4,16,19,23,28,,,,,,,
MG,50.2,B,5,17,24,,,,,,,,,
MG,50.2,B,6,22,26,,,,,,,,,
MG,50.2,C,1,29,,,,,,,,,,
MG,50.2,C,2,30,33,,,,,,,,,
MG,50.2,C,3,32,34,,,,,,,,,
MG,50.2,C,4,31,35,,,,,,,,,
MG,50.2,C,5,36,,,,,,,,,,
MG,50.2,C,6,37,,,,,,,,,,
MG,50.2,D,1,40,50,,,,,,,,,
MG,50.2,D,2,38,39,51,,,,,,,,
MG,50.2,D,3,41,47,,,,,,,,,
MG,50.2,D,4,42,44,48,53,,,,,,,
MG,50.2,D,5,45,43,46,,,,,,,,
MG,50.2,D,6,49,52,,,,,,,,,
SP,46.1,D,6,59,58,,,,,,,,,
SP,46.1,D,5,52,66,63,67,,,,,,,
SP,46.1,D,4,47,,,,,,,,,,
SP,46.1,D,3,51,61,56,,,,,,,,
SP,46.1,D,2,50,55,65,,,,,,,,
SP,46.1,D,1,46,,,,,,,,,,
SP,46.1,C,6,37,41,43,,,,,,,,
SP,46.1,C,5,38,44,,,,,,,,,
SP,46.1,C,4,35,39,,,,,,,,,
SP,46.1,C,3,40,45,,,,,,,,,
SP,46.1,C,2,36,,,,,,,,,,
SP,46.1,C,1,34,42,,,,,,,,,
SP,46.1,B,6,29,27,32,,,,,,,,
SP,46.1,B,5,31,33,26,19,,,,,,,
SP,46.1,B,4,30,23,,,,,,,,,
SP,46.1,B,3,24,25,,,,,,,,,
SP,46.1,B,2,22,,,,,,,,,,
SP,46.1,B,1,21,,,,,,,,,,
SP,46.1,A,6,6,10,,,,,,,,,
SP,46.1,A,5,9,17,,,,,,,,,
SP,46.1,A,4,8,14,2,,,,,,,,
SP,46.1,A,3,11,12,3,18,,,,,,,
SP,46.1,A,2,4,5,15,16,,,,,,,
SP,46.1,A,1,7,13,,,,,,,,,
SP,46.2,D,6,45,44,,,,,,,,,
SP,46.2,D,5,40,46,48,53,52,,,,,,
SP,46.2,D,4,49,,,,,,,,,,
SP,46.2,D,3,41,42,51,,,,,,,,
SP,46.2,D,2,43,,,,,,,,,,
SP,46.2,D,1,39,50,47,,,,,,,,
SP,46.2,C,6,32,28,,,,,,,,,
SP,46.2,C,5,38,35,,,,,,,,,
SP,46.2,C,4,29,,,,,,,,,,
SP,46.2,C,3,30,33,37,36,,,,,,,
SP,46.2,C,2,34,,,,,,,,,,
SP,46.2,C,1,31,,,,,,,,,,
SP,46.2,B,6,16,18,,,,,,,,,
SP,46.2,B,5,15,23,25,27,,,,,,,
SP,46.2,B,4,22,,,,,,,,,,
SP,46.2,B,3,26,17,20,,,,,,,,
SP,46.2,B,2,21,,,,,,,,,,
SP,46.2,B,1,19,24,,,,,,,,,
SP,46.2,A,6,7,3,,,,,,,,,
SP,46.2,A,5,2,6,12,,,,,,,,
SP,46.2,A,4,10,,,,,,,,,,
SP,46.2,A,3,5,8,,,,,,,,,
SP,46.2,A,2,11,,,,,,,,,,
SP,46.2,A,1,9,,,,,,,,,,
SP,47.1,D,6,46,48,,,,,,,,,
SP,47.1,D,5,47,51,,,,,,,,,
SP,47.1,D,4,NA,,,,,,,,,,
SP,47.1,D,3,43,44,49,,,,,,,,
SP,47.1,D,2,42,50,,,,,,,,,
SP,47.1,D,1,45,41,,,,,,,,,
SP,47.1,C,6,32,35,36,40,,,,,,,
SP,47.1,C,5,28,34,,,,,,,,,
SP,47.1,C,4,37,,,,,,,,,,
SP,47.1,C,3,31,39,,,,,,,,,
SP,47.1,C,2,33,,,,,,,,,,
SP,47.1,C,1,29,30,38,,,,,,,,
SP,47.1,B,6,17,,,,,,,,,,
SP,47.1,B,5,21,27,,,,,,,,,
SP,47.1,B,4,20,23,,,,,,,,,
SP,47.1,B,3,19,25,,,,,,,,,
SP,47.1,B,2,18,26,,,,,,,,,
SP,47.1,B,1,22,,,,,,,,,,
SP,47.1,A,6,4,6,14,,,,,,,,
SP,47.1,A,5,2,9,,,,,,,,,
SP,47.1,A,4,11,15,,,,,,,,,
SP,47.1,A,3,5,,,,,,,,,,
SP,47.1,A,2,12,3,,,,,,,,,
SP,47.1,A,1,7,,,,,,,,,,
SP,47.2,D,6,43,51,,,,,,,,,
SP,47.2,D,5,44,,,,,,,,,,
SP,47.2,D,4,NA,,,,,,,,,,
SP,47.2,D,3,45,48,50,,,,,,,,
SP,47.2,D,2,49,46,,,,,,,,,
SP,47.2,D,1,47,,,,,,,,,,
SP,47.2,C,6,34,31,,,,,,,,,
SP,47.2,C,5,30,37,,,,,,,,,
SP,47.2,C,4,35,41,,,,,,,,,
SP,47.2,C,3,29,38,42,,,,,,,,
SP,47.2,C,2,36,33,,,,,,,,,
SP,47.2,C,1,39,32,,,,,,,,,
SP,47.2,B,6,21,,,,,,,,,,
SP,47.2,B,5,20,25,,,,,,,,,
SP,47.2,B,4,19,17,,,,,,,,,
SP,47.2,B,3,22,,,,,,,,,,
SP,47.2,B,2,16,24,27,,,,,,,,
SP,47.2,B,1,23,26,,,,,,,,,
SP,47.2,A,6,11,8,,,,,,,,,
SP,47.2,A,5,4,,,,,,,,,,
SP,47.2,A,4,12,7,,,,,,,,,
SP,47.2,A,3,5,13,,,,,,,,,
SP,47.2,A,2,6,14,,,,,,,,,
SP,47.2,A,1,9,15,,,,,,,,,
SP,48.1,D,6,56,,,,,,,,,,
SP,48.1,D,5,53,58,,,,,,,,,
SP,48.1,D,4,49,60,,,,,,,,,
SP,48.1,D,3,57,54,59,61,,,,,,,
SP,48.1,D,2,50,55,,,,,,,,,
SP,48.1,D,1,51,,,,,,,,,,
SP,48.1,C,6,35,42,48,,,,,,,,
SP,48.1,C,5,41,47,,,,,,,,,
SP,48.1,C,4,39,,,,,,,,,,
SP,48.1,C,3,40,34,45,,,,,,,,
SP,48.1,C,2,37,43,46,,,,,,,,
SP,48.1,C,1,36,38,,,,,,,,,
SP,48.1,B,6,23,28,20,,,,,,,,
SP,48.1,B,5,22,29,33,,,,,,,,
SP,48.1,B,4,19,27,31,,,,,,,,
SP,48.1,B,3,24,32,,,,,,,,,
SP,48.1,B,2,16,18,26,,,,,,,,
SP,48.1,B,1,17,21,25,30,,,,,,,
SP,48.1,A,6,6,12,,,,,,,,,
SP,48.1,A,5,5,14,,,,,,,,,
SP,48.1,A,4,3,10,,,,,,,,,
SP,48.1,A,3,9,11,,,,,,,,,
SP,48.1,A,2,8,,,,,,,,,,
SP,48.1,A,1,2,7,4,,,,,,,,
